{
	"Meta(Acqusition)": {
		"doc_id": "REPORT-edit-20056",
		"doc_category": "REPORT",
		"doc_type": "edit",
		"doc_name": "對北제재 피한 北의 돈세탁과 자금 조달 방법 상세히 적시",
		"author": null,
		"publisher": null,
		"publisher_year": null,
		"doc_origin": "월간조선"
	},
	"Meta(Refine)": {
		"passage_id": "REPORT-edit-20056-00003",
		"passage": " OFAC는 2013년 3월 대통령 행정명령 13382호에 따라 탄도미사일 및 대량 살상무기 확산 방지를 위해 조선무역은행을 특별제재 대상에 추가했다. 또한 북한이 조선무역은행을 대량살상무기 거래에 이용한다는 점을 주목하고 수사에 나섰다. 조선무역은행은 세계 각지에 비밀지점뿐만 아니라 250개의 유령회사 등을 가동해 제재를 회피한 것으로 알려졌다.\n 조선무역은행의 비밀지점이 있는 나라의 정부가 해당 유령회사들의 북한과의 관계를 감지한 경우 지속적으로 새로운 유령회사를 만들어가며 불법을 자행했다. 특히 수령인을 꾸미고자 거래계약서 같은 문서에서 고객의 정체를 거짓으로 기재하기도 했다. 내부자와 소통할 경우에도 암호로 대화했다.\n 미국 연방검찰은 2013년 3월 미국 사우스캐롤라이나주 컬럼비아에 거주하며 활동한 것으로 알려진 FTB 직원 조은희가 중국 선양에서 활동한 김동철, 리비아의 구자형, 태국의 현용일, 러시아 하바롭스크의 김경남과 리명훈, 오스트리아의 리종철 등과 비밀리 연락을 주고받은 정황을 포착하고 수사에 나섰다.\n 이들은 본사와도 비밀 연락을 주고받으며 돈세탁뿐만 아니라 유령회사를 통해 금지물품을 구매하고 돈을 지급하는 방법으로 활동을 이어왔다. 2018년부터 다섯 차례에 걸쳐 미국의 모 회사에 33만5000달러를 북한에 있는 본사의 지시로 지급한 것으로 알려졌다. 조선무역은행으로부터 돈을 받은 미국의 회사는 공개되지 않았다. 전문가들은 이를 무기거래 가능성으로도 보고 있다.\n",
		"passage_Cnt": 730
	},
	"Annotation": {
		"summary1": "조선무역은행은 세계 각지에 비밀 지점뿐만 아니라 유령회사 등을 가동해 제재를 회피해 왔고 OFAC는 조선무역은행을 특별 제재 대상에 추가했다. ",
		"summary2": "OFAC는 2013년 3월 대통령 행정명령 13382호에 따라 탄도미사일 및 대량 살상무기 확산 방지를 위해 조선무역은행을 특별제재 대상에 추가했다. 조선무역은행은 세계 각지에 비밀지점뿐만 아니라 250개의 유령회사 등을 가동해 제재를 회피한 것으로 알려졌다.",
		"summary3": null,
		"summary_3_cnt": null
	}
}