{
	"Meta(Acqusition)": {
		"doc_id": "REPORT-edit-20015",
		"doc_category": "REPORT",
		"doc_type": "edit",
		"doc_name": "“드레스 코드 무시는 無禮와 無知의 극치”",
		"author": null,
		"publisher": null,
		"publisher_year": null,
		"doc_origin": "월간조선"
	},
	"Meta(Refine)": {
		"passage_id": "REPORT-edit-20015-00008",
		"passage": " 콤비 차림의 문재인 대통령은 한국의 대표자로 G7 정상회담에 초청됐다. 백바지를 입든, 개량 한복을 걸치든, 등이 훤히 파인 이브닝드레스를 입든 국내에서라면 그냥 넘어갈 수도 있다. 이미 연예인 경연장으로 변신한 한국 국회의 모습을 생각하면, 튀면 튈수록 큰 박수를 받을지도 모른다.\n 그러나 외국에서는 다르다. 튀는 복장을 하는 것은 연예인이나 특별한 세계에 사는 사람들이나 하는 일이다. 안정된 사회일수록, 선진국일수록 파격이 안 통한다. 더욱이 옷은 품격의 상징이다.\n 아시아인들은 드레스 코드에 무관심하고 무지하기에 더욱 조심하고 정성을 기울여야 한다. 지난 4월 16일 미일(美日)정상회담 당시 스가 요시히데(菅義偉) 총리는 넥타이를 꽉 죄지 않고 느슨하게 맸다. 이 사진이 나간 후 “다음부터는 넥타이를 느슨하게 묶지 말고 목에 붙여 꽉 죄어 매라”는 충고가 쇄도했다. 넥타이를 느슨하게 맬 경우 정확하지 않고, 뭔가 흐트러졌다는 인상을 줄 수 있기 때문이다.\n 아시아인들은 대체로 넥타이를 느슨하게 맨다. 옷도 좀 헐렁한 사이즈의 옷을 입는다. 아시아 특유의 가난이 남긴 흔적이란 생각이 든다. 어릴 때부터 몸이 클 때를 대비하거나 형제도 함께 입을 수 있게 좀 큰 옷을 입곤 했다. 필자가 어릴 때에는 중학교에 들어가면서 중3 때까지도 입을 수 있을 만한 도포 같은 교복을 입고 다니는 경우가 많았다. 그래서인지 헐렁한 옷에 익숙해진 것이다. 옷이 몸에 안 맞으면 버리고 또 새로 사는 문화가 아닌 것이다.\n",
		"passage_Cnt": 741
	},
	"Annotation": {
		"summary1": "미일 정상회담에서 넥타이를 느슨하게 맨 스가 총리는 사진이 나간 후 다음부터 넥타이를 꽉 죄어 매라는 충고가 쇄도했다.",
		"summary2": "지난 4월 16일 미일(美日)정상회담 당시 스가 요시히데(菅義偉) 총리는 넥타이를 꽉 죄지 않고 느슨하게 맸다. 이 사진이 나간 후 “다음부터는 넥타이를 느슨하게 묶지 말고 목에 붙여 꽉 죄어 매라”는 충고가 쇄도했다.",
		"summary3": null,
		"summary_3_cnt": null
	}
}