{
	"Meta(Acqusition)": {
		"doc_id": "REPORT-edit-20011",
		"doc_category": "REPORT",
		"doc_type": "edit",
		"doc_name": "이제는 ‘미확인비행물체’가 아니라 ‘실존물체’다!",
		"author": null,
		"publisher": null,
		"publisher_year": null,
		"doc_origin": "월간조선"
	},
	"Meta(Refine)": {
		"passage_id": "REPORT-edit-20011-00009",
		"passage": " 킨 기자와 인터뷰를 마무리하면서는 왜 임사체험이라는 주제에 빠지게 됐는지 궁금하다고 물었다. UFO를 연구한 사람이 임사체험과 사후세계에 빠지는 경우가 간혹 있는데 비슷한 주제로 보는지 궁금했다. 그는 “전혀 다른 주제다”라며 다음과 같이 설명했다.\n “물론 인류가 갖고 있는 풀리지 않은 미스터리라는 점에서는 비슷할 수 있다. 나는 인간이 죽음을 경험한 뒤 다시 살아났다는 이야기가 인류가 가진 중요한 의문 중 하나라고 생각한다. 인류가 가진 또 하나의 의문은 ‘이 우주에 우리밖에 없을까’라는 질문이다. 나는 UFO를 취재하며 이런 주제에도 관심을 가져왔다. 나는 ‘인간의 의식(意識)이란 무엇인가’를 다루는 책을 써보고 싶다고 생각했다.”\n 기자는 ‘임사체험을 했다는 사람들을 믿게 됐느냐’고 물었다. 그는 “그렇다고 볼 수 있다”며 “의식이라는 것이 인간의 뇌와는 따로 기능한다는 이야기들을 접하게 됐다. 뇌가 정지된다고 하더라도 의식이라는 것은 계속 유지될 수 있느냐는 질문에 대한 이야기다”라고 했다.\n 기자는 그가 쓴 책에 담긴 여러 나라 전투기 조종사들에 대해 이야기를 하다가 1980년 한국의 팬텀 전투기 조종사 네 명이 UFO를 목격하고 추격한 사례가 있다고 알려줬다. 경고사격을 고려했지만 위험할 것이라는 판단에 사격하지 않았다고 했다. 그는 웃으며 “우리 기술보다 뛰어난 물체를 향해 사격하려는 것은 현명하지 않다고 생각한다”고 했다. 그러고는 “한국 조종사들의 이야기가 외국에 소개된 적이 있느냐”고 물었다. 나는 한국 조종사들이 미국 공군에 이를 보고했는데 유사한 보고를 약 500건이나 받았다는 답변을 들었다고 한다고 말해줬다. 그는 “흥미롭다”며 한국 조종사들이 이후에도 목격한 사례가 있는지, 한국 정부에 UFO 전담 부서가 있는지, 당시 사건에 대한 공식 보고서가 있는지 등 질문을 계속 이어갔다. 기자의 질문은 그녀의 호기심이 풀린 한참 뒤에 다시 이어갈 수 있었다.\n",
		"passage_Cnt": 954
	},
	"Annotation": {
		"summary1": "킨 기자에게 임사체험을 했다는 사람들을 믿냐고 묻자 킨 기자는 그렇다고 답했다.",
		"summary2": "킨 기자와 인터뷰를 마무리하면서는 왜 임사체험이라는 주제에 빠지게 됐는지 궁금하다고 물었다. “물론 인류가 갖고 있는 풀리지 않은 미스터리라는 점에서는 비슷할 수 있다. 나는 인간이 죽음을 경험한 뒤 다시 살아났다는 이야기가 인류가 가진 중요한 의문 중 하나라고 생각한다. 인류가 가진 또 하나의 의문은 ‘이 우주에 우리밖에 없을까’라는 질문이다. 나는 UFO를 취재하며 이런 주제에도 관심을 가져왔다. 나는 ‘인간의 의식(意識)이란 무엇인가’를 다루는 책을 써보고 싶다고 생각했다.” 기자는 ‘임사체험을 했다는 사람들을 믿게 됐느냐’고 물었다. 그는 “그렇다고 볼 수 있다”며 “의식이라는 것이 인간의 뇌와는 따로 기능한다는 이야기들을 접하게 됐다. 뇌가 정지된다고 하더라도 의식이라는 것은 계속 유지될 수 있느냐는 질문에 대한 이야기다”라고 했다.",
		"summary3": null,
		"summary_3_cnt": null
	}
}