{
	"Meta(Acqusition)": {
		"doc_id": "REPORT-edit-20014",
		"doc_category": "REPORT",
		"doc_type": "edit",
		"doc_name": "日, 中이 5년 내 타이완 공격할 것으로 예측",
		"author": null,
		"publisher": null,
		"publisher_year": null,
		"doc_origin": "월간조선"
	},
	"Meta(Refine)": {
		"passage_id": "REPORT-edit-20014-00006",
		"passage": " 예전 같으면 미국이 일본의 등을 밀면서 한일 협력을 종용했을 것이다. 바이든은 그 같은 압력을 싫어한다. 아예 할 의사가 없다. 필자 판단으로는 좌파 이념과 반일로 무장한 한국의 주장이나 논리는 워싱턴에서 안 통한다. 일본의 생각에 귀를 기울이고, 기울여야만 한다는 것이 2021년 1월 바이든 행정부 출범 이후의 워싱턴 분위기다. 중국 견제를 위해 일본이 ‘절대적으로’ 필요하기 때문이다. 과거 박근혜 대통령에게는 아베 총리가 스토커처럼 비쳤지만, 현재의 스가 총리, 나아가 차기 총리가 미국의 압력으로 한국과 만날 일은 없을 것이다. 사실 일본의 등을 민다고 해도 미국이 한국으로부터 얻을 것도 없다.\n ‘안보는 미국, 경제는 중국’이라는 것이 일본의 종래 입장이었다. 집권당 자민당은 경제계의 이익을 대변하는 정당이다. 중국에서의 비즈니스를 무시할 수 없다. 일본은 이런 식으로 양다리 작전을 펼쳐왔지만, 한계에 다다랐다. 미국이 아예 법을 통해 중국과의 디커플링을 명문화했기 때문이다. 산업 전반에 걸쳐 나타나고 있지만, ‘미국과 비즈니스를 원한다면 중국과의 관계를 끊어라’는 것이 바이든의 생각이자 행동이다. 첨단 제품 소재 부품이 주된 대상이다. 반도체에서 보듯, 앞으로 미국이 금지한 상품을 중국과 거래할 경우 미국법에 의해 제재나 벌금을 부과할 수 있게 된다.\n 한국은 아직 피부로 못 느끼고 있지만, 일본은 디커플링에 관한 미국법이 얼마나 무서운 것이 될지 잘 알고 있다. 1987년 터진 도시바기계(東芝機械) 사건 때문이다. 도시바가 당시 소련에 대형선박용 프로펠러를 팔면서 터진 사건이다. 냉전 당시 자유진영의 법인 코콤(COCOM), 즉 대(對)공산권 수출통제위원회의 규제에 반하는 수출이었다. 결론은 도시바의 미국 거래 4년간 중단과 엄청난 제약이었다.\n",
		"passage_Cnt": 884
	},
	"Annotation": {
		"summary1": "중국 견제를 위해 일본이 필요하기 때문에 일본의 생각에 귀를 기울여야만 한다는 것이 바이든 행정부의 분위기다.",
		"summary2": "일본의 생각에 귀를 기울이고, 기울여야만 한다는 것이 2021년 1월 바이든 행정부 출범 이후의 워싱턴 분위기다. 중국 견제를 위해 일본이 ‘절대적으로’ 필요하기 때문이다.",
		"summary3": null,
		"summary_3_cnt": null
	}
}