{
	"Meta(Acqusition)": {
		"doc_id": "REPORT-edit-00006",
		"doc_category": "REPORT",
		"doc_type": "edit",
		"doc_name": "‘88세에도 꿈을 꾼다...태양의 열정으로’",
		"author": null,
		"publisher": null,
		"publisher_year": null,
		"doc_origin": "월간조선"
	},
	"Meta(Refine)": {
		"passage_id": "REPORT-edit-00006-00002",
		"passage": "‘풍성한 소유가 아니라 풍성한 존재가 중요해’\n인터뷰는‘공간과 시간의 울타리를 뛰어넘는 조각공원’을 걸으면서 진행했다.길에는 낙엽이 수북이 쌓여 있었고,바람에 날리던 낙엽들이 머리 위에 나비처럼 사뿐히 내려앉았다.\n“어떤 생각으로 이토록 엄청난 일을 하셨나요?”\n“제 인생의 목표는 풍성하게 소유하는 데에 있지 않고,풍성하게 존재하는 것이었습니다.”\n‘풍성한 소유가 아니라,풍성하게 존재한다.’\n이 말은 홍갑표 이사장이 하루가 열릴 때마다 새벽 묵상을 하며 기도하는 심정으로 되뇌는 좌우명(座右銘)이기도 하다.\n중남미문화원은 올해로28년이 됐다.홍 이사장은 조각품 하나하나와 대화하는 듯했다.인디오의 여인(조각품)들이 환영의 눈길을 보냈다.\n“저 조각품을 보세요.얼마나 아름답고 여유가 있습니까?”\n홍 이사장은 화가 겸 조각가인‘페르난도 보테르(Fernando Botero·90)’의‘나부(裸婦)’를 가리키면서 말했다.살이 통통하게 찐 조각품을‘아름답다’고 표현하는 것도 재미있었다.콜롬비아 작가 보테르(Botero)의 전시회에는 언제나‘뚱보들의 천국’이라는 별칭이 붙는다.\n문화(文化)는 나눔이다.\n조각 공원의 언덕길을 오르면서 홍 이사장은‘문화는 나눔’이라고 했다.나눔은 곧 행복이기 때문이란다.언덕에서 종교관을 바라봤다.아름다움을 넘어 성(聖)스러운 작은 성당이 있었다.내부로 들어가자 멕시코에서 가져온‘최후의 만찬(230cmx150cm)’이 눈에 들어왔다.성가가 잔잔하게 흘렀다.당장이라도 예배를 볼 수 있는 분위기였다.종교관의 조각품·그림은 물론 스테인드글라스와 의자까지도 중남미에서 들여왔다. ‘어떤 사람들은 작은 결혼식을 한다’고 빌려달라고 하고, ‘영화 촬영 장소로 사용하고 싶다’고 해도 거절한다.하나같이 소중한 문화재이기 때문이다.\n",
		"passage_Cnt": 868
	},
	"Annotation": {
		"summary1": "홍 이사장은 인터뷰에서 풍성한 소유가 아니라 풍성하게 존재한다고 했다.",
		"summary2": "‘풍성한 소유가 아니라,풍성하게 존재한다.’이 말은 홍갑표 이사장이 하루가 열릴 때마다 새벽 묵상을 하며 기도하는 심정으로 되뇌는 좌우명(座右銘)이기도 하다. 인터뷰는‘공간과 시간의 울타리를 뛰어넘는 조각공원’을 걸으면서 진행했다.",
		"summary3": null,
		"summary_3_cnt": null
	}
}