{
	"Meta(Acqusition)": {
		"doc_id": "REPORT-edit-20019",
		"doc_category": "REPORT",
		"doc_type": "edit",
		"doc_name": "“한국은 한국인 생각 이상으로 미국이 중시하는 나라”",
		"author": null,
		"publisher": null,
		"publisher_year": null,
		"doc_origin": "월간조선"
	},
	"Meta(Refine)": {
		"passage_id": "REPORT-edit-20019-00003",
		"passage": " ― 후쿠시마 참사만이 아니라, 글로벌 팬데믹 상황을 봐도 정부의 역할과 지도자의 결단이 중요하다.\n “미국은 후쿠시마 참사 당시 구세주(救世主)처럼 나타난 나라다. 무려 200여명에 달하는 원자력 규제위원회(NRC) 전문가가 일본에 파견돼 미국의 경험에 기초한 수많은 데이터와 어드바이스를 제공했다. 미일(美日)동맹에 기초한 신속한 협조로, NRC의 도움이 없었다면 더 큰 피해로 이어졌을 것이라고 생각한다.\n 2011년 당시 NRC를 중심으로 한, 후쿠시마 관련 일미(日美) 특별위원회가 탄생됐다. 위원회에서 미국인이 놀랐던 것은 일본 정부의 무책임한 자세였다. NRC가 방사능 오염 제거용 미국산 중화제를 일본인에게 먹여야 한다고 하자, 일본 관료 하나가 정색을 하면서 일어섰다. 그는 ‘미국산 중화제 배급에 나서겠지만, 만약 문제가 생길 경우 미국 측이 책임져야 한다’고 말했다. 전대미문(前代未聞)의 참사에 직면해서도 책임회피부터 하는 일본 정부의 자세에 대해, 회의 참석 미국인 전부가 두 손을 들었다고 한다.”\n ― 당시 후쿠시마 위기 대응 총사령탑은 어디였는가.\n “‘사건 직후’부터는, 원자력 담당 부처인 경제산업성이 총사령탑이었다. 그러나 내막으로 들어가면 달라진다. 문부성을 비롯한 다른 부처도 ‘사건 이전’의 사령탑, 즉 감독기관이었기 때문이다. 일본에서 원자력 문제는 평화적 사용 목적으로 규정하고 있다. 군(軍)이나 경찰은 원자력발전소 문제와 전혀 무관하다. 문부성은 산하에 과학기술청을 갖고 있어서 문부성이 후쿠시마 감독기관이 되어버린 것이다. 사건 이전과 이후로 나눌 때, 후쿠시마 사령탑은 전부 애매한 상태로 운영됐다.”\n",
		"passage_Cnt": 813
	},
	"Annotation": {
		"summary1": "후쿠시마 참사 당시 미국은 200여 명에 달하는 원자력 규제위원회 전문가를 파견해 많은 데이터와 어드바이스를 제공했다.",
		"summary2": "미국은 후쿠시마 참사 당시 구세주(救世主)처럼 나타난 나라다. 무려 200여명에 달하는 원자력 규제위원회(NRC) 전문가가 일본에 파견돼 미국의 경험에 기초한 수많은 데이터와 어드바이스를 제공했다.",
		"summary3": null,
		"summary_3_cnt": null
	}
}