{
	"Meta(Acqusition)": {
		"doc_id": "REPORT-edit-20021",
		"doc_category": "REPORT",
		"doc_type": "edit",
		"doc_name": "분열주의자들의 공격으로 正體性 위기에 처한 미국",
		"author": null,
		"publisher": null,
		"publisher_year": null,
		"doc_origin": "월간조선"
	},
	"Meta(Refine)": {
		"passage_id": "REPORT-edit-20021-00005",
		"passage": " 문제는 오늘날 분열주의자들이 미국 사회 거의 모든 영역을 정치화(政治化)시키고 있다는 사실이다. 과거 미국의 강점은 정치적 성향에 관계없이 미국인들이 하나 되게 만드는 문화적 상징자산을 풍부히 가지고 있다는 점이었다. 그래서 미국인들은 서로 정치 성향이 다르더라도 주말이 되면 함께 교회 또는 성당에 나가 우정을 나눴다. 또 슈퍼볼과 월드시리즈 등을 함께 관람했으며, 할리우드 영화와 심야 토크쇼 등을 보며 미국인으로서 하나 된 정체성(正體性)을 확인할 수 있었다. 하지만 분열주의적 철학이 미국의 언론·출판·문화·학계·스포츠·기업·정치권 등을 잠식해나가면서 연합주의적 세계관을 가진 평범한 미국인들은 점점 설 자리를 잃고 있다.\n 실례를 하나 들어보겠다. 분열주의로 인해 망가지고 있는 미국의 실상을 가장 노골적으로 드러내는 곳은 할리우드로 대변되는 문화 엔터테인먼트 업계다. 〈아이언맨〉 〈헐크〉 〈스파이더맨〉 〈어벤져스〉 시리즈 등으로 유명한 마블코믹스는 최근 자사의 대표적 슈퍼히어로 캐릭터인 〈캡틴 아메리카〉의 시나리오를 미국 작가 타네히시 코츠(Ta-Nehisi Coates)에게 맡겼다.\n 문제는 타네히시 코츠가 대단히 반미적(反美的)이고 분열주의적 가치관을 가진 인물이라는 사실이다. 코츠는 과거 《뉴욕매거진》과 했던 인터뷰에서 9·11테러가 발생했을 때 뉴욕 브루클린에 있는 옥상 꼭대기에 앉아서 쌍둥이빌딩이 무너져 내리는 걸 바라보며 “별 감정을 느끼지 못했다”고 회고한 바 있다.\n",
		"passage_Cnt": 729
	},
	"Annotation": {
		"summary1": "분열주의적 철학이 미국의 언론, 출판, 문화 등을 잠식해나가면서 연합주의 세계관을 가진 미국인들이 점점 설자리를 잃고 있다는 실례가 문화 엔터테인먼트 업계이다.",
		"summary2": "하지만 분열주의적 철학이 미국의 언론·출판·문화·학계·스포츠·기업·정치권 등을 잠식해나가면서 연합주의적 세계관을 가진 평범한 미국인들은 점점 설 자리를 잃고 있다. 분열주의로 인해 망가지고 있는 미국의 실상을 가장 노골적으로 드러내는 곳은 할리우드로 대변되는 문화 엔터테인먼트 업계다. 실례를 하나 들어보겠다.",
		"summary3": null,
		"summary_3_cnt": null
	}
}