{
	"Meta(Acqusition)": {
		"doc_id": "REPORT-edit-20030",
		"doc_category": "REPORT",
		"doc_type": "edit",
		"doc_name": "“정권 뒤집으려면 먼저 여론 형성하고 이데올로기 공작을 해야”(마오쩌둥)",
		"author": null,
		"publisher": null,
		"publisher_year": null,
		"doc_origin": "월간조선"
	},
	"Meta(Refine)": {
		"passage_id": "REPORT-edit-20030-00017",
		"passage": " 공산당 간부들을 ①좋은 간부 ②비교적 좋은 간부 ③엄중한 잘못이 있지만 아직 반당·반사회주의 우파분자는 아닌 간부 ④소수의 반당·반사회주의 우파분자로 나누고, 그들에게 어떻게 대응할 것인지를 규정하는 항목이다.\n 반당·반사회주의 우파분자들에 대해서는 철저하게 폭로하고, 싸워서 쓰러뜨리고, 숙청해야 하지만, 동시에 그들에게 출로를 제공하고 새로운 사람으로 거듭나게 해야 한다고 하고 있다. 아마 덩샤오핑 같은 경우는 ‘엄중한 잘못이 있지만 아직 반당·반사회주의 우파분자’는 아닌 것으로 간주되어 목숨을 건지고 재기할 수 있었지만, 류사오치는 ‘반당·반사회주의 우파분자’라는 낙인에서 벗어나지 못해 감옥에서 비참하게 죽은 게 아닌가 싶다.\n 이와 관련해서 관심을 끄는 것은 윤석열 검찰총장에 대해 현 여권(與圈)이 어떻게 보고 있을까 하는 점이다. 추미애 전 법무부 장관이 윤석열 총장을 찍어내려고 하고, 윤 총장이 그에 극렬하게 저항할 때에 윤 총장은 친문세력을 비롯한 여권의 공적(公敵)이었다. 하지만 지난 1월 18일 기자회견에서 문재인 대통령은 “윤석열 총장은 ‘문재인 정부의 검찰총장’”이라면서 “윤 총장이 정치를 염두에 두고, 정치할 생각을 하면서 검찰총장의 역할을 하고 있다고 생각하지 않는다”고 말했다. 이는 야권 대권주자로까지 거론되는 윤 총장을 살살 달래가면서 그를 적으로 돌리지 않으려는 몸짓이 아닌가 싶다.\n 물론 ‘좋은 간부’는 우리 편이니 당연히 감싸 안아야 한다. 현 정권을 위해 복무해온 이성윤 서울중앙지검장을 한사코 유임시킨 것처럼 말이다.\n",
		"passage_Cnt": 768
	},
	"Annotation": {
		"summary1": "윤 총장은 친문세력을 비롯한 여권의 공적이었으나 문 대통령이 윤 총장은 문 정부의 검찰총장이라고 달래가면서 적으로 돌리지 않으려는 몸짓을 보였다.",
		"summary2": "추미애 전 법무부 장관이 윤석열 총장을 찍어내려고 하고, 윤 총장이 그에 극렬하게 저항할 때에 윤 총장은 친문세력을 비롯한 여권의 공적(公敵)이었다. 하지만 지난 1월 18일 기자회견에서 문재인 대통령은 “윤석열 총장은 ‘문재인 정부의 검찰총장’”이라면서 “윤 총장이 정치를 염두에 두고, 정치할 생각을 하면서 검찰총장의 역할을 하고 있다고 생각하지 않는다”고 말했다. 이는 야권 대권주자로까지 거론되는 윤 총장을 살살 달래가면서 그를 적으로 돌리지 않으려는 몸짓이 아닌가 싶다.",
		"summary3": null,
		"summary_3_cnt": null
	}
}