{
	"Meta(Acqusition)": {
		"doc_id": "REPORT-edit-10017",
		"doc_category": "REPORT",
		"doc_type": "edit",
		"doc_name": "원코리아국제포럼 \"한반도 통일 후 환태평양 허브국가 만들어 '코리안 드림' 실현하자\"",
		"author": null,
		"publisher": null,
		"publisher_year": null,
		"doc_origin": "월간조선"
	},
	"Meta(Refine)": {
		"passage_id": "REPORT-edit-10017-00002",
		"passage": "그리고 문 박사는 “그 나라는 개발도상국들에게 주도적인 모델국가가 될 것”이라면서 “20세기의 비극적인 유산을 종식시키고 ‘코리안 드림’의 패러다임을 도입하려는 국가들에게 국가변혁의 가능성을 지시할 것”이라고 역설했다.\n이종걸 민족화해협력범국민협의회 대표상임의장은 “통일은 금번 대선 경쟁에서 제 1의 화두가 될 것”이라면서 진영을 떠나 국민의 존재적 기반으로서 통일을 실현하여 선대가 꿈꾸었던 완전한 독립을 함께 이루자”고 말했다.\n김영(Hon. Yong Kim) 美 의회 한국연구모임 공동의장은 “바이든 행정부의 외교정책에서 한반도의 높은 우선순위가 높다”면서 한미동맹강화뿐만 아니라 한일 동맹 강화와 긴밀한 외교적 협력 증진을 촉구했다.\n또한 김 의장은 “북한정권의 인권유린 상황을 직시하고 적극 대응하는 것만이 김정은 정권의 변화에 대한 약속을 확보하는 필수적인 것”이라면서 “최근 이산가족통일법(HRA26)이 하원을 통과해 9월 상원에서 채택되기를 기대한다”면서 “바이든 행정부에서 이 법안이 대북정책의 우선순위가 되어 자유롭고 통일된 한국을 실현하기 위해 노력하겠다”고 의지를 피력했다.\n김일윤 대한민국헌정회 회장은 한반도 통일을 위한 ‘코리안드림 프레임워크’에 대한 공감을 피력하고 \"홍익인간 정신을 통해 한민족의 정체성 회복과 새로운 통일국가에 대한 비전을 찾아 시민사회단체 및 국제적 NGO와 협력해 나가겠다”고 말했다.\n윌리엄 파커 美 동서연구소 전 CEO는 “북한의 핵보유는 한국뿐만 아니라 세계 다수 국가에 위협이기에 북핵이 해결되지 않는다면 한국뿐만 아니라 일본도 단기간 핵보유국이 될 것이고 중국 또한 핵무기 증산으로 방어능력을 강화할 것”이라며 북한 핵보유의 위기 확대를 강조했다.\n",
		"passage_Cnt": 845
	},
	"Annotation": {
		"summary1": "김 의장은 한일 동맹 강화와 긴밀한 외교적 협력 증진을 촉구했고 자유롭고 통일된 한국을 실현하기 위해 노력하겠다며 피력했다.",
		"summary2": "김영(Hon. Yong Kim) 美 의회 한국연구모임 공동의장은 “바이든 행정부의 외교정책에서 한반도의 높은 우선순위가 높다”면서 한미동맹강화뿐만 아니라 한일 동맹 강화와 긴밀한 외교적 협력 증진을 촉구했다. 또한 김 의장은 “북한정권의 인권유린 상황을 직시하고 적극 대응하는 것만이 김정은 정권의 변화에 대한 약속을 확보하는 필수적인 것”이라면서 “최근 이산가족통일법(HRA26)이 하원을 통과해 9월 상원에서 채택되기를 기대한다”면서 “바이든 행정부에서 이 법안이 대북정책의 우선순위가 되어 자유롭고 통일된 한국을 실현하기 위해 노력하겠다”고 의지를 피력했다.",
		"summary3": null,
		"summary_3_cnt": null
	}
}