{
	"Meta(Acqusition)": {
		"doc_id": "REPORT-edit-20055",
		"doc_category": "REPORT",
		"doc_type": "edit",
		"doc_name": "日 기업 자산 강제매각 時 한국총영사관 폐쇄할 수도",
		"author": null,
		"publisher": null,
		"publisher_year": null,
		"doc_origin": "월간조선"
	},
	"Meta(Refine)": {
		"passage_id": "REPORT-edit-20055-00006",
		"passage": " 그러나 2020년 가을에 벌어질 한일 갈등은 이전의 상황과 전혀 다른 변수, 아니 앞으로 계속될 상수(常數) 하나를 끼고 있다. 미중 디커플링(decoupling)이 그것이다. 미국과 중국이 단절된 채 각자의 세계로 나아가는 상황하에서 등장할 드라마가 한일갈등, 총성·포성 없는 한일전쟁이다.\n 앞서 살펴봤듯이 일본은 ‘미국 모노마네’를 통해 이미 ‘디커플링 세계’ 이후의 방향을 결정한 상태다. 중국이 러시아를 모델로 삼듯이 미국에 대한 일본의 자세는 미중 디커플링과 더불어 한층 심화될 것이다. 필자가 생각하기에 일본은 한일갈등과 미중 디커플링 문제를 수직-수평으로 연결해 대응하고 있다.\n 앞서 살펴본 후루타 교수의 ‘부한 3원칙’은 미국의 중국에 대한 디커플링 정책에 비견할 수 있다. 미중 디커플링은 서로 원해서 자연스럽게 두 개의 세계로 나눠지는 것이 아니다. 미국이 의도적으로 쪼개서, 중국과 다른 세계로 가겠다는 것이 디커플링 정책의 출발점이다. 바꿔 말하자면 중국을 미국 주도하의 글로벌 체제에서 쫓아내겠다는 것이 디커플링의 실상이다.\n 한일갈등이 심화될수록 ‘부한 3원칙’은 일본 내 상식으로 정착될 것이다. 물론 한국도 비슷한 방식의 대응에 나설 것이다. 그러나 일본은 미중 디커플링 상황을 지렛대로 하면서, 다시 말해 중국에 대한 미국의 대응을 ‘모노마네’ 하면서 한국을 대할 것이다. 팔이 어디로 굽을지 알 수 있을 것이다.\n",
		"passage_Cnt": 700
	},
	"Annotation": {
		"summary1": "일본은 미국 모노마네를 통해 디커플링 세계 이후의 방향을 결정한 상태이며 미국에 대한 일본의 자세는 미중 디커플링과 더불어 심화될 것이다.",
		"summary2": "앞서 살펴봤듯이 일본은 ‘미국 모노마네’를 통해 이미 ‘디커플링 세계’ 이후의 방향을 결정한 상태다. 중국이 러시아를 모델로 삼듯이 미국에 대한 일본의 자세는 미중 디커플링과 더불어 한층 심화될 것이다.",
		"summary3": null,
		"summary_3_cnt": null
	}
}