{
	"Meta(Acqusition)": {
		"doc_id": "REPORT-edit-20035",
		"doc_category": "REPORT",
		"doc_type": "edit",
		"doc_name": "프랑켄슈타인의 제자들과 고독한 영웅들",
		"author": null,
		"publisher": null,
		"publisher_year": null,
		"doc_origin": "월간조선"
	},
	"Meta(Refine)": {
		"passage_id": "REPORT-edit-20035-00010",
		"passage": " 2020년 11월 하순, 미국 펜실베이니아에 있는 연방항소법원(Federal appeals court)은 트럼프 측에서 이 주의 바이든 승리 인증을 저지하려고 제기한 불복 소송을 단호하게 기각, 트럼프 진영과 한국의 음모론자들에게 또 한 번의 타격을 안겼다. 판결문은 트럼프 측을 직설적으로 나무라는 훈계문에 가까웠다.\n 트럼프 측이 패소한 1심 판결에서 공화당원이기도 한 재판장(매튜 브란)은 트럼프 측 변호인의 주장을 ‘프랑켄슈타인 괴물처럼 짜깁기한 것’이라고 경멸했다. 항소심 재판장도 “당선자는 변호사가 정하는 게 아니라 투표한 사람들이 정한다”면서 이들의 항소 이유를 “증거 없는 무익(無益)한 주장”이라고 일축했다. 바이든은 이 주에서 8만1000표 차로 승리하여 선거인단 20표를 이미 확보하였다. 이 재판부 3명은 모두 트럼프 등 공화당 정부에 의하여 임명된 이들인데, 3대 0 만장일치로 기각 판결을 했다.\n 한국의 음모론자들은 미국의 법원과 법무부, 그리고 국토안보부 등 정부기관의 공식 견해를 무시한다. 정확성에선 타의 추종을 불허하는 미국 주류(主流) 언론도 믿지 않는다. 그 대신에 거짓선동을 일삼는 트럼프와 그 변호인들, 그리고 미국의 가짜뉴스 전문 유튜브나 사이트에서 온갖 음모론과 새빨간 거짓말을 직수입해 유통시키면서 트럼프의 최종승리가 멀지 않았다고 억지를 부렸다. 《뉴욕타임스》 《워싱턴포스트》, BBC·CNN 같은 영미(英美)의 주류 언론을 한 번이라도 접하면 알 일인데 굳이 음모론자들의 쓰레기통을 뒤져 황당무계한 낭설을 찾아내 살을 붙여 혹세무민하였다.\n",
		"passage_Cnt": 780
	},
	"Annotation": {
		"summary1": "2020년 11월에 트럼프 측의 불복 소송을 단호하게 기각한 연방항소법원의 판결문은 트럼프 측을 직설적으로 나무라는 훈계문에 가까웠다.",
		"summary2": "2020년 11월 하순, 미국 펜실베이니아에 있는 연방항소법원(Federal appeals court)은 트럼프 측에서 이 주의 바이든 승리 인증을 저지하려고 제기한 불복 소송을 단호하게 기각, 트럼프 진영과 한국의 음모론자들에게 또 한 번의 타격을 안겼다. 판결문은 트럼프 측을 직설적으로 나무라는 훈계문에 가까웠다.",
		"summary3": null,
		"summary_3_cnt": null
	}
}