{
	"Meta(Acqusition)": {
		"doc_id": "REPORT-edit-20057",
		"doc_category": "REPORT",
		"doc_type": "edit",
		"doc_name": "-하노이에서 김정은은 애원하며 매달렸다",
		"author": null,
		"publisher": null,
		"publisher_year": null,
		"doc_origin": "월간조선"
	},
	"Meta(Refine)": {
		"passage_id": "REPORT-edit-20057-00014",
		"passage": " 2019년 4월 11일 문재인 대통령이 백악관을 찾아 트럼프와 회담할 때 배석한 볼턴은 문재인을 유심히 관찰했는데, 기록을 남겼다. 하노이 회담 결렬 이후 남북 간 대화가 단절되었고 이 때문에 문 대통령은 걱정이 많은 듯했다. 남북관계에서 구체적 실적이 나오지 않아 햇볕정책을 선전했던 그에겐 정치적 타격이 될 수밖에 없었다.\n 볼턴은 이날 한미정상회담에서는 말을 적게 하기로 하였다. 문재인 정권이 자신을 속죄양으로 삼으려 하는 것을 잘 알기 때문이었다. 문재인은 트럼프에게 극적인 효과를 낼 수 있는 세 번째 트럼프-김정은 회담을 제안하였다. 장소로는 판문점이나 미국 선박이 좋겠다고 했다. 트럼프는 조는 듯하였는데 문재인의 독백을 차단하고 말했다. ‘문재인의 노력은 감사하지만 두 번이나 회담이 실패하는 것은 곤란하다. 한 번으로 족하다. 그러니 회담 전에 북한이 핵무기를 없앤다는 합의가 있어야 한다’는 요지의 이야기였다.\n 볼턴의 관찰평은 이렇다.\n 〈문(文)은 내용보다는 형식을 걱정했다. 그가 정말 강조하고 싶어 한 것은 자신이 김정은-트럼프 회담에 합석할 수 있다는 점이었는데, 트럼프는 정상회담 전에 북핵폐기 합의가 있어야 한다고 말함으로써 말려들지 않았다.〉\n 오찬 도중 트럼프는 한일관계를 물었고 문 대통령은 “역사문제가 두 나라의 미래에 개입하여선 안 되는데, 때때로 일본이 그렇게 한다”는 말을 했다. 볼턴은 이런 평을 붙였다.\n",
		"passage_Cnt": 702
	},
	"Annotation": {
		"summary1": "문 정권이 자신을 속죄양으로 삼으려 하는 것을 잘 알았던 볼턴은 한미정상회담에서 말을 적게 하기로 하였다.",
		"summary2": "볼턴은 이날 한미정상회담에서는 말을 적게 하기로 하였다. 문재인 정권이 자신을 속죄양으로 삼으려 하는 것을 잘 알기 때문이었다.",
		"summary3": null,
		"summary_3_cnt": null
	}
}