{
	"Meta(Acqusition)": {
		"doc_id": "REPORT-edit-20013",
		"doc_category": "REPORT",
		"doc_type": "edit",
		"doc_name": "나폴레옹은 누구에게 졌나?",
		"author": null,
		"publisher": null,
		"publisher_year": null,
		"doc_origin": "월간조선"
	},
	"Meta(Refine)": {
		"passage_id": "REPORT-edit-20013-00011",
		"passage": " 약 1만7000명의 보병이 대열을 유지하면서 동맹군을 향하여 서서히 진격하는 모습은 장엄했다. 북소리에 맞추어 ‘황제 만세!’를 부르짖으면서 거대한 인간덩어리가 뚜벅뚜벅 걸어 올라가고 있었다. 양쪽에서는 기병이 따랐다. 엄청난 물체의 관성이 적진을 자연스럽게 돌파할 것 같았다. 여기에 약점이 숨어 있었다. 프랑스 보병은 너무 소리를 지르고 있었다. 장교들의 명령이 들리지 않았다. 간밤에 온 비로 땅이 질퍽질퍽했다.\n 많은 보병은 신발이 진흙에 감겨 벗겨졌다. 맨발의 보병이 되었다. 바지에 진흙이 붙어 행군에 지장이 컸다. 밀집대형 한가운데 있는 군인들은 앞을 볼 수가 없었다. 어느 방향으로 가는지, 적이 어떻게 하고 있는지도 알 수 없었다. 이런 상태로 적진에 돌입하면 총을 쏠 수 있는 보병은 앞의 3열뿐이었다. 뒷줄 병사들은 덩어리로 엉켜 있어 장전도 발사도 할 수 없었다. 그런 공간이 나오지 않았다. 밀집대형은 포격의 좋은 표적이었다.\n 프랑스 보병이 접근하자 최전방을 지키던 네덜란드-벨기에군은 달아났다. 오후 2시30분쯤 프랑스 보병은 능선까지 올라갔다. 스코틀랜드 보병 3000명이, 능선 뒤에 숨어서 프랑스군의 접근을 기다리고 있었다. 능선을 넘은 프랑스 보병이 50보 거리로 접근했을 때 이들에게 명령이 떨어졌다. 그들은 능선으로 달려가 다가오는 프랑스 보병들을 향하여 일제 발사했다. 한 발을 발사한 다음 제2탄을 쏘려면 30초가 걸린다. 그사이 프랑스 보병이 덮치므로 제2탄 발사를 포기하고 총검에 의지하여 돌격, 백병전에 들어가는 수밖에 없었다.\n",
		"passage_Cnt": 771
	},
	"Annotation": {
		"summary1": "프랑스 군이 50보 거리로 접근하자 명령을 받은 스코틀랜드 보병들은 그들을 향해 일제 발사했다.",
		"summary2": "스코틀랜드 보병 3000명이, 능선 뒤에 숨어서 프랑스군의 접근을 기다리고 있었다. 그들은 능선으로 달려가 다가오는 프랑스 보병들을 향하여 일제 발사했다. 능선을 넘은 프랑스 보병이 50보 거리로 접근했을 때 이들에게 명령이 떨어졌다.",
		"summary3": null,
		"summary_3_cnt": null
	}
}