{
	"Meta(Acqusition)": {
		"doc_id": "REPORT-edit-00078",
		"doc_category": "REPORT",
		"doc_type": "edit",
		"doc_name": "【서봉대의 ‘되짚기’】 더불어민주당과 국민의힘, 어느 쪽이 개끗발?",
		"author": null,
		"publisher": null,
		"publisher_year": null,
		"doc_origin": "월간조선"
	},
	"Meta(Refine)": {
		"passage_id": "REPORT-edit-00078-00002",
		"passage": "이 후보의 ‘변신’에는 대선 재수에 따른 절박감이 있었지만, JP와 결국 손잡았던 대선 4수 DJ만큼 크지는 않았던 듯하다.\n앞서 대선 때만 해도 이 후보는 3김 시대 청산을 역설하며 JP 연대론을 줄곧 일축했다. 김영삼(YS) 당시 대통령까지 연대를 성사시키려 애쓴 것으로 전해졌고 참모들도 심야에 가회동 자택까지 찾아가 호소했지만 허사로 끝나버렸다.\n2012년 4월 29일 서울 한강시민공원 잠원지구에서 ‘나는꼼수다’의 용민운동회가 펼쳐졌다.\n# 2012년 4월 이명박 대통령 임기말 총선에선 민주통합당(더불어민주당 전신)이 초반 판세를 낙관하다 낭패를 당했다.\n이 대통령의 여론지지율이 측근 및 친인척 비리의혹 등으로 급락하자, 선거전 내내 정권심판론을 부각시키며 과반수 의석 확보를 자신했다. 한해 전 서울시장 보선에서 야권 연대를 통해 집권당에 승리하는 등 기세가 한껏 올라 있었던 것.\n그러나 악재들이 잇따라 터지면서 판세는 흔들리기 시작했다. 인터넷 방송 ‘나꼼수’로 유명세를 탔던 김용민 후보의 여성비하 성희롱 등 과거 방송발언이 선거 막판 공개됐던 게 결정타였던 셈. 파문 확산을 막기 위해 김 후보를 사퇴시키려 했으나 무산됐고 비난여론만 더욱 키웠다.\n선거결과 새누리당이 임기말 정권의 집권당임에도 과반수인 152석을 차지하며 승리했다. 예상밖 패배에 충격받은 민주통합당은 연말 대선에 비상이 걸렸고 결국 졌다.\n이처럼 선거판에서도 초반 끗발이 개끗발이 된 경우가 적지않다. 판세를 뒤집는 악재들이 많이 터졌고 제대로 수습하기도 어려웠기 때문이다.\n",
		"passage_Cnt": 765
	},
	"Annotation": {
		"summary1": "이 대통령의 여론 지지율이 급락하자 민주통합당은 총선에서 과반수 의석 확보를 자신했지만 악재들이 터지며 판세가 흔들렸다.",
		"summary2": "# 2012년 4월 이명박 대통령 임기말 총선에선 민주통합당(더불어민주당 전신)이 초반 판세를 낙관하다 낭패를 당했다. 이 대통령의 여론지지율이 측근 및 친인척 비리의혹 등으로 급락하자, 선거전 내내 정권심판론을 부각시키며 과반수 의석 확보를 자신했다. 그러나 악재들이 잇따라 터지면서 판세는 흔들리기 시작했다.",
		"summary3": null,
		"summary_3_cnt": null
	}
}