{
	"Meta(Acqusition)": {
		"doc_id": "REPORT-edit-20033",
		"doc_category": "REPORT",
		"doc_type": "edit",
		"doc_name": "사상 처음 하원에서 탄핵소추 두 번 당한 美 대통령",
		"author": null,
		"publisher": null,
		"publisher_year": null,
		"doc_origin": "월간조선"
	},
	"Meta(Refine)": {
		"passage_id": "REPORT-edit-20033-00001",
		"passage": "한때 최강대국 지도자의 말로가 좋지 않다. 도널드 트럼프 미국 대통령이 ‘하원에서 두 번 탄핵소추’라는 오명을 안고 퇴장하게 됐다.\n 미국 하원이 지난 1월 13일(현지시각) 도널드 트럼프 대통령에 대한 탄핵소추안을 가결했다. 미국 역사상 처음으로 하원에서 두 번 탄핵된 대통령으로 기록됐다. 하원은 이날 트럼프 대통령에 대한 내란 선동 혐의의 탄핵소추안을 찬성 232표, 반대 197표로 가결했다. 민주당 222명 전원 찬성한 가운데 공화당에서도 10명의 찬성표가 나왔다.\n 트럼프 대통령에게 제기된 혐의는 ‘내란 선동’이다. 트럼프는 지난해 11월 3일 대선 부정선거 의혹을 제기하면서 바이든 당선인이 근소하게 승리한 경합주들에서 소송을 제기하는 등 불복 행보를 이어왔다. 급기야 미국 의회가 2020년 대선 결과를 최종 확정하는 지난 1월 6일, 친(親)트럼프 시위대를 선동해 사상 초유의 의회 난입 폭동 사태를 야기했다.\n 민주당은 탄핵소추안에서 “트럼프 대통령이 미국 정부에 대한 폭력을 선동해 (탄핵소추의 요건이 되는) 중범죄 및 경범죄를 저질렀다”고 적시했다. 트럼프 대통령이 대선에서 조 바이든 대통령의 승리를 뒤집기 위해 반복적으로 허위 주장을 하고, 의회 난입 폭동 사태를 선동함으로써 미국의 국가 안보와 민주주의, 헌법을 위협했다는 것이다.\n 여론도 등을 돌린 모양이다. 미국 정치 전문 매체 ‘폴리티코’와 여론조사 기관 모닝컨설트가 의사당 점거 사태 뒤인 지난 1월 8~11일 실시한 조사에서, 트럼프 국정수행 지지율은 4년간 최저치인 34%로 나타났다. 63%가 그를 지지하지 않는다고 답했다. 이탈은 공화당원과 무당층에서 두드러졌다. 공화당원의 트럼프 지지율은 지난해 12월 83%에서 이번에 75%로 떨어졌다. 무당층의 지지는 같은 기간 38%에서 29%로 내려갔다. 공화당원 가운데 트럼프의 2024년 대선 출마에 찬성한다는 의견은 42%로, 지난해 11월 54%에서 12%포인트 떨어졌다.\n",
		"passage_Cnt": 963
	},
	"Annotation": {
		"summary1": "트럼프 대통령은 미국 역사상 처음으로 하원에서 두 번 탄핵된 대통령으로 기록됐다.",
		"summary2": "미국 하원이 지난 1월 13일(현지시각) 도널드 트럼프 대통령에 대한 탄핵소추안을 가결했다. 미국 역사상 처음으로 하원에서 두 번 탄핵된 대통령으로 기록됐다.",
		"summary3": null,
		"summary_3_cnt": null
	}
}