{
	"Meta(Acqusition)": {
		"doc_id": "REPORT-edit-20002",
		"doc_category": "REPORT",
		"doc_type": "edit",
		"doc_name": "박유미, 김유미, 그리고 유미 호건",
		"author": null,
		"publisher": null,
		"publisher_year": null,
		"doc_origin": "월간조선"
	},
	"Meta(Refine)": {
		"passage_id": "REPORT-edit-20002-00001",
		"passage": " 미국에서는 50개 주(州) 지사의 배우자도 ‘퍼스트레이디’라 불린다. 주지사의 정치적 영향력이 그만큼 세다는 뜻이다. 향후 대통령 출마 가능성이 높은 자리기도 하다. 특히 수도 워싱턴DC와 인접한 메릴랜드주는 더 그렇다. 그 주지사 관저 안방을 한국계 여성이 꿰찬 거다.\n 전남 나주시 공산면, 8남매 중 막내로 태어났다. 사랑을 듬뿍 받고 자랐다. 집은 대대로 농사를 지었다. 풍요롭진 않았지만, 끼니 걱정은 안 했다. 군대를 다녀온 큰오빠가 닭장을 지으면서 양계업을 시작하게 됐다. 동네 최초의 양계장이었다. 이후 이웃들이 하나둘 닭을 길렀다. 마을은 대단위 양계 단지가 됐다. 달걀이 귀하던 시절 계란 부침을 마음껏 먹던, 구김살 없고 당돌한 아이였다.\n ― 그 옛날 고향을 생각하면 가장 먼저 떠오르는 풍경이 뭔가요.\n “그때는 마을에 버스가 없어서 학교에 가려면 매일 십 리를 왕복으로 걸어야 했어요. 등하굣길 푸른 산과 들판, 길가에 흐드러지게 피어 있던 진달래꽃, 아카시아, 개망초, 나리꽃이 떠올라요. 가을 산의 울긋불긋한 단풍도 참 예뻤죠.”\n ― 지금의 ‘유미 호건’이 십 리 길을 걷던 ‘박유미’에게 전하고 싶은 말이 있다면요.\n “어린 시절의 추억이 얼마나 소중한지 아직은 잘 모를 거야. 지금의 아름다운 일상, 가족들과의 시간이 앞으로 수십 년 인생을 살아가는 데 커다란 동력이 될 테니 마음껏 행복해하고 꿈꿨으면 좋겠어.”\n",
		"passage_Cnt": 700
	},
	"Annotation": {
		"summary1": "미국에서는 주 지사의 배우자도 퍼스트레이디라고 불리는데 이는 주지사의 정치적 영향력이 세다는 뜻이다.",
		"summary2": "미국에서는 50개 주(州) 지사의 배우자도 ‘퍼스트레이디’라 불린다. 주지사의 정치적 영향력이 그만큼 세다는 뜻이다.",
		"summary3": null,
		"summary_3_cnt": null
	}
}