{
	"Meta(Acqusition)": {
		"doc_id": "REPORT-edit-20044",
		"doc_category": "REPORT",
		"doc_type": "edit",
		"doc_name": "전쟁도 전염된다",
		"author": null,
		"publisher": null,
		"publisher_year": null,
		"doc_origin": "월간조선"
	},
	"Meta(Refine)": {
		"passage_id": "REPORT-edit-20044-00007",
		"passage": " 아제르바이잔과 아르메니아 간 전쟁이 두 나라 사이의 전쟁 이상이 되지 않는다면 국제적 관심을 불러일으키는 데 한계가 있을 것이다. 하지만 오늘날 같은 상호 의존의 세계에서 그런 일은 있을 수 없다.\n 아르메니아가 사용한 드론이 이스라엘제라고 한다. 터키는 분쟁이 야기되는 동안 같은 터키계 민족인 아제르바이잔 편을 들었다. 터키의 이런 태도는 아르메니아인들의 분노를 야기할 수밖에 없었다. 20세기 초 오스만튀르크제국에 의해 100만명이 학살된 아르메니아인들은 터키가 다시 한 번 아르메니아인을 인종학살하려 한다고 분개한다.\n 아르메니아와 아제르바이잔은 각국이 인종적으로 순수한 독립국이지만 국경의 길이가 900km가 넘는다. 허약한 아르메니아는 이웃에 상대적인 강대국이 많다. 조지아는 옛 소련에 속했던 나라 중 하나로서 러시아가 결코 완전한 독립국의 지위를 줄 것 같지 않은 나라다. 아르메니아의 이웃에는 이란과 터키가 있다. 즉 아르메니아가 싸움을 벌일 경우 터키와 이란은 자연스럽게 개입국이 될 수 있다는 의미다. 아르메니아와 아제르바이잔의 전쟁은 이란·터키·러시아 등으로 전염될 수 있다는 말이다.\n 이런 상황을 연구한 전쟁이론이 있는데, ‘전쟁의 전염 이론(Contagion Theory of War)’이라고 한다. 학자들이 지적하는 전염성의 근본은 지리적 인접성이다.\n 우리나라 주변국들이 모두 강대국이다 보니 한국 사람들의 국제정치적 관점은 자연스레 강대국 국제정치가 되었다. 먼 곳에 있는 작은 나라의 싸움이라 우리에게는 상당히 생소하지만, 작은 전쟁일지라도 큰 전쟁에 나타나고 있는 여러 가지 요인이 나타나고 있으며 이런 전쟁은 큰 전쟁으로 비화할 수 있다는 것이 21세기의 세계 정치라고 말할 수 있다.\n",
		"passage_Cnt": 854
	},
	"Annotation": {
		"summary1": "같은 터키계 민족인 아제르바이잔 편을 들은 터키의 태도는 아르메니아인들의 분노를 야기시켰다.",
		"summary2": "터키의 이런 태도는 아르메니아인들의 분노를 야기할 수밖에 없었다. 터키는 분쟁이 야기되는 동안 같은 터키계 민족인 아제르바이잔 편을 들었다.",
		"summary3": null,
		"summary_3_cnt": null
	}
}