{
	"Meta(Acqusition)": {
		"doc_id": "REPORT-edit-00067",
		"doc_category": "REPORT",
		"doc_type": "edit",
		"doc_name": "【서봉대의 '되짚기'】 윤석열, 정치세력화에 성공할까",
		"author": null,
		"publisher": null,
		"publisher_year": null,
		"doc_origin": "월간조선"
	},
	"Meta(Refine)": {
		"passage_id": "REPORT-edit-00067-00001",
		"passage": "승부수가 먹혀들면 판세를 뒤집을 수 있지만 그러지 못할 땐 패착으로 귀결된다. 승부처를 제대로 찾아 공략해야 하는 것이다.\n바둑뿐아니라 정치에서도 그렇다. 승부수라고 던졌지만 정치적 운명은 엇갈렸다.\n# 1987년 12월 대선을 앞둔 5월에는 김대중(DJ)과 김영삼(YS)이 통일민주당을 창당, 주춤했던 대통령직선제 열기를 다시 고조시켜 개헌으로 이끌었다.\n직선제개헌 투쟁을 해왔던 두 사람은 창당 몇 달 전만해도 정치적으로 비상상황에 내몰렸다. 정치활동 규제에 묶였던 자신들을 대신해 신민당을 이끌었던 이민우 총재가 조건부로 내각제 수용가능성을 언급, 당내 논란을 확산시켰고 뒤이어 정부측 호헌조치까지 발표됐던 것이다.\n하지만 동교동계(DJ 정치계보)와 상도동계(YS 정치계보)라는 정치세력이 있었기에 상황 반전을 위한 승부수를 던질 수 있었다. 계파 의원들을 신민당에서 탈당시켜 제1 야당인 통일민주당을 창당, 개헌의 고삐를 다시 당겼고 6월 민주화 항쟁에 힘입어 직선제를 관철시켰던 것이다.\n1995년 6월 지방선거는 DJ가 정치권으로 복귀할 수 있는 징검다리가 됐다.\n3년전 대선 패배로 정계를 은퇴했던 DJ는 활로를 모색하다 1995년 지방선거에서 민주당을 적극 지원, 호남의 압도적인 지지는 물론 서울에서도 승리함으로써 정계복귀 결심을 굳히게 됐던 것이다. 선거 직후 정계복귀를 공식 선언했고, 민주당의 비(非)동교동계 측이 거세게 반발하자 자신의 세력을 끌어내 제1 야당인 새정치국민회의를 창당했으며 2년 뒤 대선정국에서 충청권 맹주였던 김종필(JP)과 연대, 대권을 차지하게 됐다.\n",
		"passage_Cnt": 782
	},
	"Annotation": {
		"summary1": "승부수가 먹혀들면 판세를 뒤집을 수 있지만 그렇지 못하면 패착으로 귀결되기 때문에 승부처를 제대로 찾아 공략해야 한다.",
		"summary2": "승부수가 먹혀들면 판세를 뒤집을 수 있지만 그러지 못할 땐 패착으로 귀결된다. 승부처를 제대로 찾아 공략해야 하는 것이다.",
		"summary3": null,
		"summary_3_cnt": null
	}
}