{
	"Meta(Acqusition)": {
		"doc_id": "REPORT-edit-20036",
		"doc_category": "REPORT",
		"doc_type": "edit",
		"doc_name": "“바이든의 동맹 개선 의지는 중국에 큰 고통이 될 것”",
		"author": null,
		"publisher": null,
		"publisher_year": null,
		"doc_origin": "월간조선"
	},
	"Meta(Refine)": {
		"passage_id": "REPORT-edit-20036-00005",
		"passage": " 이들은 또 바이든의 정치적 행보를 예견할 수 있는 민주당 당론(黨論)의 몇 가지 내용을 소개했다. 이 문서에는 ‘미국 제조업을 위협하는 중국에 대한 대응 방안, 신장 위구르 지역의 인권문제 개입 방안, 홍콩의 민주화와 통제에 대한 대책’ 등이 구체적으로 기술되어 있고, 바이든의 향후 정책 방안이 중국에 더 이상 호의적이지 않을 것이라고 지적하고 있다.\n 이상에서 살펴본 바와 같이 미국 대선을 둘러싼 중국 내부의 시각은 트럼프를 대신한 바이든 행정부에 대한 기대감, 바이든 행정부에 대한 지나친 낙관을 경계하는 신중론, 그리고 트럼프 체제가 비록 ‘예측하기 어려운(unpredictability)’ 점이 있지만 중국이 국제질서의 리더로 자리 잡는 데 오히려 유리할 수 있다는 트럼프 체제 옹호론 등 다양하다.\n 그런 가운데 중국 정부는 2020년 10월 말 ‘중국 14차 5개년 계획(2021~ 2025) 건의안’(이하 14.5계획)을 공식 발표했다. 향후 5년간 중국 경제의 청사진이라 할 수 있는 방안은 2025년까지의 단기계획과 함께 2035년까지의 장기적 계획을 동시에 언급하고 있다. 이처럼 단기·중장기 계획을 동시에 언급한 것은 처음이다. 이런 중국 정부의 청사진을 놓고 중국 전문가들은 중국이 조심스럽게 바이든 행정부의 가능성을 예상하고 있으며, 향후 바이든 정부의 중국 정책에 대한 대비책을 담고 있다고 분석했다.\n ‘14.5계획’의 주요 내용은 ▲질적(質的) 성장 추구 ▲이중순환(쌍순환) 경제발전 전략 추진 ▲기술자립 ▲시장개방의 확대 ▲첨단제조업 육성 ▲녹색발전 등이다.\n",
		"passage_Cnt": 781
	},
	"Annotation": {
		"summary1": "민주당 당론의 내용을 몇 가지 소개한 이 문서는 바이든의 향후 정책 방안이 중국에 더 이상 호의적이지 않을 것이라고 지적하고 있다.",
		"summary2": "이들은 또 바이든의 정치적 행보를 예견할 수 있는 민주당 당론(黨論)의 몇 가지 내용을 소개했다. 이 문서에는 ‘미국 제조업을 위협하는 중국에 대한 대응 방안, 신장 위구르 지역의 인권문제 개입 방안, 홍콩의 민주화와 통제에 대한 대책’ 등이 구체적으로 기술되어 있고, 바이든의 향후 정책 방안이 중국에 더 이상 호의적이지 않을 것이라고 지적하고 있다.",
		"summary3": null,
		"summary_3_cnt": null
	}
}