{
	"Meta(Acqusition)": {
		"doc_id": "REPORT-edit-10585",
		"doc_category": "REPORT",
		"doc_type": "edit",
		"doc_name": "빌게이츠 제치고 세계 최고 갑부된 제프 베조스는 누구?",
		"author": null,
		"publisher": null,
		"publisher_year": null,
		"doc_origin": "월간조선"
	},
	"Meta(Refine)": {
		"passage_id": "REPORT-edit-10585-00001",
		"passage": "아마존닷컴의 설립자인 제프 베조스(Jeff Bezos)가 세계 최고의 부자로 등극했다. 그의 자산은 지난 7월을 기준으로 100조원($90 billion, 발표)이다. 수 년 째 부동의 1위를 지키고 있던 마이크로소프트의 빌게이츠를 제쳤다.\n제프 베조스는 1964년 1월12일 제프리 요한슨과 테드 요한슨 사이에서 태어났다. 그를 임신했을 때 아버지는 18세, 어머니는 16세에 불과했다. 10대 부모는 적은 돈을 들고 멕시코로 떠났다. 그의 생부는 시급 $1.25를 받는 직장에서 일하며 근근이 생계를 꾸렸으나 부부간에 다툼이 잦았고, 술버릇까지 좋지 않았다. 결국 그의 어머니는 생후 17개월인 아들을 데리고 이혼했다. 이후 그녀는 베조스가 네 살 때 쿠바에서 넘어온 미구엘 베조스와 재혼을 했고, 그가 베조스를 아들로 입양했다. 제프 베조스는 유년 시절 조부모와 함께 지낸 시간이 많았다. 그는 “텍사스 근교의 조부모 집에서 풍차를 고치고, 소에 백신 주사를 놓고, 저녁이면 둘러앉아 드라마를 보면서 지냈다”고 회고했다.\n하지만 이때부터 그의 마음 속에는 뜨거운 열망이 있었다. 베조스 전기를 집필한 작가는 “그는 순탄치 않은 출생으로 인해 스스로의 존재를 증명해보여야 했다. 야망, 지식에 대한 열망, 가차없는 매정함은 이때부터 생겼고, 이것이 성공에 대한 강렬한 불씨가 됐다”고 썼다.\n베조스는 고등학교 때 ‘올 A’ 학점을 받았고, 프린스턴대로부터 입학 허가를 받았다. 대학 시절에는 물리학자를 꿈꿨다. ‘아마존’에 대한 사업 구상을 한 것은 뉴욕의 한 증권가에서 일하던 시절이었다. 베조스는 각종 언론과의 인터뷰에서 “웹 사용자가 매년 2,300% 늘고 있다는 사실을 알게 됐다. 이렇게 빨리 성장하는 산업이 있다는 것은 듣도 보고 못했었다. 수 백만권이 넘는 책을 온라인으로 팔아보면 어떨까 싶은 생각이 번득 떠올랐다”고 했다. 베조스의 나이 서른, 결혼한 지 1년 밖에 안 된 신혼이었다. 하지만 그의 아내는 안정적 직장을 때려치우고 미지의 세계로 들어가겠다는 남편에게 흔쾌히 오케이 사인을 보냈다.\n",
		"passage_Cnt": 1017
	},
	"Annotation": {
		"summary1": "아마존닷컴의 설립자인 제프 베조스가 부동의 1위를 지키던 마이크로소프트의 빌게이츠를 제치고 세계 최고 부자로 등극했다.",
		"summary2": "아마존닷컴의 설립자인 제프 베조스(Jeff Bezos)가 세계 최고의 부자로 등극했다. 수 년 째 부동의 1위를 지키고 있던 마이크로소프트의 빌게이츠를 제쳤다.",
		"summary3": null,
		"summary_3_cnt": null
	}
}