{
	"Meta(Acqusition)": {
		"doc_id": "REPORT-edit-00015",
		"doc_category": "REPORT",
		"doc_type": "edit",
		"doc_name": "【이상곤의 ‘흐름’】 예능 ‘집사부일체’로 본 윤석열과 이재명...“그들은 너무 달랐다”",
		"author": null,
		"publisher": null,
		"publisher_year": null,
		"doc_origin": "월간조선"
	},
	"Meta(Refine)": {
		"passage_id": "REPORT-edit-00015-00001",
		"passage": "이제 대선에서 예능은 대세다.코로나 시대,과거 광장과 거리에서 하던 선거 캠페인은 아예 자취를 감췄다.이제 선거운동도 과거의 관행을 되풀이하는 것은 불가능하다.거기에TV예능이 자리 잡았다.\nSBS예능프로그램‘집사부일체’는 추석을 전후한 대선주자 특집으로 대(大)히트를 쳤다.추석 전인19일에는 야당인 국민의힘1위 후보 윤석열 전 검찰총장 특집프로그램을 방영해 기존 시청률2배가 넘는 흥행을 기록했다.추석이 지난 휴일인26일에는 민주당 이재명 경기지사 녹화 분을 내보내22개월 만에 최고 시청률을 기록하는 기염을 토했다.대선주자 특집으로 한 때 프로그램 존폐가 논의됐던 집사부일체가 이 특집으로 예능 대표 프로그램이 됐다.대선 시기 집사부일체 제작진들의 발 빠른 기획 능력이 프로그램을 단번에 회생 시킨 것이다.\n덕분에 코로나 시대, TV속에서 일상의 즐거움을 찾는 시청자들에게는 대선주자들의 면면을 속속 들여다 볼 기회가 됐다.\n예능 속 윤석열과 이재명은 닮은 듯 닮지 않은 후보들 이었다.두 사람의 뒤바뀐 처지가 눈에 들어왔다. ‘검찰총장’출신으로 민주당 집권세력과 한 배를 탔던 윤석열은 어느 새 비주류 야당 후보가 돼 있었고‘소년공‘출신 비주류로 살아온 이재명은 기득권 민주당의 대선 후보가 돼 있었다.인생 공전(空轉)의 이치가 두 사람을 통해 고스란히 드러났다.\n윤석열 후보 편에서는‘쌈닭연대기’라는 코너가 있었다. ‘인간 윤석열’의 드라마틱한 인생역정이 그 코너 하나에서 그려졌다. MC이승기는 윤 후보에게“대통령만 보면 싸우고 싶은 가 봐요?”라고 물었다. 1991년 김대중 대통령 시절 경찰청 정보국장, 2003년 노무현 대통령 측근 안희정, 2008년 이명박 대통령BBK사건, 2013년 박근혜 국정원 선거개입사건, 2018년 최순실 게이트,현 정권 조국 수사까지, ‘검사 윤석열’의 권력 수사 이력이 망라됐다.\n",
		"passage_Cnt": 911
	},
	"Annotation": {
		"summary1": "SBS 예능프로그램 집사부일체의 대선주자 특집은 대선주자들의 면면을 속속 들여다볼 기회였다.",
		"summary2": "SBS예능프로그램‘집사부일체’는 추석을 전후한 대선주자 특집으로 대(大)히트를 쳤다. 덕분에 코로나 시대, TV속에서 일상의 즐거움을 찾는 시청자들에게는 대선주자들의 면면을 속속 들여다 볼 기회가 됐다.",
		"summary3": null,
		"summary_3_cnt": null
	}
}