{
	"Meta(Acqusition)": {
		"doc_id": "REPORT-edit-20057",
		"doc_category": "REPORT",
		"doc_type": "edit",
		"doc_name": "-하노이에서 김정은은 애원하며 매달렸다",
		"author": null,
		"publisher": null,
		"publisher_year": null,
		"doc_origin": "월간조선"
	},
	"Meta(Refine)": {
		"passage_id": "REPORT-edit-20057-00007",
		"passage": " 볼턴은 싱가포르 회담 이후 트럼프의 희망이 산산조각 나는 과정을 자세히 설명했다. 기고만장했던 트럼프도 “북한과 신뢰를 구축한다는 것은 말똥 같다”라고 말할 정도였다. 볼턴은 이 말이 “북한 문제에 대한 대통령의 가장 현명한 발언”이었다고 비아냥댔다.\n 2018년 7월 평양에 간 폼페이오 국무장관은 김정은도 만나지 못했다. 김영철은 핵폐기 이전에 ‘안전보장’이 있어야 한다면서 검증은 비핵화 이후에 해야 한다고 했다. 이는 미국의 ‘검증 가능하고 되돌릴 수 없는 완전한 비핵화’ 원칙과 맞지 않았을 뿐 아니라 실패한 6자회담의 합의 수준도 못 되었다. 문재인 대통령과 정의용 실장이 미국에 전해준 ‘김정은의 비핵화 의지’는 거짓이었음이 새삼 드러났다. 그 뒤 2년간 미북회담에서 ‘비핵화 프로세스’는 실무적으로 논의된 적이 없다. 비핵화의 첫 단추인 핵시설 신고는 말도 꺼내지 못했다.\n 볼턴은 “문재인 정권의 목표와 미국의 국익이 합치하지 않는다는 것도 깨닫게 되었다”고 썼다. 남북관계 개선과 통일 분위기 띄우는 것을 최우선시하는 문재인 정권은 미국이 추구하는 핵폐기 목표와 맞지 않았다. 그럼에도 볼턴은 한미 간의 균열이 드러나지 않도록 하는 데 주력했다고 썼다. 트럼프도 “이건 시간낭비야. 그들이 말하는 건 비핵화를 안 하겠다는 것이잖아”라고 불평했다. 7월 27일 실무자 회의에서 폼페이오는 “비핵화를 향해서 북한이 한 일은 없다. 성공 가능성은 제로이다”고 했다.\n",
		"passage_Cnt": 717
	},
	"Annotation": {
		"summary1": "김 씨가 핵폐기 검증은 비핵화 이후에 해야 한다고 했으며 이는 미국의 검증 가능하고 되돌릴 수 없는 완전한 비핵화 원칙과 맞지 않는다.",
		"summary2": "김영철은 핵폐기 이전에 ‘안전보장’이 있어야 한다면서 검증은 비핵화 이후에 해야 한다고 했다. 이는 미국의 ‘검증 가능하고 되돌릴 수 없는 완전한 비핵화’ 원칙과 맞지 않았을 뿐 아니라 실패한 6자회담의 합의 수준도 못 되었다.",
		"summary3": null,
		"summary_3_cnt": null
	}
}