{
	"Meta(Acqusition)": {
		"doc_id": "REPORT-edit-10602",
		"doc_category": "REPORT",
		"doc_type": "edit",
		"doc_name": "제자와의 성범죄로 세계를 충격에 빠트렸던 여교사들-제2편",
		"author": null,
		"publisher": null,
		"publisher_year": null,
		"doc_origin": "월간조선"
	},
	"Meta(Refine)": {
		"passage_id": "REPORT-edit-10602-00001",
		"passage": "6. 캐롤리나 베리만\n2015년 9월 29일 영국 일간지 《메트로》는 영국 맨체스터의 한 학교 여고사인 캐롤리나 베리만이 자신이 일대일로 수학과 영어를 지도하던 학생과 약 50여 차례 성관계를 가졌다고 보도했다. 베리만은 학생에게 수업을 지도하면서 관계가 가까워져 급기야 성관계를 하는 사이로 발전한 것으로 알려졌다. 베리만은 소년이 자신의 가족에게 얘기를 하면서 그 범죄사실이 들통 났다. 그녀는 청소년 성폭행 혐의로 징역 2년과 사회봉사 250 시간을 선고 받았다.\n7. 헝가리 여교사의 스트립쇼\n2008년 11월 3일 헝가리 유력 일간지 《넵서버첵》에 따르면 헝가리 잘라에게르세그 지역 세체니 이슈트반 직업학교에서 독일어를 가르치는 한 젊은 여교사는 최근 학내에서 열린 신입생 환영파티에서 교사들에 대한 신입생들의 장난스런 요구사항에 '스트립쇼'가 나오자 음악에 맞춰 실제로 상의를 벗고 브래지어만 한 채 열정적인 스트립 댄스를 선보인 것이다. 스트립 댄스 요구를 받은 다른 교사들은 모두 구두만 벗는데 그쳤으나 이 교사는 과감히 학생들의 희망사항을 실행했으며, 나중에는 바지까지 벗으려는 순간 다른 동료 교사의 제지를 받고서야 ‘쇼’를 중단했다. 한 학생이 휴대전화 카메라로 이 장면을 찍어 동영상 공유사이트인 유튜브에 올리면서 문제가 확산됐다. 교사의 행동에 대한 비난이 쇄도한 것. 학교 측은 징계위원회를 열고 교사 처벌을 논의했으나 파티 장소에서 신입생들의 '희망사항'을 들어준 교사를 중징계해서는 안 된다는 학생들의 여론에 일단 해고는 하지 않기로 했다.\n",
		"passage_Cnt": 767
	},
	"Annotation": {
		"summary1": "베리만은 청소년 성폭행 혐의로 징역 2년과 사회봉사 250시간을 선고 받았다.",
		"summary2": "베리만은 소년이 자신의 가족에게 얘기를 하면서 그 범죄사실이 들통 났다. 그녀는 청소년 성폭행 혐의로 징역 2년과 사회봉사 250 시간을 선고 받았다.",
		"summary3": null,
		"summary_3_cnt": null
	}
}