{
	"Meta(Acqusition)": {
		"doc_id": "REPORT-edit-10040",
		"doc_category": "REPORT",
		"doc_type": "edit",
		"doc_name": "군사쿠데타 일어난 미얀마 ... 네윈과 박정희와 전두환",
		"author": null,
		"publisher": null,
		"publisher_year": null,
		"doc_origin": "월간조선"
	},
	"Meta(Refine)": {
		"passage_id": "REPORT-edit-10040-00001",
		"passage": "미얀마(옛 이름 버마)에서 군사쿠데타가 일어났다. 미얀마군(軍) TV는 2월1일 “(집권당의) 선거 부정에 대응해 구금조치를 실행했다”면서 “군은 1년간 비상사태를 선포했다”고 공포했다. 미얀마군TV는 또 “권력이 민 아웅 흘라잉 최고사령관에게 이양됐다”고 밝혔다. 이에 앞서 AFP, 로이터 등 외신들은 아웅산 수치 미얀마 국가최고고문과 그가 이끄는 집권당 민주주의민족동맹(NLD)의 고위 인사들, 윈 민 대통령 등이 구금됐다고 보도한 바 있다.\n아웅산 수치가 이끄는 문민정부는 작년 11월 8일 총선에서도 전체 선출 의석의 83.2%를 석권하면서 압승한 후, 군부의 기득권을 보장하고 있는 현행 헌법의 개정을 추진하면서 군부와 갈등을 빚어왔다. 2015년 NLD가 총선에서 승리하기 전까지 53년간 미얀마를 지배해 온 군부는 문민정부 출범 이후에도 상·하원 의석의 4분의 1과 무력(武力)을 관장하는 국방·내무·국경 등 3개 부처 장관을 지명하는 등 막강한 권한을 가지고 있다. 또 배우자가 외국인인 경우 대통령으로 출마할 수 없도록 하는 규정을 헌법에 두어 미얀마 민주화운동의 상징인 아웅산 수치가 대선에 출마하는 것을 원천봉쇄했다 (아웅산 수치의 작고한 남편은 영국인임). NLD 정권은 작년 총선에서의 압승에 자신감을 가지고 이상의 내용을 담고 있는 현행 헌법을 개정하려다가 군부와 갈등을 빚어왔다. 군부는 작년 총선 직후부터 유권자 명부의 860만 명 정도가 실제와 다르다고 주장하면서 정부에 이에 대해 해명하라고 요구해 왔다.\n",
		"passage_Cnt": 750
	},
	"Annotation": {
		"summary1": "미얀마군TV는 권력이 최고사령관에게 이양됐다고 밝히고 미얀마 국가최고고문과 민주주의민족동맹의 고위 인사들, 대통령 등이 구금됐다고 보도했다.",
		"summary2": "미얀마군TV는 또 “권력이 민 아웅 흘라잉 최고사령관에게 이양됐다”고 밝혔다. 이에 앞서 AFP, 로이터 등 외신들은 아웅산 수치 미얀마 국가최고고문과 그가 이끄는 집권당 민주주의민족동맹(NLD)의 고위 인사들, 윈 민 대통령 등이 구금됐다고 보도한 바 있다.",
		"summary3": null,
		"summary_3_cnt": null
	}
}