{
	"Meta(Acqusition)": {
		"doc_id": "REPORT-edit-20017",
		"doc_category": "REPORT",
		"doc_type": "edit",
		"doc_name": "“한국 정부는 중국 공산당에 우호적”",
		"author": null,
		"publisher": null,
		"publisher_year": null,
		"doc_origin": "월간조선"
	},
	"Meta(Refine)": {
		"passage_id": "REPORT-edit-20017-00008",
		"passage": " ― 소냐는 어떻게 됐나요.\n “망명 자격을 인정받았고, 캐나다 영주권을 얻었어요. 토론토에 살며 중국어를 가르치고 있어요. 여전히 중국에 있는 부모님을 못 만나고 있어요. 파룬궁을 수련한 소냐의 엄마는 소냐의 증언 직후 공민증을 빼앗겼어요. 중국에선 공민증이 없으면 국내 여행을 할 수 없어요. 물론 여권도 발급받지 못하고요. 소냐는 부모님을 항상 걱정하고 있어요. 전화 도청 탓에 제대로 대화도 못 나눠요.”\n ― 중국인들은 지금도 천안문이나 파룬궁의 진실을 모르나요.\n “알 도리가 없잖아요? 인터넷 검열 시스템을 보세요. 물론 중국인들은 인터넷에 접속할 수 있어요. 중국은 북한이 아니에요. 아예 인터넷을 못 쓰도록 하기엔 너무 커요. 허용하되 특정 정보는 볼 수 없도록 검열 시스템을 설치하는 거예요.”\n ― 외국인을 통해 진실을 들을 수 있지 않나요.\n “생각해보세요. 외국인 친구 있는 사람이 전체 중국 인구에서 얼마나 되겠어요. 진실을 들어도 일부는 받아들이고 일부는 거부해요. 제 다큐에 보면 청문회에 나와서 중국 공산당을 옹호하는 중국 교민이 등장하잖아요? 자유 국가에 살아도 진실을 거부하는 거예요. 세뇌 효과를 제발 과소평가하지 마세요.”\n ― 최근에 중국을 방문한 적이 있나요.\n “저는 중국에 갈 수가 없어요. 몇 년 전에 아버지가 뇌종양 진단을 받았어요. 아버지가 보고 싶어서 토론토 중국대사관에 비자 신청을 했어요. 그러자 이상한 전화가 걸려왔어요. 저보고 불법적인 행동을 한 적이 있냐고 하는 겁니다. ‘내가 불법적인 행동을 했으면 캐나다 경찰이 체포하지 않았겠냐’고 답했어요. 직감이 왔어요. ‘이 사람들이 내가 뭘 하고 있는지, 어떤 사람인지 아는구나’.”\n",
		"passage_Cnt": 835
	},
	"Annotation": {
		"summary1": "중국에선 공민증이 없으면 국내 여행을 할 수 없는데 소냐의 증언 직후 소냐의 엄마는 공민증을 빼앗겼다.",
		"summary2": "파룬궁을 수련한 소냐의 엄마는 소냐의 증언 직후 공민증을 빼앗겼어요. 중국에선 공민증이 없으면 국내 여행을 할 수 없어요.",
		"summary3": null,
		"summary_3_cnt": null
	}
}