{
	"Meta(Acqusition)": {
		"doc_id": "REPORT-edit-20020",
		"doc_category": "REPORT",
		"doc_type": "edit",
		"doc_name": "정부 TF, “오염수 방류, 한국에 끼칠 영향 미미”(2020년 10월)",
		"author": null,
		"publisher": null,
		"publisher_year": null,
		"doc_origin": "월간조선"
	},
	"Meta(Refine)": {
		"passage_id": "REPORT-edit-20020-00003",
		"passage": " 삼중수소는 지난해 벌어진 월성 원전 부지 삼중수소 유출 논란으로 잘 알려졌다. 삼중수소가 인체에 유해하다는 이유였다. 일본의 처리수 방류를 두고 한국 정부와 언론은 오염수(처리수)에 섞인 삼중수소의 위험성을 주로 강조하고 있다.\n 한국인은 어류를 많이 섭취하는데, 인접 국가인 일본에서 삼중수소가 섞인 오염수를 방류하면 이 삼중수소가 어류를 통해 한국인의 몸에 축적되고 결국 질병으로 이어진다는 논리이다.\n 삼중수소의 유해성에 대해 서울대 의대 핵의학교실 강건욱 교수는 “삼중수소는 체외에서는 에너지가 크지 않아 피부를 뚫을 수 없어 안전하다”면서도 “체내에 흡입되었을 때는 내부 피폭을 일으킨다. 자연계에서는 대부분 물 형태로 존재해 체내에 들어오면 전신에 분포하다 (10일 정도 지나) 주로 소변으로 배설된다”고 했다. 인체에는 수십 베크렐의 삼중수소가 상존(常存)한다고 알려졌다.\n 베타선을 방출하는 삼중수소는 낮은 에너지 때문에 공기 중에서 6mm가량만 운동할 수 있다. 이 때문에 체외의 삼중수소는 큰 문제가 없다는 것이다.\n 일부 전문가들은 삼중수소의 유해성이 당장 나타나지는 않더라도 장기간 삼중수소에 노출되면 위험할 수 있다고 주장한다. 삼중수소의 반감기는 12~13년이다.\n 삼중수소는 수소폭탄의 원료로 사용되거나 발광체 등을 만드는 데 활용된다. 어두운 곳에서도 형광 시계나 비상구 표시등을 볼 수 있는 이유는 삼중수소가 방출하는 베타선이 붕괴하며 형광물질을 자극해 빛을 내도록 하기 때문이다.\n",
		"passage_Cnt": 736
	},
	"Annotation": {
		"summary1": "삼중수소는 발광체 등을 만드는 데 활용되는 데 삼중수소에 장기간 노출되면 위험할 수 있다고 일부 전문가들이 주장한다.",
		"summary2": "삼중수소는 수소폭탄의 원료로 사용되거나 발광체 등을 만드는 데 활용된다.  일부 전문가들은 삼중수소의 유해성이 당장 나타나지는 않더라도 장기간 삼중수소에 노출되면 위험할 수 있다고 주장한다.",
		"summary3": null,
		"summary_3_cnt": null
	}
}