{
	"Meta(Acqusition)": {
		"doc_id": "REPORT-edit-20022",
		"doc_category": "REPORT",
		"doc_type": "edit",
		"doc_name": "“전염병 공포 이용 정부가 주도권 잡으면서 포퓰리즘 확산”",
		"author": null,
		"publisher": null,
		"publisher_year": null,
		"doc_origin": "월간조선"
	},
	"Meta(Refine)": {
		"passage_id": "REPORT-edit-20022-00008",
		"passage": " ― 그게 중국이 패권 국가가 되느냐는 문제와 무슨 상관인가.\n “중국은 ‘결코’ (인류 공통의 윤리를 무시한 채) 전 세계를 장악할 수는 없다. 과학·기술로 아무리 앞선다고 해도 한계에 직면하게 된다. 역사 전체를 통틀어 도덕·윤리로 남을 설득하지 못하는 나라가 대(大)제국으로 발전한 경우는 없다. 사실 독일도 두 번이나 시도했지만(웃음) 실패했다.\n 미국에 대해 부정적으로 얘기하는 사람이 많지만, 독일인인 내가 보면 아직은 미국이 도덕·윤리라는 점에서 세계를 리드하고 있다. 지식인과 지도자들이 실천하는 도덕·윤리 수준이 유럽보다 훨씬 높다. 도덕·윤리에 기초해, 도덕적 진화로 나아가는 사회와 나라가 최종 승자다.”\n 가브리엘 교수에 따르면 독일 국민의 록다운 찬성 여부가 5대 5로 팽팽하다고 한다. 흥미로운 것은 독일 국민의 내면이다. 록다운에 반대하면서 록다운이 인권유린이라 생각하는 사람이 70% 정도지만, 겉으로 표현하지 못한다는 것이 가브리엘 교수의 분석이다. 인권을 강조할 경우, 전염병을 수수방관하는 것은 물론 확산시키는 ‘악(惡)’으로 지탄받을 수 있기 때문이다. 이 얘기를 듣는 순간, 도널드 트럼프 전 미국 대통령을 만들어낸 ‘샤이(Shy)’ 지지층과 같다는 느낌이 들었다.\n ― 1930년대 나치 정권 탄생 당시 나타났던 것과 흡사한 여론몰이식 ‘공기’를 통한 이성(理性) 마비 현상이 왜 21세기에 재등장했을까.\n “독일만이 아니라, 21세기 유럽이 직면한 전반적 문제점의 출발은, 국가보다는 국가에 기대는 개개인에게서 찾을 수 있다. 이 같은 상황은 바이러스 팬데믹 이전 반(半)세기 전인 1970년대부터 시작된 비극이다.\n",
		"passage_Cnt": 816
	},
	"Annotation": {
		"summary1": "도덕·윤리로 남을 설득하지 못하는 나라가 대제국으로 발전한 경우는 없기에 중국은 인류 공통의 윤리를 무시한 채 전 세계를 장악할 수 없고 한계에 직면하게 된다.",
		"summary2": "중국은 ‘결코’ (인류 공통의 윤리를 무시한 채) 전 세계를 장악할 수는 없다. 역사 전체를 통틀어 도덕·윤리로 남을 설득하지 못하는 나라가 대(大)제국으로 발전한 경우는 없다. 과학·기술로 아무리 앞선다고 해도 한계에 직면하게 된다.",
		"summary3": null,
		"summary_3_cnt": null
	}
}