{
	"Meta(Acqusition)": {
		"doc_id": "REPORT-edit-20055",
		"doc_category": "REPORT",
		"doc_type": "edit",
		"doc_name": "日 기업 자산 강제매각 時 한국총영사관 폐쇄할 수도",
		"author": null,
		"publisher": null,
		"publisher_year": null,
		"doc_origin": "월간조선"
	},
	"Meta(Refine)": {
		"passage_id": "REPORT-edit-20055-00010",
		"passage": " 이 글이 나갈 때쯤, 한국과 일본의 군사정보보호협정, 즉 지소미아(GSOMIA) 문제가 한일갈등의 소재로 재등장할 것 같다.\n 지난해와 달리 올해는 여러 가지로 다른 분위기를 느낄 수 있을 것이다. 일본은 물론 미국도 ‘애타게’ 매달리지 않을 것이다. 미중 디커플링이 심해질수록 북한 문제는 상대적으로 약화된다. 중국의 발등에 불이 떨어진 상황에서 북한이 제멋대로 나갈 수도 없다. 김정은이 막무가내로 미사일을 쏜다고 해도 ‘찻잔 속의 태풍’에 불과한 일이 될 것이다.\n 일본 입장에서도 중요한 변화 하나가 있다. 일본의 앵글로색슨 정보통합분석시스템인 ‘파이브 아이즈(Five Eyes)’ 참가가 임박한 것이다. 미국이 주도하는 ‘파이브 아이즈’는 영국·캐나다·호주·뉴질랜드에만 허용된 특별 정보협력체제다. 프랑스·독일·이스라엘도 여기에는 들어가지 못하고 있다. ‘파이브 아이즈’ 가입은 일본이 지난 수십 년간 노력해온 국가전략 차원의 염원이었다. 7월 21일 미국 하원외교위원장 톰 타젠다트는 일본의 가입으로 ‘파이브 아이즈’는 ‘식스 아이즈(Six Eyes)’로 전환될 것이라고 전망했다.\n 필자는 지난달 《월간조선》 기고에서 일본의 대한(對韓) 외교를 ‘한일 2.0외교’라고 정의했다. 2020년 일본 외교는 20세기식 ‘한국 vs 일본’ 구도를 넘어서 ‘한국 vs 일본을 포함한 전 세계’라는 구도 아래서 진행되고 있다는 것이 그 내용이었다. 일본이 한일 지소미아를 넘어 ‘식스 아이즈’로 나아가는 것은 그 좋은 예이다. 반면에 일본 기업 자산 강제매각과 함께 ‘사죄하는 아베상(像)’으로 정신승리에 취하는 나라가 한국이다.⊙\n",
		"passage_Cnt": 804
	},
	"Annotation": {
		"summary1": "미국이 주도하는 파이브 아이즈는 영국·호주·캐나다·뉴질랜드에만 허용된 특별 정보협력체제인데 일본의 참가가 임박했다.",
		"summary2": "일본의 앵글로색슨 정보통합분석시스템인 ‘파이브 아이즈(Five Eyes)’ 참가가 임박한 것이다. 미국이 주도하는 ‘파이브 아이즈’는 영국·캐나다·호주·뉴질랜드에만 허용된 특별 정보협력체제다.",
		"summary3": null,
		"summary_3_cnt": null
	}
}