{
	"Meta(Acqusition)": {
		"doc_id": "REPORT-edit-20026",
		"doc_category": "REPORT",
		"doc_type": "edit",
		"doc_name": "“북한은 그 어떤 협상에서도 한미동맹 종료에 관한 문구를 넣으려 할 것”",
		"author": null,
		"publisher": null,
		"publisher_year": null,
		"doc_origin": "월간조선"
	},
	"Meta(Refine)": {
		"passage_id": "REPORT-edit-20026-00001",
		"passage": "‘회전문(revolving door)’은 미국 워싱턴 정치문화의 특징 중 하나다. 정권이 바뀌면 다시 회전문을 통해 입성(入城) 또는 퇴성(退城)하는 정치문화다. 싱크탱크, 법률사무소(로펌), 로비회사 같은 곳은 정권 밖 충전소 또는 휴식처로 활용된다. 정권이 바뀌면 회전문을 통해 안으로 들어가는 사람도 있지만, 밖으로 나오는 요인도 많다.\n 필자는 지난 2월부터 워싱턴에 있는 친구들을 통해 도널드 트럼프 정권에서 일했던, 북한 문제 나아가 한반도와 동아시아 전체에 정통한 안보전문가를 찾아보았다. 신문이나 방송에 항상 오르내리는 귀에 익은 인물이 아닌, 실무에 강하고 현장을 지켜본 안보전문가와 만나고 싶었다. 정권이 바뀐 직후 몇 개월만 가능한 낙수(落穗)를 줍는 기분이라고 할까? 올여름쯤 이들의 재취업지가 결정되면 이들을 만나는 것은 다시 어려워진다.\n 앤서니 홈스(Anthony. W. Holmes)는 트럼프 정권이 끝나면서 국방부를 떠난 인물이다. 정치와 무관한 안보전문가로, 18년간 동아시아 정보분석관으로 활동해왔다. 전투체계 정비, 군사 활동, 정책, 국방부 정보, 연합사령부 관련 일 등을 총체적으로 행하는 팀을 이끌면서, 트럼프 정권 당시 18개 정책을 입안(立案) 평가해 백악관에 보냈다고 한다.\n 홈스가 보낸 정책 중 하나는 백악관의 북한정책 중심 골격이 되었다. 2017년 8월 트럼프가 말한 ‘화염과 분노’ 발언의 기반이 된 ‘최대한의 압력 작전(Maximum Pressure Campaign)’이라 불린 정책이 그것이다. 이는 경제 제재(制裁)를 기본으로 한 유·무형의 압력과 제재를 의미한다. 홈스는 이후 싱가포르에서 열린, 트럼프-김정은의 미북정상회담에도 참가했다. 당시 국방부 대표로 참가한 2명 중 하나이다.\n",
		"passage_Cnt": 867
	},
	"Annotation": {
		"summary1": "18년간 동아시아 정보분석관으로 활동한 앤서니는 정권이 바뀌면서 국방부를 떠난 인물이다.",
		"summary2": "정권이 바뀌면 다시 회전문을 통해 입성(入城) 또는 퇴성(退城)하는 정치문화다. 앤서니 홈스(Anthony. W. Holmes)는 트럼프 정권이 끝나면서 국방부를 떠난 인물이다. 정치와 무관한 안보전문가로, 18년간 동아시아 정보분석관으로 활동해왔다.",
		"summary3": null,
		"summary_3_cnt": null
	}
}