{
	"Meta(Acqusition)": {
		"doc_id": "REPORT-edit-00087",
		"doc_category": "REPORT",
		"doc_type": "edit",
		"doc_name": "[서봉대의 ‘되짚기’] 文 대통령은? 공직사회 기류 심상찮다",
		"author": null,
		"publisher": null,
		"publisher_year": null,
		"doc_origin": "월간조선"
	},
	"Meta(Refine)": {
		"passage_id": "REPORT-edit-00087-00001",
		"passage": "역대 대통령들은 어김없이 레임덕 (임기말 권력누수)에 빠졌다.\n친인척이나 측근들의 잇단 비리의혹이 레임덕을 초래했고 차기 대선을 의식한 집권당 후보까지 대통령을 압박하며 궁지로 몰았다. 결국 대통령이 탈당하는 지경에 이르기도 했다.\n집권 5년차인 문재인 대통령은 전철을 피해갈 수있을까?\n여당 측은 레임덕을 강하게 일축하고 있으나 여론조사를 보면 경고등은 이미 켜졌다.\n여론조사기관들은 대통령 국정운영 지지율과 관련, 40%와 30%에 주목하고 있다. 40%가 붕괴되면 정권이 흔들리고, 30%를 밑돌면 레임덕이 본격화 된단다. 과거 정권에서 20%대가 30%대로 반등한 경우도 있었지만 오래 유지되지 못하고 다시 추락했다. 정권 입장에선 30%가 최후 저지선인 셈이다.\n최근 리얼미터 여론조사에 따르면 문 대통령 지지율은 30%대로 추락한 것으로 나타났다. 대통령 측근들과 정관계 인사들의 자녀 입시비리, 부동산 투기 의혹 등 각종 비리가 불거진 상황이 크게 영향을 미쳤을 것이다. 과거 정권과 별로 다르지 않다.\n주목되는 건 공직사회가 정권에 맞서고, 이때문에 정권 파열음이 커지고 있다는 점이다. 이전 정권에서는 그다지 부각되지 않았던 모습이다.\nYS는 한보게이트와 관련해 당내 측근들의 뇌물수수 의혹이 터져 비난여론을 고조시켰고 차남 현철씨의 국정개입, 뇌물수수 등의 의혹까지 불거지면서 임기말 지지율이 한자리 수로 급락했다.\nDJ도 차남 홍업씨와 삼남 홍걸씨가 금품 수수 비리에 연루돼 구속되면서 레임덕에 휩쓸렸다. 장남 홍일씨도 노무현 정부 초기 뇌물수수 혐의로 기소되면서 ‘홍삼트리오’라는 비아냥까지 들렸다.\n",
		"passage_Cnt": 796
	},
	"Annotation": {
		"summary1": "리얼미터 여론조사에 따르면 문 대통령 지지율이 30%대로 추락했는데 여론조사기관들은 대통령 국정운영 지지율이 30%를 밑돌면 레임덕이 본격화된다고 보고 있다.",
		"summary2": "최근 리얼미터 여론조사에 따르면 문 대통령 지지율은 30%대로 추락한 것으로 나타났다. 40%가 붕괴되면 정권이 흔들리고, 30%를 밑돌면 레임덕이 본격화 된단다. 여론조사기관들은 대통령 국정운영 지지율과 관련, 40%와 30%에 주목하고 있다.",
		"summary3": null,
		"summary_3_cnt": null
	}
}