{
	"Meta(Acqusition)": {
		"doc_id": "REPORT-edit-20050",
		"doc_category": "REPORT",
		"doc_type": "edit",
		"doc_name": "“민주주의적 가치관보다 同族 개념 우선하는 건 위험”",
		"author": null,
		"publisher": null,
		"publisher_year": null,
		"doc_origin": "월간조선"
	},
	"Meta(Refine)": {
		"passage_id": "REPORT-edit-20050-00010",
		"passage": " ― 독일 통일의 원동력은 무엇일까요.\n “우선 독일 외교정책의 수월성(秀越性), 즉 미국과의 절대적인 동맹관계, 소련과의 면밀한 우호관계, 서구 진영 속으로의 치밀한 통합, 유럽연합과의 협조, 프랑스·폴란드와의 신뢰할 수 있는 협력관계 등을 꼽을 수 있습니다. 한국이 지금처럼 국제적 고립을 자초하는 행보를 계속한다면 통일은 불가능할 것입니다.\n 또 하나는 분단 후에도 지속적으로 동독과의 협력을 가능하게 했던 독일 경제의 수월성을 들 수 있습니다. 이 두 가지보다 더 중요한 것이 있습니다.”\n ― 그게 뭡니까.\n “‘통일’을 좁은 의미에서 본다면, 독일 통일은 정치적·법적·행정적·군사적으로 짧은 시간 내에 거의 완벽하게 성취되었다고 해도 과언이 아닙니다.\n 그러나 아직도 갈 길이 멉니다. 경제적·사회적·문화적·심리적으로 아직도 동·서독 사람들이 완전히 하나가 되지 못하고 있다는 것은 잘 알려져 있는 사실이지만, 특히 민주주의와 시장경제의 골자인 ‘자유’라는 가치관(價値觀)의 공유(共有)라는 점에서 그러합니다. 앞에서 말한 독일 최근세사 연구자들의 ‘대화여행’에서 나온 옛 동독인들의 볼멘소리, 즉 ‘우리는 민주주의와 자본주의 시장경제를 배운 적도 없고, 가르쳐주는 사람도 없었다’는 얘기는 새겨들을 필요가 있습니다.”\n 박성조 교수는 마지막으로 “독일 통일의 가장 큰 문제는 ‘같은 민족’이라는 기치 아래 모든 중요한 문제들을 뒤로 미루거나 등한시했다는 것”이라고 지적했다.\n",
		"passage_Cnt": 721
	},
	"Annotation": {
		"summary1": "독일의 통일은 좁은 의미에서 본다면 거의 완벽하게 성취되었다고 해도 과언이 아니지만 동·서독 사람들이 완전히 하나가 되지 못하고 있어 갈 길이 멀다.",
		"summary2": "통일’을 좁은 의미에서 본다면, 독일 통일은 정치적·법적·행정적·군사적으로 짧은 시간 내에 거의 완벽하게 성취되었다고 해도 과언이 아닙니다. 경제적·사회적·문화적·심리적으로 아직도 동·서독 사람들이 완전히 하나가 되지 못하고 있다는 것은 잘 알려져 있는 사실이지만, 특히 민주주의와 시장경제의 골자인 ‘자유’라는 가치관(價値觀)의 공유(共有)라는 점에서 그러합니다. 그러나 아직도 갈 길이 멉니다.",
		"summary3": null,
		"summary_3_cnt": null
	}
}