{
	"Meta(Acqusition)": {
		"doc_id": "REPORT-edit-20049",
		"doc_category": "REPORT",
		"doc_type": "edit",
		"doc_name": "“첫째 목표는 자유, 둘째는 평화, 재통일은 세 번째”",
		"author": null,
		"publisher": null,
		"publisher_year": null,
		"doc_origin": "월간조선"
	},
	"Meta(Refine)": {
		"passage_id": "REPORT-edit-20049-00009",
		"passage": " 1966년 12월 기민당과 사민당이라는 양대 정당이 연립정부를 구성하는 대연정(大聯政)이 출범했다. 기민당의 쿠르트 게오르크 키징거가 총리, 사민당의 빌리 브란트가 부총리 겸 외무장관을 맡았다. ‘코끼리들의 결혼’이라는 소리를 들은 대연정은 전체 하원의석 중 총 447석을 차지했다. 기민당의 연정 파트너였다가 밀려난 ‘유일 야당’ 자민당의 의석은 49석에 불과했다.\n 대연정이 출범한 것은 당시 산적해 있던 시대적 과제들을 해결하기 위해서였다. 가장 큰 과제는 그때까지도 미국·영국·프랑스 등 점령 3개국이 갖고 있던 비상사태 선포권을 넘겨받아 기본법(헌법)에 이를 명시하는 개헌(改憲)을 단행하는 것이었다. 이는 서독이 완전한 주권 회복을 위해 한 걸음 더 나아가는 것이었다. 그러나 좌파 세력, 지식인, 학생들은 압도적 다수 의석을 확보한 대연정이 나치와 같은 독재 체제를 부활시키려는 것이라며 강력히 반발했다.\n 당시 독일은 훗날 ‘문화혁명’이라고 일컫게 되는 홍역을 치르고 있었다. 1950년대 ‘라인강의 기적’ 덕분에 전후 복구를 완결 짓고 풍요를 누리게 됐지만, 그 풍요의 과실을 따 먹게 된 젊은 세대들은 부모 세대를 향해 “당신들은 히틀러가 전쟁을 일으키고 유대인들을 학살하고 있을 때 뭐 하고 있었느냐?”고 삿대질을 하기 시작한 것이다. 이 젊은이들에게 전후 서독은 나치 청산을 제대로 하지 못하고 여전히 권위주의적 적폐(積弊)들이 온존해 있는 불의(不義)한 체제였다. 기성 체제의 모순을 원색적으로 비난하는 연극이 공전의 히트를 하는가 하면, 나치 전력(前歷)이 있는 기민당 요인들이나 보수 매체에 대한 공격이 이어졌다. 하인리히 뤼브케 대통령은 나치 시대에 군사기지와 강제수용소 건설을 했던 건설회사 간부였다는 이유만으로 ‘나치’라는 공격에 시달리다가 임기 만료 전에 사임했다. 나치 시절 외무부 부국장이었던 키징거 총리도 젊은 여성으로부터 따귀를 얻어맞았다. 정신병리학자 알렉산더 미첼리히는 이러한 현상을 ‘아비 없는 사회’라고 표현했다. ‘아비 없는 사회’의 젊은이들의 불만은 결국 1968년 68사태로 폭발했다. 그 배후에는 동독의 비밀경찰 슈타지(국가안전부)의 공작이 있었다.\n",
		"passage_Cnt": 1068
	},
	"Annotation": {
		"summary1": "시대적 과제들의 해결을 위해 출범한 대연정의 가장 큰 과제는 비상사태 선포권을 넘겨받아 기본법에 명시하는 개헌을 단행하는 것이다.",
		"summary2": "대연정이 출범한 것은 당시 산적해 있던 시대적 과제들을 해결하기 위해서였다. 가장 큰 과제는 그때까지도 미국·영국·프랑스 등 점령 3개국이 갖고 있던 비상사태 선포권을 넘겨받아 기본법(헌법)에 이를 명시하는 개헌(改憲)을 단행하는 것이었다.",
		"summary3": null,
		"summary_3_cnt": null
	}
}