{
	"Meta(Acqusition)": {
		"doc_id": "REPORT-edit-20003",
		"doc_category": "REPORT",
		"doc_type": "edit",
		"doc_name": "언론의 자유 지키려 독재 정권에 맞서다",
		"author": null,
		"publisher": null,
		"publisher_year": null,
		"doc_origin": "월간조선"
	},
	"Meta(Refine)": {
		"passage_id": "REPORT-edit-20003-00002",
		"passage": " 양국 정부 모두 자국민의 노벨상 수상을 반기지 않는다. 러시아 시민사회 내에서는 야권운동가 알렉세이 나발니가 받았어야 했다는 반응도 나왔다. 나발니는 1월부터 투옥되어 있다. 무라토프도 수상 소감을 밝히며 ‘나발니가 받았어야 했다’고 덧붙였다.\n 노벨위원회는 ‘표현의 자유가 위협받고 있다’고 선정 이유를 설명했다. 노벨위원회의 베리트 레이스-안데르센 의장은 “민주주의와 언론의 자유가 점점 더 불리한 상황을 맞고 있는 세상에서 두 사람은 이상을 지키기 위해 나선 모든 언론인을 대표한다”고 말했다.\n 지난해 유네스코와 유럽의회는 언론 자유가 침식되고 있다는 보고서를 발표했다. 비영리단체 언론인 보호위원회(Committee to Protect Journalists)는 2020년에만 274명의 언론인이 투옥됐다는 통계를 발표했다. 1992년 이래 가장 많은 숫자다.\n 민주주의 지수를 평가하는 스웨덴의 민주주의 다양성 연구소(Varieties of Democracy·V-Dem)는 2020년 보고서에서 32개국에서 언론 자유가 실질적으로 후퇴하고 있다고 지적했다. 보고서는 “언론 검열과 언론에 대한 시민사회의 압력은 독재 국가로 가는 점진적인 과정의 전형적인 첫걸음”이라 표현했다.\n 언론인이 노벨평화상을 받은 건 이번이 세 번째다. 1907년엔 신문 편집인이면서 이탈리아 평화 운동 지도자였던 에르네스토 모네타가 노벨평화상을 받았다. 1935년 노벨평화상은 독일 나치 정권을 비판해 감옥에 갇힌 독일 언론인 카를 폰 오시에츠키에게 돌아갔다.⊙\n",
		"passage_Cnt": 756
	},
	"Annotation": {
		"summary1": "러시아 시민사회나 무라토프도 니발니가 노벨상을 받았어야 했다고 말했다.",
		"summary2": "러시아 시민사회 내에서는 야권운동가 알렉세이 나발니가 받았어야 했다는 반응도 나왔다. 무라토프도 수상 소감을 밝히며 ‘나발니가 받았어야 했다’고 덧붙였다. 양국 정부 모두 자국민의 노벨상 수상을 반기지 않는다.",
		"summary3": null,
		"summary_3_cnt": null
	}
}