{
	"Meta(Acqusition)": {
		"doc_id": "REPORT-edit-20035",
		"doc_category": "REPORT",
		"doc_type": "edit",
		"doc_name": "프랑켄슈타인의 제자들과 고독한 영웅들",
		"author": null,
		"publisher": null,
		"publisher_year": null,
		"doc_origin": "월간조선"
	},
	"Meta(Refine)": {
		"passage_id": "REPORT-edit-20035-00007",
		"passage": " 미국 공화당의 상하원 의원들은 트럼프에게 하이재킹(hijacking)된 신세가 되어 트럼프의 선동에 침묵했지만, 공직자들은 그런 정파성(政派性)을 초월해 국가와 헌법에 충성했다. 대통령을 견제하는 삼권분립 등의 제도도 중요하지만 핵심 자리에 있는 사람들의 용기가 미국 민주주의를 지켜냈다.\n 2020년 11월 초순 미국 국토안보부의 사이버·기간시설 보안청(사이버보안청·Cybersecurity and Infrastructure Security Agency)은 트럼프의 부정선거 주장을 정면으로 반박하는 성명서를 배포해 “이번 대선은 미국 역사상 가장 안전하게 관리되었고, 투표 시스템이 제대로 작동하지 않았다는 증거는 하나도 없다”고 밝혔다. 이 성명서는 트럼프를 지칭하지 않았지만 부정 투개표 주장을 선거관리 실무진이 반박한 셈이었다. 트럼프는 그날도 ‘개표 시스템이 트럼프를 찍은 270만 표를 지워버렸다’는 거짓말을 트위터에 올렸다. 그는 진실을 말한 죄를 물어 사이버보안청장을 해임했다.\n 사이버보안청장 크리스토퍼 크렙스는 해임된 직후 가진 CBS 인터뷰에서 “투개표 기계가 외부 세력에 의하여 조작되었다는 증거가 없다”면서 “이번 선거가 가장 공정했다”고 거듭 강조했다.\n 그는 “미국인이 던진 표는 모두 미국 내에서 계산되었다”면서 “가장 확실한 증거는 투표용지 그 자체이다”라고 말했다. 여러 주에서 재검표가 이뤄졌지만 부정 개표가 있었다는 증거는 하나도 드러나지 않았다. 이게 가장 확실한 공정관리의 증거라는 것이다.\n",
		"passage_Cnt": 747
	},
	"Annotation": {
		"summary1": "미국 공화당의 상하원 의원들은 트럼프의 선동에 침묵했지만 공직자들은 정파성을 초월해 국가와 헌법에 충성했으며 이들의 용기가 미국 민주주의를 지켜냈다.",
		"summary2": "미국 공화당의 상하원 의원들은 트럼프에게 하이재킹(hijacking)된 신세가 되어 트럼프의 선동에 침묵했지만, 공직자들은 그런 정파성(政派性)을 초월해 국가와 헌법에 충성했다. 대통령을 견제하는 삼권분립 등의 제도도 중요하지만 핵심 자리에 있는 사람들의 용기가 미국 민주주의를 지켜냈다.",
		"summary3": null,
		"summary_3_cnt": null
	}
}