{
	"Meta(Acqusition)": {
		"doc_id": "REPORT-edit-20058",
		"doc_category": "REPORT",
		"doc_type": "edit",
		"doc_name": "쇄국 외교의 한국, 글로벌 플레이어 일본",
		"author": null,
		"publisher": null,
		"publisher_year": null,
		"doc_origin": "월간조선"
	},
	"Meta(Refine)": {
		"passage_id": "REPORT-edit-20058-00012",
		"passage": " 일본 외교관의 필독서이자 동아시아 외교사의 기본이 되는 《건건록(蹇蹇錄)》이라는 책이 있다. 앞서 언급한 일본 외상 무쓰 무네미쓰의 회고록으로서 청일전쟁 당시 일본·조선·중국, 나아가 서양 열강과의 외교 전반에 관한 기록이다. 동학(東學) 봉기에서 시작된 조선의 불안과 이후 청과 일본의 출병(出兵), 전쟁 돌입과 진행, 종전(終戰)을 위한 협상 과정이 자세히 기록되어 있다.\n 이 책은 전직 고관의 자화자찬(自畵自讚)용 책이 아니다. 일본의 운명을 건 전쟁을 치르던 시기의 외상이 자신의 경험을 기록으로 남겨 후세에게 교훈으로 전하려는 목적으로 기술한 책이다. 외교 비사(秘史)가 많기 때문에 당초에는 기밀문서로 분류되었다가 1929년부터 일반인에게 공개되었다.\n 이 책은 한국인 입장에서 보면, 일방적으로 당하면서도 존재 자체가 무시당하는 부끄럽고도 비참한 내용으로 가득하다. 감정을 빼고 제3자의 눈으로 접근해보면 일본과 중국이 어떤 식으로 서로를 대하고 서양 열강은 어떤 눈으로 한반도를 평가하는지 알 수 있는 기록이다. 이 책은 19세기 말 꽉 막혔던 조선의 세계관이 21세기인 지금까지도 DNA처럼 면면히 유전(遺傳)되고 있다는 사실을 재확인해준다.\n 한국인 입장에서 볼 때 《건건록》을 통해 얻을 수 있는 교훈은 셀 수 없을 만큼 많다. 그러나 단 하나를 택하라면 주저하지 않고 떠올릴 수 있는 키워드가 하나 있다. 바로 ‘쇄국(鎖國)’이다. 20세기 이후 ‘주체론·자립론·민족론’으로 한층 더 고상하게 진화된 ‘쇄국’이란 단어가 《건건록》 전체를 관통하고 있다. 여기서 ‘쇄국’이란 세상의 중심을 한국이라고 보고, 밖을 볼 생각도 없고, 보지도 않으려는 세계관이다.\n",
		"passage_Cnt": 830
	},
	"Annotation": {
		"summary1": "일본 외상 무쓰 무네미쓰가 청일전쟁 당시의 외교 전반을 기록한 건건록은 일본 외교관의 필독서이다.",
		"summary2": "일본 외교관의 필독서이자 동아시아 외교사의 기본이 되는 《건건록(蹇蹇錄)》이라는 책이 있다. 앞서 언급한 일본 외상 무쓰 무네미쓰의 회고록으로서 청일전쟁 당시 일본·조선·중국, 나아가 서양 열강과의 외교 전반에 관한 기록이다.",
		"summary3": null,
		"summary_3_cnt": null
	}
}