{
	"Meta(Acqusition)": {
		"doc_id": "REPORT-edit-10060",
		"doc_category": "REPORT",
		"doc_type": "edit",
		"doc_name": "\"중국몽은 우리가 목숨 걸고 막아야 할 악몽\" (천영우 전 외교안보수석)",
		"author": null,
		"publisher": null,
		"publisher_year": null,
		"doc_origin": "월간조선"
	},
	"Meta(Refine)": {
		"passage_id": "REPORT-edit-10060-00005",
		"passage": "친러시아 정책의 주역이었던 민비가 일본에 살해 당한 후 1896년 고종이 러시아 공사관으로 피신 한 것은 조선의 운명을 되돌릴 수 없게 만든 결정적 패착이었습니다. 고종이 러시아 공사관에서 내린 첫 번째 어명은 갑오개혁세력을 역적으로 몰아 효수를 명한 것이었습니다. 이로서 조선의 자발적 개혁의 희망은 사라지고 일본은 전쟁을 통해서라도 러시아를 한반도에서 몰아낼 결심을 굳히게 되었습니다.\n러.일전쟁 이후 일본이 대한제국의 외교권을 강탈하기 위한 을사늑약을 강요할 때 속수무책으로 당할 수 밖에 없었던 것은 우리에게 힘이 되어줄 만한 나라들을 모조리 돌아서게 만든 외교실패에 근본 원인이 있다고 봅니다. 물론 청일전쟁과 러일전쟁에서 이겨 동아시아의 패권국가가 된 일본과 싸워서 우리가 이길 힘도 없었지만 친러 정책이 일본의 조선 침탈에 빌미를 제공하고 고립무원을 자초한 것은 부인할 수 없습니다.\n끝으로, 조선이 실존적 위기에 처했을 때 우리의 군주는 너무 무능하고 무기력하고 우유부단 했습니다. 고종은 자신의 왕권을 지키기 위해 독립협회와 만민공동회를 중심으로 한 개화파를 박해하고 망국을 자초한 우매한 군주였습니다. 27명의 조선 왕들 가운데 무능의 챔피언을 뽑으라면 임진왜란 때의 선조, 병자호란 때의 인조, 일본에 나라를 빼앗긴 고종이 치열한 경쟁을 벌이겠지만 저는 고종에게 한표 던지는 데 주저하지 않겠습니다.\n그런데 독립문이 건립 된지 123년이 지난 지금 대한민국의 모습은 어떤가요? 123년 전에 비해 국가 지도층은 더 현명해지고 국제적 대세는 더 잘 파악하고 있는 것 같습니까? 반일 근본주의와 친중 사대주의의 망령은 오히려 되살아나고 있는 것 같지 않습니까?\n",
		"passage_Cnt": 827
	},
	"Annotation": {
		"summary1": "고종이 러시아 공사관에서 내린 첫 번째 어명인 갑오개혁세력의 효수를 명한 것 때문에 조선의 자발적 개혁의 희망은 사라졌고 일본은 러시아를 한반도에서 몰아낼 결심을 굳혔다.",
		"summary2": "고종이 러시아 공사관에서 내린 첫 번째 어명은 갑오개혁세력을 역적으로 몰아 효수를 명한 것이었습니다. 이로서 조선의 자발적 개혁의 희망은 사라지고 일본은 전쟁을 통해서라도 러시아를 한반도에서 몰아낼 결심을 굳히게 되었습니다.",
		"summary3": null,
		"summary_3_cnt": null
	}
}