{
	"Meta(Acqusition)": {
		"doc_id": "REPORT-edit-20030",
		"doc_category": "REPORT",
		"doc_type": "edit",
		"doc_name": "“정권 뒤집으려면 먼저 여론 형성하고 이데올로기 공작을 해야”(마오쩌둥)",
		"author": null,
		"publisher": null,
		"publisher_year": null,
		"doc_origin": "월간조선"
	},
	"Meta(Refine)": {
		"passage_id": "REPORT-edit-20030-00010",
		"passage": " 마오쩌둥은 군부(軍部)의 지지를 이끌어내기 위해 린뱌오(林彪) 국방부장을 불러냈다. 국공내전(國共內戰)의 영웅인 린뱌오(林彪)는 1959년 루산회의를 비롯해 마오쩌둥이 밀릴 때마다 마오쩌둥의 편에 섰다. 프랑크 디쾨터는 “린뱌오는 개인적으로는 자신의 비밀 일기장에 대약진운동이 ‘환상에 기초하고 있으며 완전한 실패’라고 털어놓았을 정도로 사실상 펑더화이보다 훨씬 비판적인 입장이었다. 그럼에도 주석을 최대한 치켜세우는 것이 권력을 유지하는 최선의 방법임을 알고 있었다”고 말한다. 디쾨터에 의하면 린뱌오는 마오쩌둥에 대해 “그는 자기도취가 심하고 자신에 대한 맹목적인 믿음을 가졌으며 자신을 매우 사랑한다. 성공한 일에 대해서는 자신이 공을 차지하려 들지만 실패한 일에 대해서는 다른 사람에게 책임을 돌리려 한다”고 비판한 적도 있다고 한다. 마오쩌둥에 대한 이러한 평가는 우리가 아는 누군가의 모습과 비슷하다는 생각이 든다.\n 어쨌든 린뱌오는 8기 11중전에서 마오쩌둥을 전력으로 지원했다. 그는 “문화대혁명이 향후 6개월 동안 자산계급이든 무산계급이든 잠잘 수 없을 정도로 폭풍을 만들고 거대한 파도를 만들어서 세상을 뒤집어엎을 것”이라고 호언(豪言)했다. 이런 충성에 대한 대가로 린뱌오는 2인자 자리를 꿰찰 수 있었다.\n 그러고 8월 8일 중국공산당 중앙위원회는 ‘무산계급 문화대혁명에 관한 결정문’을 내놓았다. 문혁은 이때부터 공식적으로 ‘무산계급 문화대혁명’이라고 불리게 됐다. 약칭 ‘문혁16조’ 혹은 ‘16조’라고 불리는 이 문건은 한마디로 류사오치, 덩샤오핑 등 ‘주자파’에 대한 전쟁을 선포하는 것이자, 문혁에 대한 지침서였다. 이는 1962년 7000인 대회 이후 실권을 내놓아야 했던 마오쩌둥의 권력탈환 청사진이자, 그가 중공정권 수립 이래 계속해서 강조해온 계급투쟁, 계속혁명에 대한 비뚤어진 이상의 집대성(集大成)이기도 했다. 《인민일보》 등은 이를 즉각 사론(社論)으로 대서특필했다. 그 내용을 살펴보기로 하자.\n",
		"passage_Cnt": 975
	},
	"Annotation": {
		"summary1": "문혁16조로 불리는 무산계급 문화대혁명에 관한 결정문은 문혁에 대한 지침서이자 주자파에 대한 전쟁을 선포하는 것이었다.",
		"summary2": "그러고 8월 8일 중국공산당 중앙위원회는 ‘무산계급 문화대혁명에 관한 결정문’을 내놓았다. 약칭 ‘문혁16조’ 혹은 ‘16조’라고 불리는 이 문건은 한마디로 류사오치, 덩샤오핑 등 ‘주자파’에 대한 전쟁을 선포하는 것이자, 문혁에 대한 지침서였다.",
		"summary3": null,
		"summary_3_cnt": null
	}
}