{
	"Meta(Acqusition)": {
		"doc_id": "REPORT-edit-20020",
		"doc_category": "REPORT",
		"doc_type": "edit",
		"doc_name": "정부 TF, “오염수 방류, 한국에 끼칠 영향 미미”(2020년 10월)",
		"author": null,
		"publisher": null,
		"publisher_year": null,
		"doc_origin": "월간조선"
	},
	"Meta(Refine)": {
		"passage_id": "REPORT-edit-20020-00008",
		"passage": " 문건 마지막에는 “방사성 물질이 우리 해역에 유입될 가능성이 희박하다”는 내용이 담긴 언론 보도도 첨부했다.\n 정부부처 합동 TF가 지난해 10월 15일 작성한 이 문건에는 “국무조정실 사회조정실장이 TF를 주재하고, 원자력안전위원회(원안위), 과학기술정보통신부, 외교부, 환경부, 해양수산부 등 9개 부처 국장이 참여했다”는 내용이 적혔다. 문건 오른쪽 위에는 빨간색으로 ‘대외주의’라는 글이 있다. \n 문건이 공개되자 지난 4월 14일 총리실은 보도자료를 통해 “(해당 문건에 반영된) 관련 일부 전문가의 의견이 정부의 입장이 될 수는 없다”고 했다. 그러면서 “정부는 일본의 오염수 해양 방출 결정을 단호하게 반대하며, 국민 안전에 위해를 끼치는 어떠한 조치도 용납할 수 없다”고 했다. 문건에 등장하는 ‘전문가 의견’은 원자력 안전을 책임지는 원안위가 7차례 전문가 간담회 등을 통해 수렴한 내용이다. 2011년 10월 출범한 원안위는 원자력 안전규제를 독립적으로 담당하는 위원회로, 국무총리실 산하에 있다.\n 안병길 의원은 “정부는 과학적인 근거로 국제사회를 설득해 오염수 방류를 억제할 것이라고 했지만, 오염수 방류로 인한 우리의 피해를 과학적으로 입증하는 데는 실패했다”고 했다. 이어 “일본의 오염수 처리 계획이 국제사회로부터 인정받은 뒤에야 국제해양법재판소 제소 등을 언급하며 방류 금지 대책을 말하고 있다. 하지만 재판소가 우리 정부의 주장을 받아들일지에 대해 의문이고, 악화된 국내 여론을 무마하려는 목적이 아닌지 의심된다”고 했다. \n",
		"passage_Cnt": 760
	},
	"Annotation": {
		"summary1": "안 의원은 일본의 오염수 처리 계획에 대해 악화된 국내 여론을 무마하려는 목적이 아닌지 의심된다고 했다.",
		"summary2": "안병길 의원은 “정부는 과학적인 근거로 국제사회를 설득해 오염수 방류를 억제할 것이라고 했지만, 오염수 방류로 인한 우리의 피해를 과학적으로 입증하는 데는 실패했다”고 했다. 이어 “일본의 오염수 처리 계획이 국제사회로부터 인정받은 뒤에야 국제해양법재판소 제소 등을 언급하며 방류 금지 대책을 말하고 있다. 하지만 재판소가 우리 정부의 주장을 받아들일지에 대해 의문이고, 악화된 국내 여론을 무마하려는 목적이 아닌지 의심된다”고 했다.",
		"summary3": null,
		"summary_3_cnt": null
	}
}