{
	"Meta(Acqusition)": {
		"doc_id": "REPORT-edit-20047",
		"doc_category": "REPORT",
		"doc_type": "edit",
		"doc_name": "후원조직 만들고, 설문조사 통해 정책 개발하는 데 앞장서",
		"author": null,
		"publisher": null,
		"publisher_year": null,
		"doc_origin": "월간조선"
	},
	"Meta(Refine)": {
		"passage_id": "REPORT-edit-20047-00006",
		"passage": " 마크롱을 대통령으로 만든 가장 중요한 선거정책 중 한 가지는 풀뿌리 정책 설문조사로 불리는 ‘그랑드 마르슈(Grande Marche)’, 한국말로 ‘대행진’ 전략이다. 마크롱과 앙 마르슈 청년들은 프랑스를 진정으로 변화시키기 위해서는 많은 사람의 지지에 기반을 둔 정책을 구성해야 한다고 보았으며, 이를 위해 프랑스 전역의 국민들에게 직접 찾아가 묻고 듣기로 했다.\n 그랑드 마르슈 캠페인 전략은 하버드대학과 MIT대학 출신인 1980년대생 청년들이 기획한 것으로 2008년 미국에서 버락 오바마 대선 후보팀의 캠페인 방법을 프랑스 선거판에 적용한 것이다.\n 앙 마르슈는 사회인구통계 데이터를 토대로 방문 대상자를 정했다. 그 후 앙 마르슈의 청년 자원봉사자 5000명은 프랑스 전역으로 흩어져 각 지역 10만명의 주민에게 설문조사를 했고, 그중 2만5000명과 심층 인터뷰를 통해 국민 의견을 수집했다.\n 주요 질문으로는 ▲정치에 바라는 한 가지는 무엇인가? ▲프랑스에서 제대로 작동하는 것과 작동하지 않는 것은 무엇인가? ▲2015년 이후 가장 좋지 않았던 순간과 가장 행복했던 순간들은 언제였는가?(예: 실업/폐업/학위취득/부동산 구매 등) ▲미래에 대해 가장 염려스러운 것들이 있는가? 등이 있었다.\n 이러한 설문조사와 심층 인터뷰를 통해 프랑스 국민의 생각과 의견에 대한 방대한 데이터를 모은 앙 마르슈는 이를 분석하여 정책의 우선순위를 만들었다. 그랑드 마르슈를 통해 마크롱과 앙 마르슈는 진정으로 국민이 정치에 바라는 것은 ‘청렴성’과 ‘투명성’ ‘공약 이행’이라는 것을 알았다. 또 현재 새로운 정부에 바라는 것은 ‘교육 시스템 개혁’ ‘경제와 취업 개선’ ‘정치 개혁’이라는 것을 확인했다.\n",
		"passage_Cnt": 845
	},
	"Annotation": {
		"summary1": "마크롱과 앙 마르슈 청년들은 프랑스를 변화시키기 위해서 많은 사람의 지지에 기반을 둔 정책을 구성해야 한다고 보았으며 따라서 그의 중요한 선거정책은 그랑드 마르슈 전략이 되었다.",
		"summary2": "마크롱을 대통령으로 만든 가장 중요한 선거정책 중 한 가지는 풀뿌리 정책 설문조사로 불리는 ‘그랑드 마르슈(Grande Marche)’, 한국말로 ‘대행진’ 전략이다. 마크롱과 앙 마르슈 청년들은 프랑스를 진정으로 변화시키기 위해서는 많은 사람의 지지에 기반을 둔 정책을 구성해야 한다고 보았으며, 이를 위해 프랑스 전역의 국민들에게 직접 찾아가 묻고 듣기로 했다.",
		"summary3": null,
		"summary_3_cnt": null
	}
}