{
	"Meta(Acqusition)": {
		"doc_id": "REPORT-edit-00089",
		"doc_category": "REPORT",
		"doc_type": "edit",
		"doc_name": "【이상곤의 ‘흐름’】 LH 특검 국정조사 ‘주호영의 반격’… 민주당 “이를 어쩌나?”",
		"author": null,
		"publisher": null,
		"publisher_year": null,
		"doc_origin": "월간조선"
	},
	"Meta(Refine)": {
		"passage_id": "REPORT-edit-00089-00001",
		"passage": "주호영 국민의힘 원내대표가 ‘회심의 일격’을 날렸다. 주 원내대표가 16일 긴급기자회견을 갖고 LH 부동산 투기 사태와 관련한 민주당의 국회의원 전수조사를 전격 수용한 것이다. 덩달아 LH 투기 의혹 특별검사 도입과 국정조사 실시도 제안했다.\n당초 주 대표는 민주당의 국회의원 전수조사에 ‘셀프 조사’를 주장해 논란을 일으켰다. 민주당이 국토부와 LH 직원들에 대한 전면 조사를 기회로 느닷없이 여야 국회의원 전수조사를 주장한 때였다. 주 대표는 “우리당은 알아서 할테니 민주당 의원들이나 철저히 조사하라”며 ‘셀프 조사’를 주장했다. 곧바로 여당과 일부 언론은 “국민의힘이 국회의원 전수조사를 거부했다”며 “뭔가 켕기는 것이 있는 것 아니냐”는 의혹을 제기했다.\n그런데 그게 아니었다. 이보 전진을 위한 일보후퇴였던 걸까. 주 대표는 16일 “저들(민주당)이 제 발등을 찍은 거지”라며 태연해 했다.\nLH 사태가 터지자 민주당의 고질적인 남 탓은 여지없이 발동됐다. 민주당의 국회의원 전수조사 주장은 전형적인 책임전가의 일환이었다. LH 사태는 지난 4년간 정부여당의 부동산 규제, 3기 신도시 발표, 대규모 공공주택 공급 발표로 이어진 부동산 정책 실패의 산물이다. 정상적인 여당이라면 LH사태에 대해 대국민사과를 하고 재발방지를 위해 즉각 야당에 협조를 구했을 것이다. 그런데 민주당은 여지없이 “똥 묻은 개가 겨 묻은 개를 나무라는데“ 골몰했다. 그래서 나온 것이 국회의원 전수조사 였다.\n",
		"passage_Cnt": 726
	},
	"Annotation": {
		"summary1": "주 원내대표는 LH 부동산 투기 사태와 관련한 민주당의 국회의원 전수조사를 전격 수용했으며 국정조사 실시도 제안하는 등 회심의 일격을 날렸다.",
		"summary2": "주호영 국민의힘 원내대표가 ‘회심의 일격’을 날렸다. 주 원내대표가 16일 긴급기자회견을 갖고 LH 부동산 투기 사태와 관련한 민주당의 국회의원 전수조사를 전격 수용한 것이다. 덩달아 LH 투기 의혹 특별검사 도입과 국정조사 실시도 제안했다.",
		"summary3": null,
		"summary_3_cnt": null
	}
}