{
	"Meta(Acqusition)": {
		"doc_id": "REPORT-edit-20011",
		"doc_category": "REPORT",
		"doc_type": "edit",
		"doc_name": "이제는 ‘미확인비행물체’가 아니라 ‘실존물체’다!",
		"author": null,
		"publisher": null,
		"publisher_year": null,
		"doc_origin": "월간조선"
	},
	"Meta(Refine)": {
		"passage_id": "REPORT-edit-20011-00003",
		"passage": " 기자는 레슬리 킨과 랄프 블루멘탈 기자, 그리고 하버드대학 로엡 교수를 전화로 인터뷰했다. 이들은 미국에서 가장 진지하게 UFO 문제를 선도(先導)하고 있는 인물이다.\n 랄프 블루멘탈은 1964년부터 2009년까지 《뉴욕타임스》 기자로 활동했고, 이후에는 프리랜서 신분으로 이 신문에 글을 쓰고 있다. 그는 1993년 미국 뉴욕 세계무역센터 트럭 폭탄 테러 공격이 발생했을 때 《뉴욕타임스》 메트로 취재팀을 지휘했다. 이 팀은 당시 기사로 퓰리처상을 받았다. 또 그는 서독과 월남 등에서 특파원으로 활동했고, 텍사스주에 있는 남서지국 지국장을 지냈다. 2021년에는 하버드대학 의대 정신과 과장을 지낸 존 맥 박사의 전기(傳記)인 책 《빌리버(Believer)》를 냈다. 맥 박사는 UFO 현상보다 한 차원 위 이야기로 분류되는 ‘외계인에게 납치당했다는 사람들’을 연구했다. 맥 박사는 약 200명의 납치 경험자를 만난 뒤 ‘이들은 정신적으로 불안정하지 않다’며 ‘이들의 말을 쉽게 무시할 수는 없다’는 결론을 내린다.\n 에비 로엡 교수도 흥미로운 인물이다. 그는 2011년부터 2020년까지 하버드대학 천문학과 학과장을 지냈는데, 학교 역사상 가장 오랜 기간 학과장을 지낸 사람이다. 그는 이스라엘 예루살렘대학에서 24세 때 박사 학위(플라스마 물리학)를 받았다. 1993년부터 하버드대학에서 근무했고, 1996년 종신직 교수로 임명됐다. 그가 UFO 문제와 관련해 언론에 처음 언급된 것은 2018년 무렵이었다. 2017년 10월 ‘오우무아무아(Oumuamua·하와이어로 ‘먼 곳에서 처음 찾아온 메신저’라는 뜻)’라는 성간(星間) 천체가 관측됐다. 이는 태양계 바깥에서 온 성간 천체로는 처음 관측된 사례였다. 천문학자들은 이 천체가 일반 혜성이나 소행성처럼 비행하지 않아 엇갈린 분석을 내놨다.\n",
		"passage_Cnt": 898
	},
	"Annotation": {
		"summary1": "기자는 미국에서 가장 진지하게 UFO 문제를 선도하고 있는 로엡 교수, 랄프 블루멘탈 기자 등을 전화로 인터뷰했다.",
		"summary2": "기자는 레슬리 킨과 랄프 블루멘탈 기자, 그리고 하버드대학 로엡 교수를 전화로 인터뷰했다. 이들은 미국에서 가장 진지하게 UFO 문제를 선도(先導)하고 있는 인물이다.",
		"summary3": null,
		"summary_3_cnt": null
	}
}