{
	"Meta(Acqusition)": {
		"doc_id": "REPORT-edit-20024",
		"doc_category": "REPORT",
		"doc_type": "edit",
		"doc_name": "“법무장관은 대통령의 변호사 아닌 국민의 변호사”",
		"author": null,
		"publisher": null,
		"publisher_year": null,
		"doc_origin": "월간조선"
	},
	"Meta(Refine)": {
		"passage_id": "REPORT-edit-20024-00001",
		"passage": "“트럼프와 달리 법무부를 정권에서 완전히 독립시키겠다.” \n 조 바이든 대통령이 작년 대선 당시 한 말이다. 그 적임자로 메릭 갈런드(Merrick Garland)가 낙점됐다. ‘중도파 현실론자’라는 평을 받는다.\n 갈런드 미 법무장관은 지난 3월 11일(현지시각) 취임사에서 “민주당원과 공화당원, 친구와 적, 권력자와 힘없는 사람, 부자와 빈자, 인종과 민족에 따라 규칙이 다르게 적용되면 안 된다”면서 “미 법무부는 법에 따라 공정을 추구한다는 것을 국민들에게 말과 행동으로 보여줄 것”이라고 말했다.\n 미국에서 법무장관은 검찰총장 역할을 겸한다. 갈런드는 연방검찰의 수사도 총지휘하게 된다. 앞서 지난 2월 22일 인사청문회에서는 검찰수사의 중립성도 강조했다. 그는 “법무장관은 대통령의 변호사가 아닌 국민의 변호사”라면서 “당파적이거나 정치적인 수사를 막기 위해 내가 가진 힘 안에서 최선을 다할 것”이라고 말했다. 갈런드는 이어 “사실관계와 법에 기반해 옳은 일을 해야 한다는 압박 외에 다른 압박에는 면역력을 갖고 있다”면서 “법무부가 당파적 의견 충돌의 중심지가 아니라 당파성 없이 법 집행과 형사 정책을 하던 본연의 모습으로 돌아갔음을 보여주겠다”고 말했다.\n 앞으로 트럼프 전 대통령 일가와 바이든 대통령의 차남 헌터 바이든에 대한 수사를 모두 다뤄야 할 입장에서 권력의 압박이나 정치에 휘둘리지 않겠다는 각오를 다진 셈. 윌리엄 바 전 법무장관은 트럼프 전 대통령에 대한 의회의 ‘우크라이나 스캔들’ 수사 협조를 거부했고 이에 따라 트럼프의 ‘개인 변호사’ ‘충복’ 등으로 불렸다. 결국 검사들을 포함한 전직 법무부 직원 1000여명으로부터 공개 사임 압박에 시달렸다.\n",
		"passage_Cnt": 834
	},
	"Annotation": {
		"summary1": "중도파 현실론자라는 평을 받는 갈런드 미 법무장관은 취임사에서 미 법무부는 법에 따라 공정을 추구한다는 것을 국민들에게 말과 행동으로 보여줄 것이라고 말했다.",
		"summary2": "‘중도파 현실론자’라는 평을 받는다. 갈런드 미 법무장관은 지난 3월 11일(현지시각) 취임사에서 “민주당원과 공화당원, 친구와 적, 권력자와 힘없는 사람, 부자와 빈자, 인종과 민족에 따라 규칙이 다르게 적용되면 안 된다”면서 “미 법무부는 법에 따라 공정을 추구한다는 것을 국민들에게 말과 행동으로 보여줄 것”이라고 말했다.",
		"summary3": null,
		"summary_3_cnt": null
	}
}