{
	"Meta(Acqusition)": {
		"doc_id": "REPORT-edit-00013",
		"doc_category": "REPORT",
		"doc_type": "edit",
		"doc_name": "【이상곤의 ‘흐름’】 민주당 이재명 선출 ‘내홍’...국민의힘 대선 ‘원팀(One Team)’ 기회",
		"author": null,
		"publisher": null,
		"publisher_year": null,
		"doc_origin": "월간조선"
	},
	"Meta(Refine)": {
		"passage_id": "REPORT-edit-00013-00002",
		"passage": "그럼 한국의 상황을 보자.국내 보수 세력은 박근혜 탄핵 이후 사분오열의 과정을 거쳤다. 20대 총선 이후 전국 단위선거에서4전 전패를 거듭하다 올해4.7서울과 부산 시장 보궐선거에서 처음으로 승리를 맛봤다.여세를 몰아 내년3.9대선에서 승리를 하면 보수 세력은 완벽하게 재기를 선언할 수 있게 된다.\n이를 위해 국내 보수 세력이 가장 먼저 경계해야 할 것은 내부 분열이고 갈등이다.설사 분열하더라도 대선승리를 위해원칙이 훼손돼서는 안 된다.집권과 동시에‘20년 집권’을 공언하며 막강한 인적 물적 자원을 축적하고 있는 여당 후보를 앞에 두고 사분오열로 갈라져 있어서는 상대 자체가 안 된다.따라서 국민의힘 대선 후보들은 일찌감치‘원팀’정신으로 무장해 나머지 경선일정을 차질없이 치러내야 한다.\n그런 점에서 지난10일 윤석열 후보가 상대인 홍준표 후보를 향해“홍 선배님!우리 깐부 아닌가요?”라며 한 팀을 강조한 것은 시의 적절했다.앞으로 있을10차례TV토론과 각종 네거티브 공세를 미리 예상하고 선수를 둔 것이다.그는 전날 홍 후보가 자신의 부인과 장모를 엮어‘범죄공동체’라고 한데 대해서도“지나친 것 아닌가 하는 생각이 들고 마음이 복잡했다”면서도“우리는 공동의 목표가 있다.정권교체는 당원과 국민의 바람이고 우리에게 주어진 역사적 소명”이라고 강조했다.국민의힘1위 후보다운 품격과 자신감이 돋보였다.\n하지만 우려스러운 대목도 종종 목격된다.지난11일 있은 광주 첫TV토론회에서는 지난 예비경선 때 논란이 됐던 윤 후보의 손바닥‘왕(王)자’문제가 거듭 재연되기도 했다.특히 유승민 후보는 윤석열 후보를 상대로‘무속논란’을 이슈화하고‘도이치모터스 사건’과 관련해 부인 김건희씨 연루의혹을 부각시키는데 안간힘을 썼다.\n",
		"passage_Cnt": 849
	},
	"Annotation": {
		"summary1": "한국의 보수는 박 씨의 탄핵 이후 사분오열의 과정을 거쳤다.",
		"summary2": "그럼 한국의 상황을 보자. 국내 보수 세력은 박근혜 탄핵 이후 사분오열의 과정을 거쳤다.",
		"summary3": null,
		"summary_3_cnt": null
	}
}