{
	"Meta(Acqusition)": {
		"doc_id": "REPORT-edit-20023",
		"doc_category": "REPORT",
		"doc_type": "edit",
		"doc_name": "“중국의 위구르 정책은 제노사이드”",
		"author": null,
		"publisher": null,
		"publisher_year": null,
		"doc_origin": "월간조선"
	},
	"Meta(Refine)": {
		"passage_id": "REPORT-edit-20023-00008",
		"passage": " ― 위구르 출신으로서 시리아 이슬람 국가(IS)나 아프가니스탄 탈레반에 동조한 사람들이 있다. 아프가니스탄 조직의 경우 그동안 미국으로부터 테러리스트 집단으로 지정됐다가 최근 해제된 것으로 안다. 이들은 동투르키스탄 독립운동과 어떤 관계가 있는가.\n “그들은 일부에 불과하다. 그 어디에도 극단적인 생각은 있다. 무장 독립운동에 관한 얘기는 1990년대로 돌아간다. 소련이 무너지면서 위구르 독립운동도 본격화되었다. ‘동투크키스탄이슬람당(East Turkistan Islamic Party·이하 ETIP)’도 그런 분위기에 맞춰 1997년 탄생했다.\n 중국이 위구르 움직임에 대해 경계한 것은 당연하다. 전통적으로 중국은 파키스탄과 아주 가깝다. 잘 알려져 있듯이 아프가니스탄 탈레반을 키운 것은 파키스탄 정보기관이다. 중국도 파키스탄과 가까운 탈레반을 몰래 지원했다. 당시 중국과 파키스탄은 국경 안전이나 무역에 관한 협조 조약을 맺고 있었다. 파키스탄에 거주한 위구르 ETIP 관계자의 일거수 일투족이 중국에 알려졌을 것이다. 위구르 ETIP 지도부가 아프가니스탄으로 넘어간 것도 중국에 곧바로 전해졌다고 볼 수 있다.”\n ― ETIP는 어떻게 아프가니스탄으로 넘어가게 된 것인가.\n “위구르인들이 아프가니스탄으로 넘어가게 된 배후에는 파키스탄 정보국이 도사리고 있다. 파키스탄이 위구르ETIP의 아프가니스탄 참전을 부추겼다. 물론 중국이 뒤에서 부추긴 것이다. 위구르 ETIP 일부는 아프가니스탄 전쟁을 성전(聖戰·지하드)으로 알고 참전했다. 아프가니스탄 무장활동을 통해 후일 위구르에서 독립투쟁이 가능할 것이라 믿은 것이다. 따라서 탈레반 지원이 원래 목적은 아니었다.”\n",
		"passage_Cnt": 829
	},
	"Annotation": {
		"summary1": "파키스탄은 무장활동을 통해 위구르에서 독립투쟁이 가능할 것이라 믿은 위구르 ETIP의 아프가니스탄 참전을 부추겼다.",
		"summary2": "파키스탄이 위구르ETIP의 아프가니스탄 참전을 부추겼다. 아프가니스탄 무장활동을 통해 후일 위구르에서 독립투쟁이 가능할 것이라 믿은 것이다.",
		"summary3": null,
		"summary_3_cnt": null
	}
}