{
	"Meta(Acqusition)": {
		"doc_id": "REPORT-edit-20043",
		"doc_category": "REPORT",
		"doc_type": "edit",
		"doc_name": "바이든 당선 확정돼도 ‘트럼프 현상’은 계속될 것",
		"author": null,
		"publisher": null,
		"publisher_year": null,
		"doc_origin": "월간조선"
	},
	"Meta(Refine)": {
		"passage_id": "REPORT-edit-20043-00005",
		"passage": " 미국 대선에 시선이 쏠려 있던 사이에 유럽의 프랑스에서 엽기적인 사건이 연이어 발생했다. 지난 10월 16일 한 교사가 목이 잘려 숨지는 사건이 발생한 데 이어 13일 만인 10월 29일 기도하기 위해 성당을 찾은 노파가 또 목이 잘려 살해당한 것이다. 두 사건의 범인은 모두 이슬람교도였다. 범인들은 만행을 저지른 후 모두 “알라후 아크바르(알라는 위대하다)”를 외쳤다.\n 프랑스는 톨레랑스(tolrance), 즉 ‘관용’을 자랑으로 삼아왔다. 유럽 국가들은 이민자와 난민의 수용에 개방적이고 적극적이었는데, 특히 프랑스는 일찍부터 그 정책의 선구적 모범이고자 해왔다. 문화와 종교의 다양성을 존중한다는 원칙에 따라 이슬람 국가 출신에 대해서도 문호를 개방했다. 프랑스는 이슬람권인 알제리를 식민지로 지배하기도 한 만큼, 이를 당연하게 여기고 그들과의 공존에 익숙했다.\n 세월이 흐르면서 그 개방성은 언젠가부터 역습(逆襲)을 받기 시작했다. 이슬람 출신들이 프랑스라는 국가적 정체성(正體性)에 동화(同化)하지 않은 것이다. 이 같은 현상은 이번에 참상이 발생한 프랑스만이 아니라 유럽 전역의 다른 나라에서도 마찬가지였다.\n 그런데 말레이시아의 전 총리 마하티르가 프랑스의 이 사건에 대해 놀라운 언급을 했다. “무슬림은 프랑스인들을 죽일 권리가 있다”는 글을 소셜미디어(SNS)에 올린 것이다. 물론 마하티르는 “프랑스인들이 식민 시절 수백만명의 사람을 죽였고, 그 희생자는 대부분 무슬림이었다”라는 것을 빠뜨린 채 자신의 언급이 왜곡되어 알려졌다고 주장했다. 당시 이슬람은 그런 희생에도 불구하고 결코 프랑스에 대해 복수를 일삼지 않았음을 상기시키고자 했다는 것이다.\n",
		"passage_Cnt": 825
	},
	"Annotation": {
		"summary1": "프랑스에서 엽기적인 사건이 연이어 발생했으며 범인은 모두 이슬람교도였다.",
		"summary2": "미국 대선에 시선이 쏠려 있던 사이에 유럽의 프랑스에서 엽기적인 사건이 연이어 발생했다. 두 사건의 범인은 모두 이슬람교도였다.",
		"summary3": null,
		"summary_3_cnt": null
	}
}