{
	"Meta(Acqusition)": {
		"doc_id": "REPORT-edit-20008",
		"doc_category": "REPORT",
		"doc_type": "edit",
		"doc_name": "과감한 발상 전환으로 中東의 전략적 입지 재구축",
		"author": null,
		"publisher": null,
		"publisher_year": null,
		"doc_origin": "월간조선"
	},
	"Meta(Refine)": {
		"passage_id": "REPORT-edit-20008-00007",
		"passage": " 팔레스타인 문제가 이스라엘의 존립과 밀접히 맞닿아 있는 것만큼, 북한도 한반도 유일 합법 정부 대한민국의 실존적(實存的) 위협이다. 하지만 2021년 이스라엘의 외교 전략은 북한 문제에만 치중해온 지난 4년간 우리나라 외교와는 정반대다. 명분도, 실속도 없는 대북 구애는 우리의 전략적 입지를 좁혀왔다. 사실상 모든 외교 이슈를 북한, 그것도 비핵화(非核化)가 아닌 남북협력과 제재 해제에 초점을 맞춰놓고 접근하고 있다. 이는 빠르게 진화하는 지정학의 시대에 여러 현안을 논해야 하는 외교 파트너들에 대한 공감력 부족이자 전략적 자충수(自充手)이다.\n 지난 몇 년간 문재인 정부가 주장해온 ‘한반도 운전자론’은 한반도를 중심으로 세계가 움직이는 듯한, 중세(中世) 시대의 천동설(天動說)을 연상시키는 자기중심적 사고(思考)에 기반하고 있다. 좁은 민족주의 프레임에 갇혀 세계로 향하지 못하고 있다. 미중(美中) 패권(覇權) 경쟁 구도 속에서 우리 앞에는 외교적 과제가 산적(山積)해 있다. 전략적·현실적 계산을 바탕으로 새로운 파트너십을 구축하고, 보편적 자유민주주의적 가치를 중심으로 우리와 유사한 입장을 가진 나라들과 연대(連帶)해야 한다. 이스라엘은 미국과의 동맹은 물론이고 새로운 중동 파트너들과 안보 협력을 가시적으로 강화하고 있다. 북한의 반발이 두려워 한미(韓美)연합훈련을 주저하는 자세, 남북협력으로 극일(克日)하겠다는 허영, 원활한 대북 접근의 명목으로 중국에 굴종을 자처하는 모습은 이스라엘과 비교된다.\n",
		"passage_Cnt": 741
	},
	"Annotation": {
		"summary1": "팔레스타인 문제가 이스라엘의 존립과 맞닿아 있는 것만큼 북한은 한반도 유일 합법 정부 대한민국의 실존적 위협이었지만 이스라엘의 외교 전략은 우리나라 외교와는 정반대다.",
		"summary2": "팔레스타인 문제가 이스라엘의 존립과 밀접히 맞닿아 있는 것만큼, 북한도 한반도 유일 합법 정부 대한민국의 실존적(實存的) 위협이다. 하지만 2021년 이스라엘의 외교 전략은 북한 문제에만 치중해온 지난 4년간 우리나라 외교와는 정반대다.",
		"summary3": null,
		"summary_3_cnt": null
	}
}