{
	"Meta(Acqusition)": {
		"doc_id": "REPORT-edit-20029",
		"doc_category": "REPORT",
		"doc_type": "edit",
		"doc_name": "“미국 대통령이 폭도들을 불러냈다!”(리즈 체니 공화당 하원의원)",
		"author": null,
		"publisher": null,
		"publisher_year": null,
		"doc_origin": "월간조선"
	},
	"Meta(Refine)": {
		"passage_id": "REPORT-edit-20029-00013",
		"passage": " 1월 13일, 미국 와이오밍주 출신 리즈 체니 공화당 하원의원은 딕 체니 전 부통령의 딸인데, 민주당이 추진하는 도널드 트럼프 대통령 탄핵에 찬성표를 던지겠다고 선언했다. 그의 간결하고 단호한 성명서는 명문(名文)이다.\n “2021년 1월 6일, 폭도들이 미국 의사당을 공격, 우리나라의 민주적 절차를 방해하고 대통령 선거인단의 투표집계를 중단시켰다. 이 내란은 우리 공화국의 가장 신성한 공간에 부상, 사망, 그리고 파괴를 가져왔다. 더 많은 사실이 곧 밝혀지겠지만 지금 우리가 알게 된 것만으로도 충분하다. 미국 대통령이 이들 폭도를 불러냈고, 집결시켰으며, 공격작전에 불을 질렀다. 그 이후 일어난 일들은 모두 그가 저지른 것이다. 대통령 없이는 하나도 일어날 수 없는 일들이었다. 대통령은 즉각적으로 단호하게 개입하여 폭력을 중단시킬 수 있었다. 그는 하지 않았다. 미국 대통령으로서 헌법에 대한 맹세와 책무를 이렇게 심하게 배신한 적은 없다. 나는 대통령 탄핵에 찬성표를 던질 것이다.”\n 1월 13일 도널드 트럼프 대통령에 대한 탄핵소추안이 가결되었다. 미국 하원은 민주당 주도로 공화당 의원 10명이 가세한 가운데 내란선동 혐의를 걸어 현직 대통령 파면을 요구하는 탄핵안을 232대 197로 통과시켰다. 낸시 펠로시 하원의장은 “그는 사라져야 한다”라면서 트럼프를 “우리가 사랑하는 조국에 대한 명백하고도 현존하는 위협”이라고 규정하기도 했다. 탄핵소추 문서는 기소장 역할을 하는데 상원에 올라갔다. 상원은 3분의 2 이상의 찬성으로 파면과 공직 영구금지를 결의할 수 있다.\n",
		"passage_Cnt": 778
	},
	"Annotation": {
		"summary1": "리즈 체니 공화당 하원의원은 트럼프의 탄핵에 찬성표를 던지겠다고 선언했으며 그의 성명서는 명문이었다.",
		"summary2": "1월 13일, 미국 와이오밍주 출신 리즈 체니 공화당 하원의원은 딕 체니 전 부통령의 딸인데, 민주당이 추진하는 도널드 트럼프 대통령 탄핵에 찬성표를 던지겠다고 선언했다. 그의 간결하고 단호한 성명서는 명문(名文)이다.",
		"summary3": null,
		"summary_3_cnt": null
	}
}