{
	"Meta(Acqusition)": {
		"doc_id": "REPORT-edit-20013",
		"doc_category": "REPORT",
		"doc_type": "edit",
		"doc_name": "나폴레옹은 누구에게 졌나?",
		"author": null,
		"publisher": null,
		"publisher_year": null,
		"doc_origin": "월간조선"
	},
	"Meta(Refine)": {
		"passage_id": "REPORT-edit-20013-00010",
		"passage": " 네이의 연락을 받자 그는 다시 일어나 망원경을 눈에 대었다. 오른쪽으로 약 8km 떨어진 숲속에 정체불명의 부대가 보였다. 참모들은 부대의 복장으로 보아 프로이센 군인 같다고 말하는가 하면 다른 참모는 프랑스 군인 같다고 했다. 잠시 뒤 포로가 된 프로이센 기병장교가 불려왔다.\n 그는 웰링턴과 합류하기 위해서 달려오고 있는 블뤼헤 장군의 부하 장교라고 자백했다. 문제가 심각해진 것이다. 나폴레옹은 글로시 장군이 퇴각 중인 블뤼헤 장군 부대를 추적 중이라고 생각하고 있었는데, 난데없이 그 부대가 나타난 것이다. 나폴레옹은 약 20km 멀리 있는 글로시 장군에게 긴급 지시문을 보낸다.\n ‘즉시 아군 쪽으로 돌아오라’는 내용이었다. 이 명령서를 기병장교가 갖고 달려가는 데 두 시간 이상 걸리고 이 명령서를 수령한 글로시 장군이 워털루까지 온다고 해도 한밤중일 것이었다. 나폴레옹은 우선 기병과 보병을 보내 접근 중인 프로이센군의 선봉을 요격하도록 조치했다. 이 단계에서 전투를 중단시키거나 후퇴하는 결정을 내려야 하는데 이렇게 말했다.\n “오늘 아침 우리는 90대 10으로 유리한 상황이었다. 지금도 우리는 60대 40으로 유리하다.”\n 오후 1시30분 네이 원수는 포병에 웰링턴 군대를 향하여 일제 포격을 명령했다. 9~15kg짜리 포탄들이 날아갔다. 양쪽 합해서 14만 군대가 가로세로 3×3km 정도의 공터에 밀집해 있었다. 밀집대형을 향하여 포탄이 쏟아지니 죽고 다치는 군인들이 많았다. 강철탄을 맞은 군인의 몸이 두 동강 나고, 머리통이 날아가는 경우도 있었다. 웰링턴 군대는 잘 견뎠다. 동맹군은 유럽의 여러 나라 군대로 편성된 혼성군이었는데, 영국군이 약 4분의 1이었다. 이들은 스페인에서 단련된 고참이었다. 웰링턴은 영국 사병들을 다국적 군대 사이에 끼워 넣어 다른 나라의 신참 군인들을 붙들어놓도록 했다.\n",
		"passage_Cnt": 912
	},
	"Annotation": {
		"summary1": "포로가 된 프로이센 기병장교가 불려와 그가 웰링턴과 합류하기 위해 달려오고 있는 블뤼헤 장군의 부하 장교라고 자백하며 문제가 심각해졌다.",
		"summary2": "그는 웰링턴과 합류하기 위해서 달려오고 있는 블뤼헤 장군의 부하 장교라고 자백했다. 잠시 뒤 포로가 된 프로이센 기병장교가 불려왔다. 문제가 심각해진 것이다.",
		"summary3": null,
		"summary_3_cnt": null
	}
}