{
	"Meta(Acqusition)": {
		"doc_id": "REPORT-edit-20007",
		"doc_category": "REPORT",
		"doc_type": "edit",
		"doc_name": "코로나와 같이 살기로 작심한 유럽 종횡무진 45일간 여행기!",
		"author": null,
		"publisher": null,
		"publisher_year": null,
		"doc_origin": "월간조선"
	},
	"Meta(Refine)": {
		"passage_id": "REPORT-edit-20007-00001",
		"passage": "나는 지난 7월 18일 출국해, 벨기에 브뤼셀에 있는 작은딸 집을 캠프로 삼아 유럽 여기저기를 45일간 돌아다니다가 9월 2일 핀에어 A350-900을 타고 오전 7시30분 인천공항에 내렸다. 출발 48시간 전 브뤼셀 병원에서 받은 코로나19 검사 음성확인서(PCR)를 쥐었고, 벨기에로 출국하기 전에 화이자 2차 접종을 끝낸 뒤 동사무소에서 발급받은 영문 예방접종증명서(Certificate of Immunization, 질병관리청장 발행)를 갖고 있어 무사 통과될 줄 알았으나 아니었다. 공항에서 입국 심사 전에 ‘국내예방접종완료자 대상 수동감시’ 통보를 받았다. 공항직원이 휴대전화에 수동감시 앱을 깔아주곤 오늘 중으로 구청 보건소에 가서 PCR 검사를 받고 집에서 격리상태로 대기하라는 것이었다. 음성판정이 나면 그때 앱을 삭제하고 자율적으로 활동하다가 입국일로부터 6~7일 차에 한 번 더 검사받아야 하고(안 받으면 자가격리로 전환), 입국일로부터 14일이 지나야 수동감시 해제를 한다는 지침을 받았다.\n 나는 바로 보건소에 가서 검사했고, 그다음 날 오전 음성판정을 통보받았다. 벨기에에서 유럽연합(EU) 소속인 네덜란드·프랑스·독일·룩셈부르크·스위스로 여행을 다녔지만 입국 검문을 받은 적이 없던 게 습관이 되어 기분이 좋지는 않았다. 코로나19가 휩쓸고 있는 유럽 나라들을 여행했다고 친구들은 나를 무슨 대항해 시절의 모험가처럼 부러워하기도 한다. 8개월 전에 떠난 외손자와 외손녀에 이끌려 모험적 여행을 한 셈인데, ‘희귀체험’이 되었으므로 여행기 겸 안내기를 남겨야겠다는 생각이 들었다.\n",
		"passage_Cnt": 787
	},
	"Annotation": {
		"summary1": "나는 유럽을 돌아다니다가 출발 48시간 전 병원에서 받은 코로나19 PCR을 쥐었기 때문에 입국 심사를 통과할 것으로 알았으나 국내예방접종 완료자 대상 수동감시 통보를 받았다.",
		"summary2": "나는 지난 7월 18일 출국해, 벨기에 브뤼셀에 있는 작은딸 집을 캠프로 삼아 유럽 여기저기를 45일간 돌아다니다가 9월 2일 핀에어 A350-900을 타고 오전 7시30분 인천공항에 내렸다. 출발 48시간 전 브뤼셀 병원에서 받은 코로나19 검사 음성확인서(PCR)를 쥐었고, 벨기에로 출국하기 전에 화이자 2차 접종을 끝낸 뒤 동사무소에서 발급받은 영문 예방접종증명서(Certificate of Immunization, 질병관리청장 발행)를 갖고 있어 무사 통과될 줄 알았으나 아니었다. 공항에서 입국 심사 전에 ‘국내예방접종완료자 대상 수동감시’ 통보를 받았다.",
		"summary3": null,
		"summary_3_cnt": null
	}
}