{
	"Meta(Acqusition)": {
		"doc_id": "REPORT-edit-10158",
		"doc_category": "REPORT",
		"doc_type": "edit",
		"doc_name": "'우한폐렴' 기자회견한 싱하이밍 신임 주한중국대사는 누구인가?",
		"author": null,
		"publisher": null,
		"publisher_year": null,
		"doc_origin": "월간조선"
	},
	"Meta(Refine)": {
		"passage_id": "REPORT-edit-10158-00002",
		"passage": "외교가에서는 “역대 주한대사 중 우다웨이(武大偉) 대사(1998~2001년 재임)가 거친 언행으로 자주 논란이 됐었지만, 우다웨이 대사의 경우는 그런 거친 언행이 다분히 계산된 것이었던 반면, 싱하이밍은 정말 거친 사람”이라고 말하는 사람도 있다. 우다웨이 대사는 그런 모습을 일부러 연출하기도 했지만, 우리측에서 그의 문제점을 정확하게 지적하면 물러날 줄도 알았던 반면에, 개혁개방 이후 중국의 국력이 급성장하는 시기에 외교관으로 이력을 쌓은 싱하이밍 대사는 우리 입장에서는 우다웨이보다 더 상대하기 피곤한 사람이라는 것이다. 심지어 \"싱하이밍 대사가 '원세개'처럼 굴다가 사고를 칠 것\"이라고 우려하는 관찰자도 있다. 우다웨이 전 대사와 싱하이밍 대사를 만난 본 경험이 있는 한 중진 정치인도 비슷한 말을 했다.\n싱하이밍 대사는 중국 외교부 내의 대표적인 ‘한반도통’이라는 소리를 듣는 외교관이다. 1964년생으로 1986년 중국 외교부에 들어갔으며, 1992년 북한 사리원농업대학을 졸업했다. 한국에서 세 번 근무했지만, 평양 주재 중국대사관에서도 두 차례(1988∼91년, 2006∼2008년) 근무한 바 있다. 주한대사로 오기 전에는 주몽골대사로 근무했다. 역대 주한중국대사들과 마찬가지로 중국 외교부 내에서 위상은 부국장 내지 국장급 정도로, 장하성 주중대사가 장관급 청와대 정책실장 출신인 것을 감안하면 급수가 한참 떨어진다. 주한중국대사의 위상은 주일중국대사나 주북한중국대사보다 훨씬 낮은 것으로 알려져 있다.\n",
		"passage_Cnt": 742
	},
	"Annotation": {
		"summary1": "중국 외교부 내의 대표적인 한반도통이라는 소리를 듣는 싱하이밍 대사는 우리 입장에서 우다웨이 대사보다 더 상대하기 피곤한 사람이다.",
		"summary2": "싱하이밍 대사는 중국 외교부 내의 대표적인 ‘한반도통’이라는 소리를 듣는 외교관이다. 우다웨이 대사는 그런 모습을 일부러 연출하기도 했지만, 우리측에서 그의 문제점을 정확하게 지적하면 물러날 줄도 알았던 반면에, 개혁개방 이후 중국의 국력이 급성장하는 시기에 외교관으로 이력을 쌓은 싱하이밍 대사는 우리 입장에서는 우다웨이보다 더 상대하기 피곤한 사람이라는 것이다.",
		"summary3": null,
		"summary_3_cnt": null
	}
}