{
	"Meta(Acqusition)": {
		"doc_id": "REPORT-edit-20055",
		"doc_category": "REPORT",
		"doc_type": "edit",
		"doc_name": "日 기업 자산 강제매각 時 한국총영사관 폐쇄할 수도",
		"author": null,
		"publisher": null,
		"publisher_year": null,
		"doc_origin": "월간조선"
	},
	"Meta(Refine)": {
		"passage_id": "REPORT-edit-20055-00004",
		"passage": " 총영사관 폐쇄는 아직까지는 일본인 학자의 개인적 의견일 뿐이다. 실제로 그런 일이 일어날지 여부는 아무도 모른다. 그러나 필자는 화상회의 줌에 참가한 일본인들과의 대화를 통해서 현재 일본 지식인 사회에 흐르는 분위기를 감지할 수 있었다.\n 키워드는 ‘부한(否韓) 3원칙(三原則)’이다. 쓰쿠바(筑波)대학 교수 후루타 히로시(古田博司)가 제창한 것인데, 한국에 대해서는 ‘도와주지도 말고, 가르쳐 주지도 말고, 관계하지도 마라’는 외교 원칙이다. 한국은 근본적으로 일본과 다른 세계관을 가진 나라로, 서로 멀리하는 것이 일본에 도움이 된다는 생각이다. 원래 일본 학계(學界) 일부에서 떠돌던 소수(少數) 의견이었지만 최근 들어 일본 주류(主流) 무대에 등장해 일상화된 말이다. 신문·방송을 보면 ‘부한 3원칙’ 혹은 ‘비한(非韓) 3원칙’이란 용어로 자주 등장하고 있다.\n 한국에서는 이를 두고 일본 우익의 ‘혐한(嫌韓) 발악’ 정도로 치부한다. 하지만 필자가 보기에 이 ‘부한 3원칙’은 우익 차원을 넘어선 지 오래다. 앞에서 언급했던 영사관 폐쇄 문제도 ‘부한 3원칙’에 기초한 공격적 대응에 해당한다.\n 8월 초 일본 외무성 내 한반도 담당자들의 인사(人事)이동에 관한 보도가 나왔다. 기존의 한국통을 밀어내고 한반도와 무관한 서방 전문 외교관이 한반도 담당자 자리를 맡았다는 뉴스였다. 이는 앞으로 한국에 대해 특별한 감정 없이 ‘사무적·법리적(法理的)·기술적’으로 대한다는 의미다. 이웃 나라라고 해서 봐주지도 차별하지도 않고, 감정을 배제한 채 법과 이성(理性)만으로 대하겠다는 것이다.\n",
		"passage_Cnt": 783
	},
	"Annotation": {
		"summary1": "쓰쿠바 대학의 히로시 교수가 제창한 부한 3원칙은 한국에 대해 도와주지도 말고 가르쳐 주지도 말고 관계하지도 말라는 외교 원칙이다.",
		"summary2": "키워드는 ‘부한(否韓) 3원칙(三原則)’이다. 쓰쿠바(筑波)대학 교수 후루타 히로시(古田博司)가 제창한 것인데, 한국에 대해서는 ‘도와주지도 말고, 가르쳐 주지도 말고, 관계하지도 마라’는 외교 원칙이다.",
		"summary3": null,
		"summary_3_cnt": null
	}
}