{
	"Meta(Acqusition)": {
		"doc_id": "REPORT-edit-20001",
		"doc_category": "REPORT",
		"doc_type": "edit",
		"doc_name": "드골-아데나워, 獨佛 화해를 넘어 유럽 통합의 길을 열다!",
		"author": null,
		"publisher": null,
		"publisher_year": null,
		"doc_origin": "월간조선"
	},
	"Meta(Refine)": {
		"passage_id": "REPORT-edit-20001-00014",
		"passage": " 1958년 드골은 수상으로 추대되자 내각제를 대통령 중심제로 개헌(改憲), 만성적인 정치 불안에 종지부를 찍었다(제5공화국 출범). 자신을 다시 권좌로 밀어 올린 알제리 주둔 군부의 뜻과는 달리 드골은 알제리 독립을 승인, 극우(極右) 비밀군사조직으로부터 여러 차례 암살 기도(企圖)에 직면하였다(그가 탄 차가 매복 공격을 당하여 집중사격을 받았지만 간발의 차이로 살아났다). 알제리 주둔군의 쿠데타 시도도 진압하였다.\n 드골 치하(治下)에서 프랑스는 정치적 안정을 이룩하고 과학기술(항공·원전 등)을 발전시켰으며 핵무장을 하고 중국과 수교(修交)하는 등 미국에 예속되지 않는 독자적인 외교 노선을 걸었다. NATO의 작전통제권에 프랑스군이 들어가는 데 반대한 드골은 1966년 NATO에서 탈퇴, 퐁텐블로에 있던 NATO 사령부도 브뤼셀로 밀어냈다(2009년에 복귀).\n 그의 사후(死後)에도 드골 노선은 프랑스 정치의 주류(主流)로 이어지고 있다. 그는 두 차례 16년간 프랑스를 이끌었다. 처음엔 망해버린 나라를, 두 번째는 내전 직전의 나라를 맡아 위기 탈출에 성공하였다. 오늘의 프랑스, 오늘의 유럽은 드골 없이는 이뤄질 수 없었다. 드골의 문학적 지성에서 나온 세상의 조화(造化)라고 한다면 과장일까? 문학은 인간과 나라의 품격이다.\n 드골의 전기(傳記) 《최후의 위대한 프랑스인》을 쓴 영국인 찰스 윌리엄스는 드골의 신념은 프랑스의 국익을 수호하는 것 하나에 집중되어 있었고, 이를 위해서는 초월적이고 초연한 리더십을 택하지 않을 수 없었다고 했다.\n",
		"passage_Cnt": 764
	},
	"Annotation": {
		"summary1": "드골은 프랑스 정치의 주류로 이어지며 최후의 위대한 프랑스인을 쓴 윌리엄스는 그는 국익 수호를 위해 초월적이고 초연한 리더십을 택하지 않을 수 없었다고 했다.",
		"summary2": "그의 사후(死後)에도 드골 노선은 프랑스 정치의 주류(主流)로 이어지고 있다. 드골의 전기(傳記) 《최후의 위대한 프랑스인》을 쓴 영국인 찰스 윌리엄스는 드골의 신념은 프랑스의 국익을 수호하는 것 하나에 집중되어 있었고, 이를 위해서는 초월적이고 초연한 리더십을 택하지 않을 수 없었다고 했다.",
		"summary3": null,
		"summary_3_cnt": null
	}
}