{
	"Meta(Acqusition)": {
		"doc_id": "REPORT-edit-20057",
		"doc_category": "REPORT",
		"doc_type": "edit",
		"doc_name": "-하노이에서 김정은은 애원하며 매달렸다",
		"author": null,
		"publisher": null,
		"publisher_year": null,
		"doc_origin": "월간조선"
	},
	"Meta(Refine)": {
		"passage_id": "REPORT-edit-20057-00011",
		"passage": " 트럼프 팀은 2월 27일 하노이에서 대책회의를 했는데, 대통령은 비건의 초안을 비판하고 세 가지 선택이 있다고 했다. 빅딜, 스몰딜, 결렬. 스몰딜은 대북제재를 약화시키는 것처럼 보이므로 안 되고, 빅딜은 김정은이 핵포기라는 전략적 결단을 내리려 하지 않으므로 어렵고, 그렇다면 결렬밖에 없을지 모른다고 했다. 트럼프는 자신의 변호인이었던 마이클 코언의 의회 증언에 신경을 많이 쓰고 있었다. 트럼프는 코언의 증언을 덮을 만한 큰 기사를 만드는 데 ‘결렬’이 도움이 될 것인지에 대하여 생각하는 듯했다.\n 이날 김정은 측과 트럼프 측의 만찬이 있었지만 북한 측 요청으로 볼턴은 참석하지 않았다. 만찬장에서 김정은은 영변 핵시설을 폐기할 터이니 2016년 이후의 유엔 대북제재를 해제해줄 것을 요청하였다고 한다. 볼턴은 폼페이오에게 “그 외의 카드는 없는 것 같으냐”고 물었고 “없는 것 같다”는 말을 들었다. 2월 27일 밤 트럼프는 텔레비전으로 코언의 증언을 시청하느라 잠을 못 자서 다음 날 아침 회의는 취소되었다. 2월 28일 오전 회담장인 메트로폴 호텔로 가는 차중(車中)에서 트럼프는 “북한에 ICBM 폐기를 요구해야 되는 것 아니냐”고 하다가 “스몰딜과 결렬 둘 중 어느 것이 더 큰 뉴스가 될 것 같으냐”고 묻기도 했다.\n 오전 9시부터 김정은-트럼프 단독회담이 있었다. 본회담은 11시부터 시작되었다. 트럼프 측은 폼페이오·멀베이니 비서실장·볼턴, 김정은 측은 김영철·이용호·통역이었다. 기자들이 들어와 촬영을 끝내고 나간 뒤 트럼프가 김정은에게 “언론이 괴롭히지 않느냐”고 물었다. 김정은은 놀란 표정을 짓더니 “나는 그런 부담이 없다”며 웃었다. 인권문제에 대하여 트럼프는 김정은에게 “그 문제를 의논했다고 하자”고 하여 모두를 웃겼다.\n",
		"passage_Cnt": 872
	},
	"Annotation": {
		"summary1": "트럼프 팀은 빅딜, 스몰, 결렬이라는 세 가지 선택이 있다고 했다.",
		"summary2": "트럼프 팀은 2월 27일 하노이에서 대책회의를 했는데, 대통령은 비건의 초안을 비판하고 세 가지 선택이 있다고 했다. 빅딜, 스몰딜, 결렬.",
		"summary3": null,
		"summary_3_cnt": null
	}
}