{
	"Meta(Acqusition)": {
		"doc_id": "REPORT-edit-20014",
		"doc_category": "REPORT",
		"doc_type": "edit",
		"doc_name": "日, 中이 5년 내 타이완 공격할 것으로 예측",
		"author": null,
		"publisher": null,
		"publisher_year": null,
		"doc_origin": "월간조선"
	},
	"Meta(Refine)": {
		"passage_id": "REPORT-edit-20014-00007",
		"passage": " 안보 문제는 일본이 미국을 절실히 필요로 하는 영역이다. 타이완 문제와 센카쿠(尖閣)열도 때문이다. 둘은 따로 떨어진 것이 아니라 하나로 생각해야만 한다. 어느 것이 먼저 닥칠지 문제일 뿐, 중국과의 마찰이 가까운 시일 내에 올 것이라 보고 있다.\n 한국전쟁 당시 미국은 중공군의 한반도 참전이 없을 것이라 전망했다. 마오쩌둥이 미국 원자폭탄을 겁내고, 공산국가를 막 수립한 상태에서 여력이 없을 것이라고 봤다. 그러나 옛 관동군 정보출신자들을 중심으로 한 일본인들은 중공군의 한반도 참전을 120% 필연이라 보았다. 막상 중공군이 밀려들자 맥아더 장군은 일본 정보출신자들을 미군과 연계해 적극 활용했다.\n 현재 일본은 중국의 타이완 공략이 5년 내로 이뤄질 것으로 보고 있다. 미일을 중심으로 한 서방 진영이 결연한 의지를 보여주지 않는 한 전쟁은 필연으로 보고 있다. 전면전이 아닌, 1979년 2월 중국-베트남 국지전(局地戰)처럼 되겠지만, 무력시위가 초읽기에 들어섰다는 것이 일본 측 전망이다.\n 한국에 별로 알려져 있지 않지만, 일본은 198개에 달하는 크고 작은 유·무인도들을 동중국해 아래 보유하고 있다. 규슈 가고시마(鹿兒島)에서 타이완까지 1300km에 달하는, 이른바 난세이제도(南西諸島) 내 섬들이다. 항공모함용 인공섬 제조국이 중국이지만, 일본은 마음만 먹으면 기존 작은 섬들을 군사용으로 전환할 수 있다. 중국의 무력시위가 가속화될수록 난세이제도의 섬들도 각광받을 것이다.\n",
		"passage_Cnt": 727
	},
	"Annotation": {
		"summary1": "미국은 한국전쟁 때 원자폭탄을 겁내하는 중공군의 한반도 참전이 없을 것이라고 전망했으나 막상 중공군이 밀려들자 맥아더 장군은 미군과 일본 정보출신자들을 연계하여 적극 활용하였다.",
		"summary2": "한국전쟁 당시 미국은 중공군의 한반도 참전이 없을 것이라 전망했다. 마오쩌둥이 미국 원자폭탄을 겁내고, 공산국가를 막 수립한 상태에서 여력이 없을 것이라고 봤다. 막상 중공군이 밀려들자 맥아더 장군은 일본 정보출신자들을 미군과 연계해 적극 활용했다.",
		"summary3": null,
		"summary_3_cnt": null
	}
}