{
	"Meta(Acqusition)": {
		"doc_id": "REPORT-edit-20046",
		"doc_category": "REPORT",
		"doc_type": "edit",
		"doc_name": "사실상 한국에 대한 언급은 없었다",
		"author": null,
		"publisher": null,
		"publisher_year": null,
		"doc_origin": "월간조선"
	},
	"Meta(Refine)": {
		"passage_id": "REPORT-edit-20046-00006",
		"passage": " 호주전략정책연구소(Australian Strategic Policy Institute)의 보고서를 보면, 2007년 이래 약 500명의 중국군 과학자가 미국에서 공부했다.\n 중국이 미국 대학 및 연구기관의 지식재산 절도를 멈출 때까지 의회는 중국의 정부 관료와 현역 군인, 중국 공산당 고위 간부와 그 직계 가족에게 비자 발급, 특히 학생·관광 비자 발급을 금지해야 한다.\n 중국 공산당은 당원이 9000만명 이상이다. 당원 전체에 대한 비자 금지는 의도하지 않은 결과로 이어질 수 있다. 중앙정치국 소속 25명과 중앙위원회 중앙위원 205명 및 후보위원 171명, 제19차 중국 공산당 전국대표대회 대표 2280명, 고위 지도부와 그 배우자 및 자녀는 금지하는 게 적절하다.\n 짐 뱅크스 의원이 발의한 ‘미국대학보호법’ 제정을 권고한다. 그렇게 되면 연방정부가 자금을 지원하는 민감한 연구 사업엔 화웨이와 중싱통신, 카스퍼스키 같은 중국·러시아 정부가 개발한 기술의 사용은 금지한다.\n 특위는 국방부 연구 보조금을 신청하는 주체는 ‘해당 보조금을 받게 될 사람 중 누구도 중국이 운영하는 인재 채용 사업에 참여한 적이 없다’는 증명을 요구해야 한다고 제안한다.\n 중국 기업은 내부에 공산당 위원회가 있는지, 중국 정부에 자금 지원을 얼마나 받았는지 공개해야 한다. 바이두와 알리바바, 텐센트 같은 기술 기업 내부에는 공안이 심은 조직이 존재한다. 이러한 조직이 민감한 정보를 중국 정부에 전달한다.\n",
		"passage_Cnt": 729
	},
	"Annotation": {
		"summary1": "미국대학보호법 제정을 권고하면 연방정부가 자금을 지원하는 민감한 연구 사업엔 화웨이와 중싱통신, 카스퍼스키 같은 중국·러시아 정부가 개발한 기술의 사용은 금지한다.",
		"summary2": "짐 뱅크스 의원이 발의한 ‘미국대학보호법’ 제정을 권고한다. 그렇게 되면 연방정부가 자금을 지원하는 민감한 연구 사업엔 화웨이와 중싱통신, 카스퍼스키 같은 중국·러시아 정부가 개발한 기술의 사용은 금지한다.",
		"summary3": null,
		"summary_3_cnt": null
	}
}