{
	"Meta(Acqusition)": {
		"doc_id": "REPORT-edit-20050",
		"doc_category": "REPORT",
		"doc_type": "edit",
		"doc_name": "“민주주의적 가치관보다 同族 개념 우선하는 건 위험”",
		"author": null,
		"publisher": null,
		"publisher_year": null,
		"doc_origin": "월간조선"
	},
	"Meta(Refine)": {
		"passage_id": "REPORT-edit-20050-00009",
		"passage": " ― 통일 이후 옛 동독 지역 기업의 민영화에 대해 어떻게 평가합니까.\n “통일 당시 동독 지역에는 220개 정도의 콤비나트와 1만2000개의 인민기업이 있었습니다. 이 기업들을 트로이한트(신탁청)가 민영화했죠. 그런데 돌이켜보면 정부에는 지역경제를 활성화시킬 수 있는 아무런 계획이 없었어요. 삼성전자, 삼성SDS, 삼성SDI 등이 들어왔었지만 다 빠져나갔지요.”\n ― 근래에는 어떻습니까.\n “BMW가 라이프치히에, 미국 GM이 아이제나흐에 자동차 공장을 세웠는데, 손익분기점이 되려면 25만 대를 생산해야 하지만, 10만 대 수준에 그치고 있습니다. 브란덴부르크주에는 테슬라 공장이 들어왔지요. 독일이 전기차, 수소차, 하이브리드카 등의 방면에서는 좀 늦어요. 그래도 작센주 드레스덴을 중심으로 스타트업 기업들이 나오고 있는데, 실리콘밸리를 본따서 이를 드레스덴밸리, 작센밸리라고 합니다.\n 콜 총리가 ‘동독 사람들을 먹고살게 해주겠다’고 약속한 것을 지키기는 했는데, 기업이 아니라 재정을 갖고 그렇게 했습니다.”\n ― 통일비용은 얼마나 들었습니까.\n “통일 후 10년 동안 1000조원이 들어갔다고 합니다. 2019년 정부의 동독 지역에 대한 지원인 연대(連帶)지원협력이 끝나기는 했지만, 코로나 지원금까지 합치면 올해까지 3000조원쯤 들어간 것으로 저는 봅니다. 이건 공적(公的) 지원, 즉 정부재정지원만 얘기한 것입니다. 비(非)정부 지원, 즉 교회·시민단체·학교·노조·기업 차원의 지원과 자원봉사들까지 치면 매년 500조원, 총 1500조원 정도가 들어갔을 것으로 추정합니다. 정부 지원과 비정부 지원을 모두 합치면 4500조원 정도라고 볼 수 있겠지요. 돈을 그렇게 많이 쏟아부었지만, 콜이 당초 약속했던 ‘3~5년 내 번영’은 없었습니다.”\n",
		"passage_Cnt": 874
	},
	"Annotation": {
		"summary1": "정부와 비정부 지원을 모두 합쳐 통일 후 4500조 원이 들었지만 콜이 약속했던 3~5년 내 번영은 없었다.",
		"summary2": "정부 지원과 비정부 지원을 모두 합치면 4500조원 정도라고 볼 수 있겠지요. 통일 후 10년 동안 1000조원이 들어갔다고 합니다. 돈을 그렇게 많이 쏟아부었지만, 콜이 당초 약속했던 ‘3~5년 내 번영’은 없었습니다.",
		"summary3": null,
		"summary_3_cnt": null
	}
}