{
	"Meta(Acqusition)": {
		"doc_id": "REPORT-edit-20029",
		"doc_category": "REPORT",
		"doc_type": "edit",
		"doc_name": "“미국 대통령이 폭도들을 불러냈다!”(리즈 체니 공화당 하원의원)",
		"author": null,
		"publisher": null,
		"publisher_year": null,
		"doc_origin": "월간조선"
	},
	"Meta(Refine)": {
		"passage_id": "REPORT-edit-20029-00008",
		"passage": " 선거 이후 미국의 음모론자들 사이에서 유행한 말 중 하나는 “대통령은 언론이 결정하는 것이 아니라 국민이 결정하는 것이다”였다. 미국은 케이블 방송국이나 AP통신이 선거 당선인을 확정하면 이를 최종결과로 받아들이고 ‘대통령 당선자’라고 부르는 것이 전통이다. 11월 8일 미주리주의 로이 블런트 공화당 상원의원은 ABC 방송에 출연해 과거와는 상황이 다르다고 주장했다. “언론이 예측은 할 수 있지만 누가 승리했는지를 결정할 권한은 없다”고 했다. “제대로 된 검토 절차가 이어져야만 한다”고 했다.\n 매코널 원내대표도 모호한 입장을 취했다. 매코널은 선거 이후 트럼프 대통령과 주기적으로 대화를 가져왔다고 한다. 트럼프는 매코널을 직접적으로 압박하거나 협박하지는 않았다고 한다. 하지만 매코널은 트럼프의 눈치를 봐야 하는 상황이었다. 공화당이 다수당을 차지할지 여부가 걸려 있는 조지아주 상원의원 결선투표가 치러질 예정이었다. 트럼프의 도움이 없으면 승리하기 어렵다는 판단을 내렸다.\n 매코널은 마크 메도스 백악관 비서실장과 여러 차례 대화를 나눴다. 재러드 쿠슈너 고문은 매코널의 자문인 조시 홈스와 소통했다. 메도스와 쿠슈너는 같은 메시지를 전달했다고 한다. \n “동원할 수 있는 모든 방안을 추진할 것이지만 성공하지 못할 것으로 보고 있다. 트럼프는 결국 진실을 받아들이고 패배를 인정할 것이다.”\n 매코널 대표는 11월 9일 “트럼프 대통령은 미심쩍은 상황에 대한 주장을 들여다보고 법적 조치에 나설 권한을 갖고 있다”고 한 바 있다. 대통령과 가까운 린지 그레이엄 상원의원은 이날 밤 폭스뉴스에 출연, “그들이 사기를 치기 때문에 우리가 선거에서 패배하는 것”이라고 했다. 공화당은 분열돼갔다. 많은 공화당 의원이 선거부정 주장에 동조하고 나섰지만 밋 롬니와 리사 머카우스키 상원의원 등은 트럼프를 직접 비판하기 시작했다.\n",
		"passage_Cnt": 916
	},
	"Annotation": {
		"summary1": "미국은 방송국이 선거 당선인을 확정하면 최종결과로 받아들이는 것이 전통인데 블런트 상원의원은 언론이 예측은 할 수 있지만 누가 승리했는지를 결정할 권한은 없다고 주장했다.",
		"summary2": "미국은 케이블 방송국이나 AP통신이 선거 당선인을 확정하면 이를 최종결과로 받아들이고 ‘대통령 당선자’라고 부르는 것이 전통이다. 11월 8일 미주리주의 로이 블런트 공화당 상원의원은 ABC 방송에 출연해 과거와는 상황이 다르다고 주장했다. “언론이 예측은 할 수 있지만 누가 승리했는지를 결정할 권한은 없다”고 했다.",
		"summary3": null,
		"summary_3_cnt": null
	}
}