{
	"Meta(Acqusition)": {
		"doc_id": "REPORT-edit-20054",
		"doc_category": "REPORT",
		"doc_type": "edit",
		"doc_name": "“자유를 사랑하는 국가들이 힘 합쳐 中 변화 도출하자” (폼페이오 美 국무장관)",
		"author": null,
		"publisher": null,
		"publisher_year": null,
		"doc_origin": "월간조선"
	},
	"Meta(Refine)": {
		"passage_id": "REPORT-edit-20054-00002",
		"passage": " 미중 관계는 그 이후 본격적으로 악화되었다. 2020년 초반 중국 우한(武漢)에서 발원한 코로나19 바이러스는 미중 관계를 거의 전쟁 수준으로 몰아가는 결정적 계기를 제공했다. 2020년 6월 24일부터 7월 23일까지 꼭 한 달 동안 트럼프 행정부의 고위 관리 4명이 연설을 했다. 이 4개의 연설은 가히 트럼프 스타일의 대(對) 중공(中共・중국공산당) 선전포고라고 말할 수 있는 내용들로 가득 차 있다.\n 우선 2020년 6월 24일 애리조나주 피닉스시 상무부 건물에서 트럼프 대통령의 국가안보 담당 로버트 오브라이언 보좌관이 〈중국공산당의 이데올로기와 전(全) 지구적 야망(The Chinese Communist Party’s Ideology and Global Ambitions)〉이라는 주제의 연설을 했다. 7월 7일 크리스토퍼 레이 FBI 국장의 워싱턴DC 소재 허드슨연구소 연설, 7월 16일 윌리엄 바 법무장관의 미시간주 그랜드 래피스에 있는 포드대통령기념관에서의 연설, 그리고 마지막으로 7월 23일 캘리포니아주 요바린다에 있는 닉슨기념관에서 마이크 폼페이오 국무장관이 릴레이식으로 연설하였다. \n 이 4개의 연설은 사전(事前)에 기획된 것이다. 각 연설은 미국이 중국과 싸워야 하는 이념적·정치적·경제적 이유를 조목조목 밝히고 있다. 이 4개 연설에 더해 미국은 중국에 대한 전술적(戰術的) 조치들‐예로서 남중국해에 대한 중국의 권리선언은 모두 불법(不法)이라는 선언, 중국공산당원의 미국 입국 금지 고려, 텍사스주 휴스턴 주재 중국총영사관 폐쇄, 틱톡 사용 금지령 등-을 하나하나 실행에 옮기고 있다.\n",
		"passage_Cnt": 797
	},
	"Annotation": {
		"summary1": "미중 관계는 코로나19 바이러스 이후 거의 전쟁 수준으로 악화되었다.",
		"summary2": "2020년 초반 중국 우한(武漢)에서 발원한 코로나19 바이러스는 미중 관계를 거의 전쟁 수준으로 몰아가는 결정적 계기를 제공했다. 미중 관계는 그 이후 본격적으로 악화되었다.",
		"summary3": null,
		"summary_3_cnt": null
	}
}