{
	"Meta(Acqusition)": {
		"doc_id": "REPORT-edit-20010",
		"doc_category": "REPORT",
		"doc_type": "edit",
		"doc_name": "美의 다음 전쟁은 글로벌 차원에서 國益에 직접 관련된 전쟁",
		"author": null,
		"publisher": null,
		"publisher_year": null,
		"doc_origin": "월간조선"
	},
	"Meta(Refine)": {
		"passage_id": "REPORT-edit-20010-00006",
		"passage": " 디커플링 자체는 도널드 트럼프 전 대통령부터 시작됐다. 그러나 동남아시아와 이해관계에 있는 유럽도 반중(反中) 전선에서 결코 조연(助演)은 아니다. 당당한 주연(主演)이다. 미국이 요청해 유럽의 반중전선이 구축된 것이 아니라는 의미다. 동남아시아 이권과 더불어 위구르·홍콩 문제를 지켜보면서, 유럽이 중국과의 디커플링을 원하게 된 것이다.\n 이렇듯 미국과 유럽이 힘을 합쳐 중국에 대적(對敵)하고 있지만, ‘중국 패권론’을 믿는 사람들도 적지 않다. 아프가니스탄 전쟁 실패 이후 미국의 추락을 틈타 중국이 급부상할 것이란 전망이 곳곳에서 나온다. 탈레반과의 협상을 통해 아프가니스탄 지하자원을 획득하는 등 중국의 외교·경제적 영향력이 중앙아시아 전체로 확대될 것이란 얘기도 들린다. 부분적으로 가능한 얘기다. 그러나 중국이 아프가니스탄을 비롯한 중앙아시아에서 패권을 잡는 것은 어림도 없는 얘기다. 그럴 능력도, 의향도 없는 나라가 중국이다.\n 한국은 드물게 ‘중국 패권론’을 믿고 따르는 나라 중 하나다. 필자가 보면 OECD 선진국 가운데 한국에서만 접할 수 있는 독특한 정서이자 해석이다. 중국을 통한 반미감정 해소라는 기묘한 심리라고나 할까?\n ‘중국 패권론’을 강조할 경우 ‘미국 황혼론’도 자연히 따라온다. 언제부턴가 쑥 들어갔지만, ‘G2’라는 말이 한국 언론의 시사용어로 유행한 적이 있다. 미국과 중국을 동등한 글로벌 패권 주자로 대하는 것이 G2 개념의 핵심이다.\n",
		"passage_Cnt": 719
	},
	"Annotation": {
		"summary1": "아프가니스탄 전쟁 실패 후 미국의 추락을 틈타 중국이 급부상할 것이란 전망이 나오며 중국 패권론을 믿는 사람들도 적지 않다.",
		"summary2": "이렇듯 미국과 유럽이 힘을 합쳐 중국에 대적(對敵)하고 있지만, ‘중국 패권론’을 믿는 사람들도 적지 않다. 아프가니스탄 전쟁 실패 이후 미국의 추락을 틈타 중국이 급부상할 것이란 전망이 곳곳에서 나온다.",
		"summary3": null,
		"summary_3_cnt": null
	}
}