{
	"Meta(Acqusition)": {
		"doc_id": "REPORT-edit-20016",
		"doc_category": "REPORT",
		"doc_type": "edit",
		"doc_name": "바이든 행정부는 북한 인권을 개선할 수 있을까",
		"author": null,
		"publisher": null,
		"publisher_year": null,
		"doc_origin": "월간조선"
	},
	"Meta(Refine)": {
		"passage_id": "REPORT-edit-20016-00003",
		"passage": " 사실 인권을 간단하게 정의하긴 힘들다. 인권은 오랜 역사를 거쳐 보편적 지위를 획득해왔다. 1948년 유엔 총회에서 채택된 세계인권선언과 1966년 통과된 국제인권규약을 통해 보편성을 확립해왔다.\n 인권은 크게 자유권과 사회권으로 분류할 수 있다. 자유권은 시민적·정치적 권리를 뜻한다. 프랑스혁명을 계기로 정립됐다. 자본주의 국가에선 인권이라고 하면 흔히 자유권을 의미한다. 사회권은 경제적·사회적·문화적 권리를 의미한다. 국가와 개인의 관계라는 측면에서 볼 때 자유권이 국가의 축소를 의미한다면, 사회권은 국가의 역할을 강조한다. 개인보다 공동체를 강조하는 사회주의 국가에선 사회권을 자유권보다 우위에 둔다.\n 그러므로 같은 조약을 두고도 다른 해석이 나온다. 1966년 체결된 ‘시민적 및 정치적 권리에 관한 국제규약(B규약)’의 1조 1항은 다음과 같다.\n 〈모든 사람은 자결권을 가진다. 이 권리에 기초하여 모든 사람은 그들의 정치적 지위를 자유로이 결정하고, 또한 그들의 경제적, 사회적 및 문화적 발전을 자유로이 추구한다.〉\n 이를 두고 중국은 ‘민족적 자결권’으로 해석한다.\n ‘경제적, 사회적 및 문화적 권리에 관한 국제규약(A규약)’의 1조 1항은 이렇게 규정한다.\n 〈모든 인민은, 호혜의 원칙에 입각한 국제경제협력으로부터 발생하는 의무 및 국제법상의 의무에 위반하지 아니하는 한, 그들 자신의 목적을 위하여 그들의 천연의 부와 자원을 자유로이 처분할 수 있다. 어떠한 경우에도 인민은 그들의 생존수단을 박탈당하지 아니한다.〉\n",
		"passage_Cnt": 755
	},
	"Annotation": {
		"summary1": "인권은 오랜 역사를 거쳐 보편적 지위를 획득해 왔고 1948년 유엔 총회에서 채택된 세계인권선언과 1966년 통과된 국제인권규약을 통해 보편성을 확립해 왔다.",
		"summary2": "인권은 오랜 역사를 거쳐 보편적 지위를 획득해왔다. 1948년 유엔 총회에서 채택된 세계인권선언과 1966년 통과된 국제인권규약을 통해 보편성을 확립해왔다.",
		"summary3": null,
		"summary_3_cnt": null
	}
}