{
	"Meta(Acqusition)": {
		"doc_id": "REPORT-edit-10080",
		"doc_category": "REPORT",
		"doc_type": "edit",
		"doc_name": "트럼프가 이기는 3가지 이유",
		"author": null,
		"publisher": null,
		"publisher_year": null,
		"doc_origin": "월간조선"
	},
	"Meta(Refine)": {
		"passage_id": "REPORT-edit-10080-00002",
		"passage": "둘째, 메시지에 일관성이 있다. 그의 유세는 거의 늘 ‘차이나 바이러스’로 시작한다. 우리는 신종코로나19라 표현하는 이 질병을 그는 간단히 ‘차이나 바이러스’라 표현한다. 중국에서 시작된 병이란 얘기다. 그 뒤에 이어지는 얘기는 플롯이 늘 비슷하다. 기자는 이제 트럼프의 연설문을 적당히 그럴듯하게 작성할 수 있을 것 같다.\n대략 ‘차이나 바이러스 등장 -> 그 전에 미국 경기 좋았다 -> 난 4년 만에 미국을 이렇게 바꿨다 -> 바이든이 정치인생동안 대체 뭘했냐 -> 해외에서 끝없는 전쟁 다시 시작할거냐 -> 바이든 대통령되면 기업 망하고 세금은 천정부지로 오른다-> 여러분과 나는 영원히 함께 할거다’\n대충 이런 식이다. 그런데 또 그게 지루하지도 않다. 들을 때마다 매번 그 지역에 얽힌 일화가 추가되기도 하지만 트럼프가 워낙 연설을 재미있게 한다.\n트럼프는 바이든을 ‘슬리피 조’라 부른다. ‘졸린 조, 피곤한 조’ 정도 되겠다. 버니 샌더스는 ‘크레이지 버니’다. 왜 그런 표현을 썼는지 듣자마자 직관적으로 와닿는다. 비난으로 비출 수 있으니 부연 설명은 안하겠다.\n트럼프가 어딘가에 나올때마다 반복적으로 그 표현을 강조하니, 이젠 바이든 얼굴만 봐도 슬리피 조라는 말이 떠오를 지경이다. 트럼프 효과다.\n셋째, 위기에 강한 모습이다. 트럼프가 코로나19 초반부터 마스크를 쓰지 않은 걸 들며 방역에 대한 생각이 없다는둥 국내 언론들은 조롱으로 삼았다. 기자는 트럼프가 한국을 찾았을 때 어떤 준비가 이뤄졌는지 내막을 들은 적이 있다. 자연인 트럼프는 마스크가 아니라 방독면이라도 쓰고 다녔을 것이다. 트럼프의 식습관, 평소 위생에 대한 태도 등을 아는 이들은 공감할 내용이다.\n",
		"passage_Cnt": 836
	},
	"Annotation": {
		"summary1": "트럼프의 신종코로나19라 표현하는 이 질병을 차이나 바이러스라고 표현하며 유세를 시작한다.",
		"summary2": "기자는 이제 트럼프의 연설문을 적당히 그럴듯하게 작성할 수 있을 것 같다. 우리는 신종코로나19라 표현하는 이 질병을 그는 간단히 ‘차이나 바이러스’라 표현한다. 그의 유세는 거의 늘 ‘차이나 바이러스’로 시작한다.",
		"summary3": null,
		"summary_3_cnt": null
	}
}