{
	"Meta(Acqusition)": {
		"doc_id": "REPORT-edit-20018",
		"doc_category": "REPORT",
		"doc_type": "edit",
		"doc_name": "한 알의 불씨가 曠野를 불사르다!",
		"author": null,
		"publisher": null,
		"publisher_year": null,
		"doc_origin": "월간조선"
	},
	"Meta(Refine)": {
		"passage_id": "REPORT-edit-20018-00001",
		"passage": "1921년 7월 23일 상하이(上海) 프랑스 조계(租界)의 어떤 집에 한 무리의 사내들이 모여들기 시작했다. 중국 곳곳에서 온 ‘공산주의자’들의 ‘대표’들이었다. 이들은 모두 50명. 중국공산당 창당을 위해 모인 사람들이었다. 이들 중에는 회의에 참석하면 준다는 지원금에 혹해서 참석한 사람도 있었다. 그 지원금은 소련으로부터 나온 것이었다. 얼마 후 프랑스 조계 공무국(工務局·경찰)의 추적이 시작됐다. 대부분이 흩어지고 12명이 상하이 인근 자싱(嘉興)으로 몸을 피했다. 회의는 7월 31일까지 이어졌다. 이들은 시후(西湖) 연우루(煙雨樓) 앞에 띄워놓은 배 위에서 중국공산당 창당을 결의했다. 이들 중에는 후난성(湖南省)에서 올라온 28세의 청년 마오쩌둥(毛澤東)도 있었다.\n 창당 기념사진 같은 것은 없었다. 오랜 투쟁과 도피 생활 속에서 처음 자신들이 모였던 프랑스 조계의 집이 어디 있었는지에 대한 기억도 가물가물해졌다. 회의 날짜에 대한 기억도 정확한 것은 아니었다. 1938년 5월 마오쩌둥은 제1차 당대회가 열린 달의 첫째 날인 7월 1일을 창당기념일로 하자고 제의했다.\n 미국 언론인 아그네스 스메들리가 홍군(紅軍)사령관 주더(朱德)와의 인터뷰를 기록한 책의 제목처럼 ‘한 알의 불씨가 광야를 불살랐다’. 12명으로 시작한 중국공산당은 난창(南昌)봉기나 광저우(廣州)코뮌 같은 초기의 시행착오, 장제스(蔣介石) 정부의 토벌전과 그 뒤를 이은 대장정(大長征) 같은 시련을 거치면서 살아남았다. 제1차 국공합작(國共合作·1923~1927년), 시안(西安)사변과 제2차 국공합작(1937~1945년), 중일전쟁은 미약하던 중국공산당이 성장하고 생존하는 데 결정적인 계기가 됐다. 결국 중국공산당은 일본이 패망한 후 재개된 제2차 국공내전(國共內戰)에서 승리했다. 1949년 10월 1일 천안문(天安門)에 올라선 마오쩌둥은 중화인민공화국 건국을 선언하면서 “신중국(新中國)이 일어섰다”고 외쳤다.\n",
		"passage_Cnt": 956
	},
	"Annotation": {
		"summary1": "1921년 중국공산당 창당을 위해 상하이 프랑스 조계의 집에 중국 곳곳에서 온 공산주의자의 대표들이 모였다.",
		"summary2": "중국공산당 창당을 위해 모인 사람들이었다. 1921년 7월 23일 상하이(上海) 프랑스 조계(租界)의 어떤 집에 한 무리의 사내들이 모여들기 시작했다. 중국 곳곳에서 온 ‘공산주의자’들의 ‘대표’들이었다.",
		"summary3": null,
		"summary_3_cnt": null
	}
}