{
	"Meta(Acqusition)": {
		"doc_id": "REPORT-edit-20044",
		"doc_category": "REPORT",
		"doc_type": "edit",
		"doc_name": "전쟁도 전염된다",
		"author": null,
		"publisher": null,
		"publisher_year": null,
		"doc_origin": "월간조선"
	},
	"Meta(Refine)": {
		"passage_id": "REPORT-edit-20044-00001",
		"passage": "미국 CIA가 매년 간행하는 전 세계 국가들에 관한 자료집 《월드 팩트 북(World Fact Book)》 2020~2021에 의하면 2010년 현재 세계에는 195개의 독립국이 존재한다. 비록 아직 독립국가로 인정받지는 못하고 있지만 정치적 실체로는 인정되는 조직이 무려 267개에 이른다.\n 이렇게 나라가 많다 보니 국제정치를 오래 공부한 사람들에게도 생소한 국가 이름이 한두 개가 아니다. 국제정치를 관찰하는 대개의 사람들은 주로 소수(少數) 강대국만 집중해서 살펴보기 때문에 그렇다. 사실 오늘날 국제정치 이론은 역사상 나타났던 기껏해야 10개 정도에 불과한 강대국의 행동을 관찰하고, 그것들을 설명하기 위해 고안된 것이라 해도 과언이 아니다.\n 그럼에도 불구하고 국제정치를 올바로 분석하기 위해서는 강대국이 아닌 작은 나라들의 관계에 대해서도 관심을 갖지 않으면 안 된다. 그 가장 중요한 이유는 작은 나라들의 행동이 때로 큰 나라들의 이해관계 충돌을 불러일으키게 되고, 의도하지 않았음에도 걷잡을 수 없이 확대되어 큰 전쟁을 야기하는 경우도 있기 때문이다. 유럽의 작은 나라 세르비아의 청년이 쏜 총 한 발이 제1차 세계대전으로 번진 것이 좋은 예이다.\n 지난 9월 27일 아르메니아와 아제르바이잔 간에 전쟁이 발발했다. 두 나라는 그 후 한 달여 동안 세 차례 휴전협정을 맺지만 번번이 파기되었다. 지난 11월 10일 네 번째 휴전협정을 맺었지만, 양측이 이를 준수할지는 미지수다.\n",
		"passage_Cnt": 725
	},
	"Annotation": {
		"summary1": "작은 나라들의 행동이 큰 나라들의 이해관계 충돌을 불러일으키고 큰 전쟁을 야기할 수도 있기 때문에 작은 나라들의 관계에 대해서 관심을 가져야 한다.",
		"summary2": "그럼에도 불구하고 국제정치를 올바로 분석하기 위해서는 강대국이 아닌 작은 나라들의 관계에 대해서도 관심을 갖지 않으면 안 된다. 그 가장 중요한 이유는 작은 나라들의 행동이 때로 큰 나라들의 이해관계 충돌을 불러일으키게 되고, 의도하지 않았음에도 걷잡을 수 없이 확대되어 큰 전쟁을 야기하는 경우도 있기 때문이다.",
		"summary3": null,
		"summary_3_cnt": null
	}
}