{
	"Meta(Acqusition)": {
		"doc_id": "REPORT-edit-20009",
		"doc_category": "REPORT",
		"doc_type": "edit",
		"doc_name": "抗蘇 지도자들, 사치에 빠져 탈레반과 싸우지 못해",
		"author": null,
		"publisher": null,
		"publisher_year": null,
		"doc_origin": "월간조선"
	},
	"Meta(Refine)": {
		"passage_id": "REPORT-edit-20009-00003",
		"passage": " 탈레반은 파슈툰어로 ‘이슬람을 배우는 학생’을 뜻한다. 아랍어로 학생을 가리키는 ‘탈렙(taleb·talib)’에 파슈툰어의 복수접미사 ‘안(an)’이 붙은 형태다. 학생들은 이슬람을 기숙학교인 마드라사(madrasa)에서 공부한다.\n 아프가니스탄 탈레반의 산실(産室)은 파키스탄 페샤와르에서 동쪽으로 약 70km 떨어진 아코라 하탁에 세운 데오반디(Deobandi) 마드라사인 다룰 울룸 하카니아(Darul Ulum Haqqania)다. 탈레반의 창시자 물라 오마르가 바로 이 학교 출신이다. 탈레반을 이끄는 지도부 상당수도 이곳에서 수학하였다.\n 데오반디는 영국의 인도 지배기에 델리에서 북쪽으로 약 150km 떨어진 도시 데오반드에서 시작한 근대 개혁운동이다. 18세기 사우디아라비아에서 발생한 와하비(Wahhabi) 사상의 영향을 받은 원리주의 운동이다. 와하비보다는 온건한 개혁운동인데 서구의 영향으로 이슬람적 삶의 양식이 침식되는 것을 막고자 반(反)서구를 기치로 내부 개혁 교육을 시작하였다.\n 상당히 성공한 운동으로 자리 잡은 인도의 데오반디에서 배운 학생들이 파키스탄으로 가서 교육을 이어갔는데, 인도와 파키스탄이 분리되고 파키스탄 정치인들이 이슬람을 정치에 이용하면서 파키스탄의 데오반디는 과격하게 변하기 시작하였다. 특히 1979년 이란의 이슬람 혁명이 성공하자 위협을 느낀 사우디아라비아가 와하비 사상을 전 세계에 보급하면서, 와하비 영향을 받은 국가의 이슬람 운동은 더욱 급진적인 정치원리로 발전하였다. 데오반디 역시 와하비의 영향권에서 벗어나지 못하였다.\n",
		"passage_Cnt": 774
	},
	"Annotation": {
		"summary1": "아랍어로 학생을 가리키는 탈렙에 파슈툰어 복수접미사 안이 붙은 탈레반은 이슬람을 배우는 학생을 뜻한다.",
		"summary2": "탈레반은 파슈툰어로 ‘이슬람을 배우는 학생’을 뜻한다. 아랍어로 학생을 가리키는 ‘탈렙(taleb·talib)’에 파슈툰어의 복수접미사 ‘안(an)’이 붙은 형태다.",
		"summary3": null,
		"summary_3_cnt": null
	}
}