{
	"Meta(Acqusition)": {
		"doc_id": "REPORT-edit-20042",
		"doc_category": "REPORT",
		"doc_type": "edit",
		"doc_name": "트럼프의 부정선거 주장, 왜 나오고 어떻게 확산됐나",
		"author": null,
		"publisher": null,
		"publisher_year": null,
		"doc_origin": "월간조선"
	},
	"Meta(Refine)": {
		"passage_id": "REPORT-edit-20042-00009",
		"passage": " 이번 대선이 부정선거라는 음모론이 미국 정계의 중심 화제가 되면서, 우리나라 온라인에는 부정선거의 증거라며 수많은 자료가 쏟아지고 있다. 문제는 이 중 상당수가 조작된 거짓 정보라는 것이다. 대표적인 예를 몇 가지 살펴보자.\n 위스콘신 선거 개표 그래프에서 갑자기 바이든 표가 급증했다는 주장이 크게 히트를 쳤다. 실제로 그래프를 보면 바이든의 그래프 곡선이 갑자기 수직으로 상승하는 구간이 있다. 그런데 이는 밀워키 카운티에서 부재자 투표를 개표한 후 그 집계 수치들을 한 번에 전달하고, 그 데이터를 한 번에 입력하면서 생긴 현상이다. 무언가 조작이 있었던 게 아니라는 거다. 그래프를 자세히 살펴보면 트럼프의 곡선 역시 상승하는데, 사전투표에서 바이든의 표가 압도적으로 많았기 때문에 바이든만 증가한 것처럼 보이는 것이다. 이미 공화당과 민주당 양당 관계자들은 물론 선관위에서도 확인한 사안이다.\n 미시간 개표 중 바이든에게 12만8000표가 갑자기 추가되었다는 주장도 있다. 이는 시아와시 카운티에서 데이터를 입력하다 실수가 생긴 것으로, 바이든에게 1만5371표를 입력하려다 실수로 끝에 0을 하나 붙이며 생긴 문제였다. 해당 실수는 곧바로 바로잡혔고, 수정 이후 바이든 측 표 13만8339표가 깎였다. 이 주장은 미국의 한 트위터 이용자에 의해 제기되었는데, 현재 해당 게시자는 사과한 후 해당 게시물을 삭제했다.\n 실제 득표수가 등록 유권자보다 많다는 의혹도 제기되었다. 트위터에서 시작되어 퍼진 도표다. 하지만 선관위 자료를 살펴보면 도표 속 해당 수치들은 모두 조작되었다는 사실을 알 수 있다.\n",
		"passage_Cnt": 792
	},
	"Annotation": {
		"summary1": "대선이 부정선거라는 음모론이 미국 정계의 중심 화제가 되면서 우리나라 온라인에는 부정선거의 증거 자료가 쏟아지고 있지만 이 중 상당수는 조작된 거짓 정보다.",
		"summary2": "이번 대선이 부정선거라는 음모론이 미국 정계의 중심 화제가 되면서, 우리나라 온라인에는 부정선거의 증거라며 수많은 자료가 쏟아지고 있다. 문제는 이 중 상당수가 조작된 거짓 정보라는 것이다.",
		"summary3": null,
		"summary_3_cnt": null
	}
}