{
	"Meta(Acqusition)": {
		"doc_id": "REPORT-edit-00046",
		"doc_category": "REPORT",
		"doc_type": "edit",
		"doc_name": "【서봉대의 ‘되짚기’】 제3 후보는 누굴까? 내년 대선서 정권교체 하려면...",
		"author": null,
		"publisher": null,
		"publisher_year": null,
		"doc_origin": "월간조선"
	},
	"Meta(Refine)": {
		"passage_id": "REPORT-edit-00046-00003",
		"passage": "# 이명박 후보와 박근혜 후보가 각각 당선됐던 2007년과 2012년 대선은 또 다른 양상을 보였다. 3후보 출마에 따른 보수진영 분열이나 진보 측 후보단일화가 당락을 가르지 못했다. 선거전 초반 형성됐던 이·박 후보의 대세론을 흔들기엔 역부족이었던 셈이다.\n2007년 대선에선 한나라당 이명박 후보와 대통합민주신당 정동영 후보가 맞선 가운데 직전 대선에서 한나라당 후보였던 이회창 후보가 무소속으로 출마, 3 파전 양상을 보였다. 결국 보수 진영이 분열했던 선거전이었으나 이명박 후보는 49%를 얻어 당선됐으며 정동영 후보 26%, 이회창 후보 15%였다.\n2012년 대선은 새누리당 박근혜, 민주통합당 문재인, 무소속 안철수 등 3자 구도로 치닫다가 투표일을 한 달 앞두고 안 후보가 문 후보를 지지하며 중도 사퇴함으로써 사실상 야권후보 단일화가 성사됐으나 정권교체로 이어지지는 못했다. 개표결과 박 후보가 52%로 당선을 확정지었으며 문 후보는 48%에 그쳤다.\n# 내년 3월 대선을 앞두고도 3후보에 이목이 쏠리고 있다. 역대 대선처럼 치러진다면 3후보는 변수가 아니라 상수다. 3후보로 누가 나설 지가 변수일 뿐이다.\n집권당인 더불어민주당에선 친문(친 문재인)과 비문 간의 갈등이 3후보 출마의 지렛대가 될 수 있다.\n여권 유력주자로 꼽히는 이재명 경기지사의 경우 각종 여론조사에서 지지율 선두권을 고수하고 있지만, 친문과의 갈등관계가 대선가도의 걸림돌이다. 최근 들어 경선시기를 놓고 양측갈등이 본격화되고 있다.\n",
		"passage_Cnt": 741
	},
	"Annotation": {
		"summary1": "2007년 대선에서는 대통합민주신당의 정 후보와 한나라당 이 후보, 무소속으로 출마한 이 후보의 3파전 양상을 보였으나 한나라당의 이 후보가 40%를 얻어 당선되었다.",
		"summary2": "2007년 대선에선 한나라당 이명박 후보와 대통합민주신당 정동영 후보가 맞선 가운데 직전 대선에서 한나라당 후보였던 이회창 후보가 무소속으로 출마, 3 파전 양상을 보였다. 결국 보수 진영이 분열했던 선거전이었으나 이명박 후보는 49%를 얻어 당선됐으며 정동영 후보 26%, 이회창 후보 15%였다.",
		"summary3": null,
		"summary_3_cnt": null
	}
}