{
	"Meta(Acqusition)": {
		"doc_id": "REPORT-edit-10039",
		"doc_category": "REPORT",
		"doc_type": "edit",
		"doc_name": "바이든, 美 국무부 방문 “중국의 공격 물리치겠다”",
		"author": null,
		"publisher": null,
		"publisher_year": null,
		"doc_origin": "월간조선"
	},
	"Meta(Refine)": {
		"passage_id": "REPORT-edit-10039-00001",
		"passage": "조 바이든 미국 대통령은 4일(현지 시각) 첫 부처 방문지로 국무부를 찾아 ‘세계 속 미국의 위치(America’s Place in the World)’를 주제로 연설했다.\n이날 바이든 대통령은 중국·러시아에 맞서 민주주의 가치를 수호하는 ‘가치 외교'를 목표로 하고, 이를 미국의 군사력으로 뒷받침하겠다는 구상을 밝혔다. 바이든 대통령의 일성(一聲)은 “미국이 돌아왔다. 우리 대외 정책의 중심에 외교가 돌아왔다”였다.\n바이든은 연설 초반 “미국에 필적하려는 중국의 커지는 야심”과 “민주주의를 훼손하고 파괴하려는 러시아의 결의”를 핵심 위협으로 꼽았다. 그러면서 “자유 수호, 기회 보장, 보편적 권리 옹호, 법치 존중 등 미국이 가장 소중하게 여기는 가치에 뿌리를 둔 외교를 시작해야 한다”고 강조했다.\n지난달 26일 블라디미르 푸틴 러시아 대통령과 통화했던 바이든은 “나는 푸틴 대통령에게 미 대선 개입, 사이버 공격, 자국민 독살 같은 러시아의 공격적 행동 앞에 미국이 나가떨어지던 시절은 끝났다는 것을 분명히 했다”고 말했다. 그는 또 중국을 “가장 심각한 경쟁자”로 부르면서 “중국의 경제적 횡포와 공격적이고 강압적 행동에 정면으로 맞서고, 인권·지식재산권에 대한 중국의 공격을 물리치겠다”고 했다.\n바이든은 그 수단으로 ‘동맹’과 함께 미국의 ‘군사력’을 거론했다. 그는 “우리 외교정책의 경로를 변경하고 우리의 민주적 가치와 외교적 리더십을 잘 통합하기 위한 추가 조치를 발표하겠다”며 “우선 (로이드) 오스틴 국방장관이 미군의 ‘해외 주둔 재배치 검토(Global Posture Review)’를 주도할 것”이라고 했다.\n",
		"passage_Cnt": 806
	},
	"Annotation": {
		"summary1": "바이든은 국무부에서 한 연설에서 중국의 커지는 야심과 민주주의를 훼손하는 러시아의 결의가 핵심 위협이라며 미국이 소중히 여기는 가치에 뿌리를 둔 외교를 강조했다.",
		"summary2": "조 바이든 미국 대통령은 4일(현지 시각) 첫 부처 방문지로 국무부를 찾아 ‘세계 속 미국의 위치(America’s Place in the World)’를 주제로 연설했다. 바이든은 연설 초반 “미국에 필적하려는 중국의 커지는 야심”과 “민주주의를 훼손하고 파괴하려는 러시아의 결의”를 핵심 위협으로 꼽았다. 그러면서 “자유 수호, 기회 보장, 보편적 권리 옹호, 법치 존중 등 미국이 가장 소중하게 여기는 가치에 뿌리를 둔 외교를 시작해야 한다”고 강조했다.",
		"summary3": null,
		"summary_3_cnt": null
	}
}