{
	"Meta(Acqusition)": {
		"doc_id": "REPORT-edit-10442",
		"doc_category": "REPORT",
		"doc_type": "edit",
		"doc_name": "이중스파이 암살 미수 의혹 받는 러시아... 과거에도 희귀 독극물 이용한 암살 저질러",
		"author": null,
		"publisher": null,
		"publisher_year": null,
		"doc_origin": "월간조선"
	},
	"Meta(Refine)": {
		"passage_id": "REPORT-edit-10442-00002",
		"passage": "특히 리트비넨코는 2006년 10월 7일 발생한 반체제 기자 안나 폴리트로코프스카야 암살사건에 대해 분노했다. 그는 이렇게 주장했다. “안나 폴리트로코프스카야 정도의 지위에 있는 기자를 죽이라는 명령을 내릴 사람은 러시아에 단 한 명뿐이라는 사실을 나는 너무도 잘 압니다. 그 사람은 바로 푸틴입니다. 다른 사람은 아닙니다.”\n리트비넨코는 푸틴의 비정(秕政)에 대한 정보를 수집하기 위해 전직 러시아 정보기관원들과 자주 접촉했다. 그들 가운데는 안드레이 루고보이와 드미트리 코브툰이라는 자들이 있었다. 리트비넨코는 2006년 11월 1일 런던 시내 메이페어 밀레니엄 호텔 바에서 이들과 만나 홍차를 마셨다. 그 직후부터 리트비넨코는 심하게 아프기 시작했다. 그는 결국 11월 23일 저녁 사망했다.\n리트비넨코를 죽인 물질은 폴로늄-210이라는 방사능 물질이었다. 영국 당국의 수사 결과, 루고보이와 코브툰이 묵었던 영국과 독일의 숙소, 그들이 탑승했던 항공기에서 폴로늄-210이 검출됐다. 폴로늄-210은 비교적 손쉽고 안전하게 다룰 수 있지만 인체에 치명적 손상을 주는 물질이다. 전 세계 산업용 폴로늄-210의 97%를 러시아의 핵시설 아방가르드에서 공급한다.\n리트비넨코는 죽기 전 유언에서 푸틴을 지목해 저주를 퍼부었다.\n“당신은 사람을 침묵시킬 수 있을지 모르나 그 침묵에는 대가가 따를 것이다. 당신은 사람을 이렇게 만듦으로써 당신을 호되게 비판하는 사람들의 말처럼 당신이 야만적이고 잔인한 자라는 사실을 증명해 보였다. 당신은 사람의 목숨과 자유, 그리고 어떤 문명세계의 가치도 소중하게 여기지 않는다는 사실을 증명해 보였다. 당신은 지금 앉아 있는 그 자리에 앉아 있을 자격이 없으며, 문명세계에 사는 모든 남자와 여자로부터 신뢰를 받을 자격이 없다는 사실을 입증해 보였다. 미스터 푸틴, 당신은 한 사람을 침묵시켰을지 모르나, 전 세계에서 들려오는 항의의 울부짖음이 평생 당신의 두 귓속을 파고들 것이다.”\n",
		"passage_Cnt": 964
	},
	"Annotation": {
		"summary1": "리트비넨코를 죽인 폴로늄-210은 비교적 손쉽고 안전하게 다룰 수 있으나 인체에 치명적 손상을 주는 물질이며 러시아의 아방가르드에서 전 세계 폴로늄-210의 97%를 생산한다.",
		"summary2": "리트비넨코를 죽인 물질은 폴로늄-210이라는 방사능 물질이었다. 폴로늄-210은 비교적 손쉽고 안전하게 다룰 수 있지만 인체에 치명적 손상을 주는 물질이다. 전 세계 산업용 폴로늄-210의 97%를 러시아의 핵시설 아방가르드에서 공급한다.",
		"summary3": null,
		"summary_3_cnt": null
	}
}