{
	"Meta(Acqusition)": {
		"doc_id": "REPORT-edit-00053",
		"doc_category": "REPORT",
		"doc_type": "edit",
		"doc_name": "【서봉대의 ‘되짚기’】 이재명과 윤석열이 대권 차지하려면...‘昌’ 극복해야",
		"author": null,
		"publisher": null,
		"publisher_year": null,
		"doc_origin": "월간조선"
	},
	"Meta(Refine)": {
		"passage_id": "REPORT-edit-00053-00002",
		"passage": "양측간 갈등은 대세론을 업었던 이 후보의 여론지지율이 아들 병역비리 의혹에 제대로 대응하지 못하면서 급락하자 고조됐다. 이인제 후보가 탈당해 출마하게 됐고, 이회창 후보의 지지율 반전이 어려워지자 민주계 측이 대대적으로 후보교체론을 제기하며 그를 흔들었다. 대선에선 졌으나 막판 추격으로 투표율 격차가 역대 최소(1.6%)였다는 점에서 이 후보로서는 두고두고 가슴 칠 일이었을 것이다.\n이 지사의 처지도 더불어민주당 내 친문(친 문재인)측과의 갈등을 풀지 못하고 있다는 점에서 흡사하다.\n이런 가운데 이낙연·정세균 전 총리의 여론지지율이 부진하자 친문 측을 중심으로 당내 후보 경선일자를 늦추자는 얘기가 들리더니 김두관·이광재 등 친문 의원들이 잇따라 출마를 선언하고 나섰다. 친문은 아니지만 박용진 의원과 양승조 충남지사도 출마를 공식화했다. 출마설이 나도는 추미애 전 법무장관과 임종석 전 대통령비서실장까지 포함하면 벌써 9룡이 됐고 더 늘어날 것이란 얘기도 들린다.\n결국 후보경선에선 결선투표까지 할 가능성이 높아졌고 친문 후보들간 연대가 이뤄질 경우 접전으로 치닫을 것이다. 이 지사가 후보로 선출돼도 후유증은 커질 수밖에 없고 이를 어떻게 수습하느냐에 그의 정치적 운명이 갈릴 수 있다.\n# ‘공정’과 ‘정의’를 역설하는 윤석열 전 검찰총장의 모습은 이회창 후보의 ‘대쪽’ 원칙주의자 이미지를 떠올리게 한다.\n이 후보는 김영삼 정부 초기 감사원장으로 취임하자 “권력형 비리엔 성역이 없다”고 선언하며 청와대와 정부 부처까지 조사 대상에 포함시켰을 정도로 개혁에 적극 나섰다.\n",
		"passage_Cnt": 775
	},
	"Annotation": {
		"summary1": "전 총리의 여론지지율이 부진하자 친문 측을 중심으로 당내 후보 경선 일자를 늦추자는 얘기가 들리더니 친문 의원들이 출마를 선언하고 박 의원과 양 지사도 출마를 공식화했다.",
		"summary2": "이런 가운데 이낙연·정세균 전 총리의 여론지지율이 부진하자 친문 측을 중심으로 당내 후보 경선일자를 늦추자는 얘기가 들리더니 김두관·이광재 등 친문 의원들이 잇따라 출마를 선언하고 나섰다. 친문은 아니지만 박용진 의원과 양승조 충남지사도 출마를 공식화했다.",
		"summary3": null,
		"summary_3_cnt": null
	}
}