{
	"Meta(Acqusition)": {
		"doc_id": "REPORT-edit-20044",
		"doc_category": "REPORT",
		"doc_type": "edit",
		"doc_name": "전쟁도 전염된다",
		"author": null,
		"publisher": null,
		"publisher_year": null,
		"doc_origin": "월간조선"
	},
	"Meta(Refine)": {
		"passage_id": "REPORT-edit-20044-00002",
		"passage": " 보통 사람들은, 물론 상당 정도의 전문가들도 이 두 나라가 어디에 있는지 잘 모른다. 그러나 두 나라는 앞에서 인용한 CIA 자료에 당당하게 독립국으로 기재된 195개국 중의 나라다. 신문에도 작게 보도된 이 전쟁을 살펴보려는 것은 앞에서 말한 것처럼 약소국 간의 하찮은 분쟁이 큰 전쟁으로 번질 수 있다는 전쟁 원인 이론의 맥락에서 이 두 나라의 싸움을 한번 분석해보기 위해서이다.\n 전쟁은 정말 별의 별 이유 때문에 발생한다. 전쟁을 연구하는 학자 수만큼 많은 전쟁 원인 이론들이 존재하며, 정반대의 주장을 하는 이론이 한 권의 국제정치학 책 속에 사이좋게 소개되어 있기도 하다. \n 아주 유명한 국제정치학 이론인 ‘세력균형이론(Balance of Power Theory)’은 국가들의 힘이 균형을 이룰 때 평화가 온다고 주장한다. 최근 한창 유행하고 있는 ‘힘의 전이(轉移) 이론(Power Transition Theory)’은 국가 간(특히 강대국 사이)에서 힘의 균형이 이루어지는 경우 큰 전쟁이 발발할 가능성이 높다고 말한다. 이런 이론들은 전쟁을 일으키는 궁극적인 요인은 ‘힘의 관계’라는 사실에 서로 동의한다는 점에서 모두 현실주의 계열에 속한다.\n 힘을 계산할 때 자국(自國)의 힘만 계산하는 것이 아니라 자국의 안보에 영향을 주는 주변국들의 힘도 함께 계산하다 보니 강대국에 인접해 있는 작은 나라들의 갈등이 큰 관심거리가 되며, 이 같은 맥락에서 아제르바이잔-아르메니아 전쟁을 설명해볼 수 있겠다.\n",
		"passage_Cnt": 739
	},
	"Annotation": {
		"summary1": "별의별 이유 때문에 전쟁이 발생하는데 학자 수만큼 전쟁 원인 이론들이 존재하며 정반대 주장을 하는 이론이 국제정치학 책 속에 소개되어 있기도 하다.",
		"summary2": "전쟁은 정말 별의 별 이유 때문에 발생한다. 전쟁을 연구하는 학자 수만큼 많은 전쟁 원인 이론들이 존재하며, 정반대의 주장을 하는 이론이 한 권의 국제정치학 책 속에 사이좋게 소개되어 있기도 하다.",
		"summary3": null,
		"summary_3_cnt": null
	}
}