{
	"Meta(Acqusition)": {
		"doc_id": "REPORT-edit-10001",
		"doc_category": "REPORT",
		"doc_type": "edit",
		"doc_name": "내년도 美 국방 예산 912조원 통과…주한미군도 현 수준 유지",
		"author": null,
		"publisher": null,
		"publisher_year": null,
		"doc_origin": "월간조선"
	},
	"Meta(Refine)": {
		"passage_id": "REPORT-edit-10001-00002",
		"passage": "실제로 미 국방성은 지난달 전 세계 미군의 재배치 검토(GPR) 결과를 발표하면서 주한미군 규모에는 어떤 변화도 없다고 밝혔다.\n또 한국에 순환 배치해온 아파치 공격헬기 부대와 포병여단 본부를 상시 주둔으로 전환하는 등 오히려 주한미군 역량을 강화하는 내용을 담았다.\n이날 처리된 NDAA의 부속 보고서에는 미국의 기밀정보 공유 동맹인 ‘파이브 아이즈(Five Eyes)’에 한국, 일본, 인도, 독일 등을 확대하는 방안을 행정부가 검토해 의회에 보고서를 제출하라는 지침이 담긴 것으로 알려졌다.\n파이브 아이즈는 미국을 비롯해 호주, 영국, 뉴질랜드, 캐나다 등 영어권 5개국이 참여하고 있다. 1946년 미국과 영국이 소련 등 공산권과의 냉전에 대응하기 위해 협정을 맺었다가 이후 3개국이 추가됐다.\n한편 새 법안은 러시아와 중국을 포함해 전통적이거나 떠오르는 위협에 면밀히 대응하기 위한 연구를 진행하고, 국방부가 극초음속미사일 시험을 포함해 중국에 대응하기 위한 ‘대전략’을 수립해 보고할 것을 명시했다.\n해외 주재 미국 외교관들 사이에 집단으로 나타나는 것으로 보고돼 문제가 되는 이른바\n‘아바나 증후군’에 대한 원인 규명도 예산 항목에 포함됐다.\n또 군내 성폭력을 포함해 특정 범죄 기소 방식에 대한 대대적인 개편과 함께 군 지휘관이 군사 재판에서 행사하던 기존 권한을 상당 부분 박탈하는 내용이 들어갔다.\n논란이 됐던 여성에 대한 징병신고 의무 조항, 대통령이 전쟁 허가권을 사실상 갖도록 한 무력사용권(AUMF)을 폐지하는 조항은 포함되지 않았다.\n",
		"passage_Cnt": 762
	},
	"Annotation": {
		"summary1": "NDAA의 부속 보고서에는 파이브 아이즈에 한국, 일본, 독일 등을 확대하는 방안을 제출하라는 지침이 있다고 알려져 있고 새 법안에는 대전략을 수립해 보고할 것을 명시했다.",
		"summary2": "한편 새 법안은 러시아와 중국을 포함해 전통적이거나 떠오르는 위협에 면밀히 대응하기 위한 연구를 진행하고, 국방부가 극초음속미사일 시험을 포함해 중국에 대응하기 위한 ‘대전략’을 수립해 보고할 것을 명시했다. 이날 처리된 NDAA의 부속 보고서에는 미국의 기밀정보 공유 동맹인 ‘파이브 아이즈(Five Eyes)’에 한국, 일본, 인도, 독일 등을 확대하는 방안을 행정부가 검토해 의회에 보고서를 제출하라는 지침이 담긴 것으로 알려졌다.",
		"summary3": null,
		"summary_3_cnt": null
	}
}