{
	"Meta(Acqusition)": {
		"doc_id": "REPORT-edit-20058",
		"doc_category": "REPORT",
		"doc_type": "edit",
		"doc_name": "쇄국 외교의 한국, 글로벌 플레이어 일본",
		"author": null,
		"publisher": null,
		"publisher_year": null,
		"doc_origin": "월간조선"
	},
	"Meta(Refine)": {
		"passage_id": "REPORT-edit-20058-00011",
		"passage": " 한국에서는 아베가 끝나면 한일 간 문제도 해결될 것으로 전망한다. 천만의 말씀이다. 한층 더 구체적이고 각론적 차원의 한일갈등이 벌어질 것이다. 항상 강조하지만, 세대가 변했다. 과거사에 대해 용서를 구하던 단카이(團塊)세대는 이제 70대를 넘겨 80대가 되어가고 있다. 한국에서 한글세대인 586세대가 주류(主流)이듯이 식민지배 및 태평양전쟁과 무관한 전후(戰後) 세대가 일본의 허리로 자리 잡은 지 오래다. 엇박자 한일관계는 이런 세대교체의 결과이기도 하다.\n 따라서 한일 대타협이 없는 한 한일 간 최대 현안인 무비자 입국 문제 해결도 10월 총선 이후가 될 가능성이 높다. 수출 규제 문제는 말할 것도 없다.\n 과거처럼 미국이 한일 간 중재에 나서는 식의 외교도 끝났다. 볼턴 책에도 나오는 얘기지만 트럼프는 한일 간의 역사와 무역분쟁에 대해 관심이 없다. 트럼프가 아니라 다른 사람이 미국 대통령이 된다고 해도 달라질 것은 없다.\n 한국의 대통령 선거도 머지않았다. 빠르면 올해 말부터 대통령 선거에 관한 논의가 시작될 것이다. 반일을 통한 세(勢)몰이는 대통령 선거의 ‘핫 이벤트(hot event)’로 활용될 것이다. 일본은 이 같은 한국의 행보에 정면대결하지는 않을 것이다. 일단 11월에 당선될 미국 대통령을 통해 갈등 해결을 모색하는 것이 일본의 대안 중 하나다. 앞서 말했듯이 한반도를 넘어 전 세계를 목표로 화살을 쏘는 ‘한일 2.0 외교’ 구도다.\n",
		"passage_Cnt": 713
	},
	"Annotation": {
		"summary1": "한국은 아베가 끝나면 한일 간 문제도 해결될 것으로 전망하지만 한일갈등은 더 구체적이고 각론적 차원으로 벌어질 것이다.",
		"summary2": "한국에서는 아베가 끝나면 한일 간 문제도 해결될 것으로 전망한다. 한층 더 구체적이고 각론적 차원의 한일갈등이 벌어질 것이다.",
		"summary3": null,
		"summary_3_cnt": null
	}
}