{
	"Meta(Acqusition)": {
		"doc_id": "REPORT-edit-20054",
		"doc_category": "REPORT",
		"doc_type": "edit",
		"doc_name": "“자유를 사랑하는 국가들이 힘 합쳐 中 변화 도출하자” (폼페이오 美 국무장관)",
		"author": null,
		"publisher": null,
		"publisher_year": null,
		"doc_origin": "월간조선"
	},
	"Meta(Refine)": {
		"passage_id": "REPORT-edit-20054-00004",
		"passage": " 그러나 중국이 발전하면 자유민주주의 국가가 된다는 것은 잘못된 낙관주의였으며 그릇된 생각이었다는 점을 고백한다. 유감스럽게도 미국인들의 발전된 중국에 대한 기대는 빗나가고 말았다고 분명하게 말한다. 이 같은 오판(誤判)은 1930년대 이후 최악의 외교 실패를 미국에 안겨주었다고 단언한다. 그리고 이 같은 과오와 오판은 미국이 중국공산당의 정치이념을 중요시하지 않는 결정적 잘못을 저질렀기 때문이라고 선언한다.\n 뒤늦게나마, 중공에 대해 분명히 알아야 한다는 오브라이언 보좌관은 중국공산당은 마르크스-레닌주의 조직이며 중공의 시진핑(習近平)은 스탈린의 후계자라고 단정한다. 중국공산당은 스탈린과 결별한 적이 없는 지구상 마지막 집권 공산당이라는 것이다. 그는 공산주의하에서 개별적 인간은 집단화된 국가가 추구하는 목표를 충족시키는 데 이용되는 장기판의 졸(장기 쪽)에 불과하다고 말한다. 마르크스-레닌주의 체제하에서 개별적 인간은 아무런 자신만의 가치를 인정받지 못하며, 그들의 존재는 오로지 국가에 봉사하기 위한 것이고 국가는 그들을 위하여 존재하지 않는다고 말한다. 이 같은 이데올로기는 한 세기 러시아에서 채택되었지만 30년 전 인류 역사에 존재했던 최악의 실험으로 증명, 폐기된 것이라고 말한다.\n 그러나 중국에서는 이 사고(思考)가 아직도 마치 권리장전(權利章典)이 미국인들에게 그러한 존재이듯이 중국공산당의 기본이념으로 살아남아 있다고 말한다. 오브라이언은 중국공산당에서 자행되는 수많은 이념적 악행(惡行)들을 자세히 열거하고 설명한 후 미국은 결코 이런 중공이 세계를 제패하도록 방치하지 않겠다고 천명한다.\n",
		"passage_Cnt": 796
	},
	"Annotation": {
		"summary1": "중국이 발전하면 자유민주주의 국가가 된다는 미국인들의 기대는 빗나갔다고 분명히 말한다.",
		"summary2": "그러나 중국이 발전하면 자유민주주의 국가가 된다는 것은 잘못된 낙관주의였으며 그릇된 생각이었다는 점을 고백한다. 유감스럽게도 미국인들의 발전된 중국에 대한 기대는 빗나가고 말았다고 분명하게 말한다.",
		"summary3": null,
		"summary_3_cnt": null
	}
}