{
	"Meta(Acqusition)": {
		"doc_id": "REPORT-edit-20023",
		"doc_category": "REPORT",
		"doc_type": "edit",
		"doc_name": "“중국의 위구르 정책은 제노사이드”",
		"author": null,
		"publisher": null,
		"publisher_year": null,
		"doc_origin": "월간조선"
	},
	"Meta(Refine)": {
		"passage_id": "REPORT-edit-20023-00004",
		"passage": " ― 위구르 여성들은 어떻게 살아가고 있는가.\n “집단수용소 밖에 사는 여성의 삶도 비참하다. 먼저 결혼 상대자로 한족을 선택하도록 강요받는다. 위구르 남성 대부분은 집단수용소에 있다. 따라서 수용소 밖에는 젊은 남성 자체가 드물다. 있다 해도 직업도 없고, 이동의 자유도 없다.\n 중국 정부는 한족과 결혼할 경우 수용소 내 부모나 친척이 석방될 수 있다고 회유(懷柔)한다. 반대로 한족과의 결혼에 불응할 경우 친척 모두가 화를 입을 것이란 협박도 서슴지 않는다. 그런 진퇴양난 상황에서 한족 남성과의 결혼이 결정된다. 선택권이 없기 때문이다.\n 위구르의 한족 남성은 직업이 있고 부유하다. 중국은 시골의 한족 남성에게 위구르 여성과의 결혼을 미끼로 위구르 입식(入植)을 적극 장려하고 있다. 직업도 없고 늙은 한족 남성들이 젊은 위구르 여성을 찾아 신장 지역으로 몰려들고 있다. 이런 과정에서 위구르 남성들은 결혼 상대도 찾지 못한 채 평생 독신으로 살아가게 된다. 수용소 밖 위구르 남성이 위구르 여성과 결혼한 사람은 극히 드물다고 볼 수 있다. 결과적으로 순수한 위구르족 인구는 하루가 다르게 줄어들고 있다.”\n ― 위구르에 정착하는 한족이 많은가.\n “사실 한족은 위구르 지역에 오기를 꺼린다. 위구르인으로부터 자신들이 원망을 사고 있다는 것을 잘 알고 있기 때문이다. 그러나 수많은 혜택이 한족에게 주어지면서 최근 갑자기 한족이 몰려들고 있다. 젊은 위구르 여성과의 결혼만이 아니라, 무상(無償) 주택, 토지 장기임대, 세금 감면 같은 혜택이 있다.”\n",
		"passage_Cnt": 762
	},
	"Annotation": {
		"summary1": "중국이 위구르 여성과의 결혼을 미끼로 시골의 한족 남성에게 위구르 입식을 적극 장려하자 늙은 한족 남성들이 신장 지역으로 몰려들고 있다.",
		"summary2": "중국은 시골의 한족 남성에게 위구르 여성과의 결혼을 미끼로 위구르 입식(入植)을 적극 장려하고 있다. 직업도 없고 늙은 한족 남성들이 젊은 위구르 여성을 찾아 신장 지역으로 몰려들고 있다.",
		"summary3": null,
		"summary_3_cnt": null
	}
}