{
	"Meta(Acqusition)": {
		"doc_id": "REPORT-edit-20049",
		"doc_category": "REPORT",
		"doc_type": "edit",
		"doc_name": "“첫째 목표는 자유, 둘째는 평화, 재통일은 세 번째”",
		"author": null,
		"publisher": null,
		"publisher_year": null,
		"doc_origin": "월간조선"
	},
	"Meta(Refine)": {
		"passage_id": "REPORT-edit-20049-00005",
		"passage": " 1955년 5월 5일 그동안 서독을 속박해왔던 점령조례(占領條例)가 폐지되고 주권을 회복하던 날, 아데나워는 연방의회에서 이렇게 연설했다.\n “우리와 떨어져 자유롭지 못하게 불법적인 국가에서 살도록 강요받고 있는 동독 동포들이여! 여러분은 우리에게 속하며 우리는 여러분에게 속합니다. 우리가 다시 얻은 자유에 대한 기쁨은 여러분이 이를 누리지 못하는 한 계속해서 반감(半減)될 것입니다.\n 여러분은 우리를 믿어도 좋습니다. 우리는 여러분이 인권을 얻고 평화적으로 통일을 이룩할 때까지 쉬지 않고 자유세계와 함께 투쟁할 것이기 때문입니다.”\n 아데나워의 이 연설은 1953년 7월 27일 휴전협정 조인에 즈음해서 발표한 이승만(李承晩) 대통령의 담화와 놀랍도록 흡사하다.\n “차후도 당분간 공산압제하에서 계속 고생하지 않으면 안 되게 되는 우리의 동포들에게 우리는 다음과 같이 외칩니다. ‘동포여, 희망을 잃지 마시오! 우리는 여러분을 잊지 않을 것이며 모른 체하지도 않을 것입니다. 한국 민족의 기본목표, 즉 북쪽에 있는 우리 강토와 동포들을 다시 찾고 구해내자는 목표는 계속 남아 있으며 결국 성취되고야 말 것입니다.’”\n 이러한 생각에서 서독 정부는 자신들이 독일의 유일 합법정부이며, 대외적으로도 자신들이 전체 독일인들을 대표한다고 주장하면서, 동독을 국가로 승인하는 나라와는 단교(斷交)한다는 방침을 표명했다. 이를 ‘할슈타인 원칙’이라고 하는데, 1973년 6·23평화통일외교특별선언이 나올 때까지 대한민국도 이 원칙을 준용(準用)했다.\n",
		"passage_Cnt": 755
	},
	"Annotation": {
		"summary1": "1973년 6·23평화통일외교특별선언이 나올 때까지 대한민국도 서독 정부의 할슈타인 원칙을 준용했다.",
		"summary2": "“차후도 당분간 공산압제하에서 계속 고생하지 않으면 안 되게 되는 우리의 동포들에게 우리는 다음과 같이 외칩니다. ‘동포여, 희망을 잃지 마시오! 우리는 여러분을 잊지 않을 것이며 모른 체하지도 않을 것입니다. 한국 민족의 기본목표, 즉 북쪽에 있는 우리 강토와 동포들을 다시 찾고 구해내자는 목표는 계속 남아 있으며 결국 성취되고야 말 것입니다.’” 이러한 생각에서 서독 정부는 자신들이 독일의 유일 합법정부이며, 대외적으로도 자신들이 전체 독일인들을 대표한다고 주장하면서, 동독을 국가로 승인하는 나라와는 단교(斷交)한다는 방침을 표명했다. 이를 ‘할슈타인 원칙’이라고 하는데, 1973년 6·23평화통일외교특별선언이 나올 때까지 대한민국도 이 원칙을 준용(準用)했다.",
		"summary3": null,
		"summary_3_cnt": null
	}
}