{
	"Meta(Acqusition)": {
		"doc_id": "REPORT-edit-20054",
		"doc_category": "REPORT",
		"doc_type": "edit",
		"doc_name": "“자유를 사랑하는 국가들이 힘 합쳐 中 변화 도출하자” (폼페이오 美 국무장관)",
		"author": null,
		"publisher": null,
		"publisher_year": null,
		"doc_origin": "월간조선"
	},
	"Meta(Refine)": {
		"passage_id": "REPORT-edit-20054-00003",
		"passage": " 지금 이 순간 미국의 7함대와 3함대 소속 함정들은 대형 성조기를 게양한 채 중국이 영해(領海)로 선언한 인공섬들의 영해를 가로지르는 일촉즉발의 ‘자유의 항해’ 작전을 실시하고 있다. 물론 중국의 인공섬 주변 수역에 대한 영해 선언은 국제법적으로 불법이다. 국제 해양법은 인공섬은 영해를 가질 수 없다고 규정하고 있다.\n 이처럼 긴장이 지속되는 와중에 미국은 중국공산당 정권을 해체하겠다고 선언한 것이다. 트럼프 대통령이 행한 특이한 스타일의 대(對)중공 선전포고인 4개의 연설을 정리・분석하여 소개한다.\n 로버트 오브라이언 국가안보보좌관은 6월 24일 중국공산당의 이데올로기가 미국의 사상과 양립(兩立)할 수 없으며 중공의 세계 제패 야망을 묵과할 수 없다는 연설을 행함으로써 특이한 유형의 선전포고 제1탄을 발하였다. 이 연설에서 오브라이언 보좌관은 앞으로 세 명의 고위 관리가 중국 관련 연설을 할 것이라고 예고했다.\n 우선 그는 트럼프 대통령이 영도하는 미국은 늦기는 했지만 비로소 중국공산당의 행동이 미국에 가하는 미국인의 생활 방식 그 자체에 대한 위협에 눈을 뜨게 되었다는 사실을 지적한다. 지난 수십 년간, 정계는 물론 기업과 학문 및 언론 등을 지배한 미국의 일반 여론은 중국이 우선 경제 영역에서 시작하여 정치 분야에서도 좀 더 개방된 사회가 되는 것은 시간문제라는 안일함에 사로잡힌 것이었다. 미국 사람들은 중국에 더 많은 시장을 개방하고 더 많이 중국에 투자하며 더 많은 중국 관료와 과학자, 기술자 및 군(軍) 장교들을 훈련시키면 중국은 점차 미국을 닮게 될 것이라고 생각해왔다고 지적한다. \n",
		"passage_Cnt": 794
	},
	"Annotation": {
		"summary1": "중국의 인공섬 주변 수역에 대한 영해 선언은 국제법적으로 불법이지만 미국의 7함대와 3함대 소속 함정들은 인공섬들의 영해를 가로지르는 자유의 항해 작전을 실시하고 있다.",
		"summary2": "지금 이 순간 미국의 7함대와 3함대 소속 함정들은 대형 성조기를 게양한 채 중국이 영해(領海)로 선언한 인공섬들의 영해를 가로지르는 일촉즉발의 ‘자유의 항해’ 작전을 실시하고 있다. 물론 중국의 인공섬 주변 수역에 대한 영해 선언은 국제법적으로 불법이다.",
		"summary3": null,
		"summary_3_cnt": null
	}
}