{
	"Meta(Acqusition)": {
		"doc_id": "REPORT-edit-10021",
		"doc_category": "REPORT",
		"doc_type": "edit",
		"doc_name": "북한, 위장회사 세워 아프리카에 대형 동상 제작",
		"author": null,
		"publisher": null,
		"publisher_year": null,
		"doc_origin": "월간조선"
	},
	"Meta(Refine)": {
		"passage_id": "REPORT-edit-10021-00001",
		"passage": "북한 만수대창작사가 위장회사를 내세워 아프리카 베냉에 동상을 제작 중인 사실이 확인됐다.\n14일 미국의소리(VOA)는 북한의 동상 수출과 해외 노동, 북한 정권과의 거래는 모두 명백한 대북 제재 위반이지만 계속되고 있다고 보도했다.\nVOA가 입수한 자료에는 북한이 서아프리카 베냉에 건설 중인 대형 동상 관련 자료들이 담겼다.\n앞서 VOA는 지난해 9월 북한 만수대창작사의 위장회사가 베냉 최대 도시인 ‘코토누’에 높이 30m의 동상을 건립 중이라고 보도했다.\nVOA가 입수한 건축도면 컴퓨터 파일에는 도면 형태 그림과 건설을 담당한 회사, 이를 맡긴 주체 등을 설명한 내용이 나온다.\n‘시공주’라고 적힌 항목 바로 아래에는 ‘청룡국제개발회사’고 돼 있다.\nVOA는 소식통을 인용해, ‘청룡국제개발회사’는 만수대창작사가 허위로 내세운 회사이며, 실제 동상 제작과 관련된 모든 과정은 만수대 측이 담당하고 있다고 보도했다.\n도면에 등장하는 ‘건설주’ 항목 아래에는 ‘베닌공화국 생활환경 및 지속개발성’이라고 돼 있다.\n이에 대해 이영환 전환기정의워킹그룹(TJWG) 대표는 “‘지속개발’이라는 문구에 눈길이 간다”며 “UN의 지속가능발전목표(Sustainable Development Goals: SDGs)라는 프레임워크(framework)를 눈가림용으로 포장하는 국제적 사례”라고 했다.\n도면 형태의 그림들은 사람 모습을 한 동상을 신체 부위별로 나눈 형태를 하고 있다.\n",
		"passage_Cnt": 711
	},
	"Annotation": {
		"summary1": "VOA는 북한의 동상 수출 등이 대북 제재 위반임에도 계속되고 있다고 보도했으며 VOA가 입수한 자료에는 북한이 베냉에 건설 중인 대형 동상 관련 자료들이 담겼다. ",
		"summary2": "14일 미국의소리(VOA)는 북한의 동상 수출과 해외 노동, 북한 정권과의 거래는 모두 명백한 대북 제재 위반이지만 계속되고 있다고 보도했다. VOA가 입수한 자료에는 북한이 서아프리카 베냉에 건설 중인 대형 동상 관련 자료들이 담겼다.",
		"summary3": null,
		"summary_3_cnt": null
	}
}