{
	"Meta(Acqusition)": {
		"doc_id": "REPORT-edit-20006",
		"doc_category": "REPORT",
		"doc_type": "edit",
		"doc_name": "‘외계인이 인종 개량을 위해 납치!’",
		"author": null,
		"publisher": null,
		"publisher_year": null,
		"doc_origin": "월간조선"
	},
	"Meta(Refine)": {
		"passage_id": "REPORT-edit-20006-00011",
		"passage": " 맥 박사는 자신이 납치 경험자들의 이야기를 진지하게 받아들인 이유를 그의 책과 언론 인터뷰를 통해 여러 차례 설명했다. 그는 “이 사람들과 처음 이야기를 나눴을 때 정신의학으로는 설명할 수 없는 부분이 있다는 것을 깨달았다”며 “이들이 말하는 내용을 들어보면 정신적인 측면과 관계가 없는 것 같았다”고 했다. 쉽게 말하면 정신적으로 문제가 있는 사람들이 아니라는 뜻이다. 그는 이들의 이야기에는 일관성이 있었고 관심을 받기 위해 이야기를 지어내는 사람들이 아니라고 했다. “이들은 자신들이 이런 일을 겪었다는 것을 믿고 싶지 않아 한다”며 “이들은 이것이 그냥 꿈일 뿐이고 미친 생각일 뿐이라는 말을 듣고 싶어 한다”고 했다. 맥 박사는 망상, 환각, 거짓말이라는 것은 기억을 단편적으로 조작하는 것이지 구체적인 내용을 다 만들어내지는 못한다고 설명했다.\n 맥 박사는 ‘납치 경험자들의 이야기를 믿는다’는 식의 표현을 싫어했다. 그는 1994년 진행된 한 미국 방송과의 인터뷰에서 ‘언제부터 이들을 믿기 시작했느냐’라는 질문을 받고는 다음과 같이 답했다.\n 〈‘믿는다’는 표현은 잘못됐다. ‘진지하게 받아들인다’가 맞는 표현이다. 우리가 사는 세상에서 ‘믿음’이란 매우 위험한 표현이다. 이는 어떤 믿음 체계의 일부가 된다는 뜻으로 받아들여지기 때문이다. ‘이들의 증언에 신뢰도가 있고 일부는 현실일 수도 있다는 점을 진지하게 받아들이게 됐다’는 표현이 맞다.〉\n",
		"passage_Cnt": 708
	},
	"Annotation": {
		"summary1": "맥 박사는 납치 경험자들과의 이야기에서 정신의학으로는 설명할 수 없는 부분이 있다는 것을 깨달았다고 했다.",
		"summary2": "맥 박사는 자신이 납치 경험자들의 이야기를 진지하게 받아들인 이유를 그의 책과 언론 인터뷰를 통해 여러 차례 설명했다. 그는 “이 사람들과 처음 이야기를 나눴을 때 정신의학으로는 설명할 수 없는 부분이 있다는 것을 깨달았다”며 “이들이 말하는 내용을 들어보면 정신적인 측면과 관계가 없는 것 같았다”고 했다.",
		"summary3": null,
		"summary_3_cnt": null
	}
}