{
	"Meta(Acqusition)": {
		"doc_id": "REPORT-edit-20056",
		"doc_category": "REPORT",
		"doc_type": "edit",
		"doc_name": "對北제재 피한 北의 돈세탁과 자금 조달 방법 상세히 적시",
		"author": null,
		"publisher": null,
		"publisher_year": null,
		"doc_origin": "월간조선"
	},
	"Meta(Refine)": {
		"passage_id": "REPORT-edit-20056-00002",
		"passage": " 공소장에 따르면 북한 조선무역은행 직원들이 2013년부터 2020년 1월까지 자행한 범죄는 1977년에 미국에서 제정된 ‘국제긴급경제권한법(International Emergency Economic Powers·IEEP)’과 ‘은행비밀법’ 위반이다. IEEP는 미국의 안보, 외교, 경제에 이례적이고 특별한 위협이 발생할 경우 대통령에게 경제제재를 감행할 수 있는 권한을 부여한다.\n IEEP에 입각하여 대통령과 행정부는 대량살상무기 확산 혐의가 의심되는 국가, 개인 등 개체들과 교류를 금지하는 명령을 시행했다. 2016년 3월 15일 대통령은 법에 명시된 국가 비상사태를 해결하고 지속되는 북한의 핵무기 프로그램에 대응하고자 행정명령 13722를 발표했다. 이에 따라 2016년 3월 16일 미국 재무부는 북한 제재 규정을 공포했다.\n 2005년에 제정된 대통령 행정명령 13382호와 13722호는 ‘대량살상무기 확산자 제재 규정’과 ‘북한 제재 규정’을 각각 회피하거나 회피하려는 의도를 가진 금융거래들이 미국 내에서 이행되거나 미국 시민이 이행하는 행위 역시 금한다고 했다.\n 북한은 이를 위반했다. 조선무역은행 비밀지점과 해외 유령회사를 만들어 대북제재 품목과 사치품을 구입했다. 또 자금 세탁을 통해 북한의 대량살상무기 제조 자금까지 만들었다.\n 미국의 ‘은행비밀법’에 따라 미국 금융기관들은 비밀법에 따른 국내의 돈세탁 방지 요구 사항들에 따라야 하며 재무부 해외자산 통제국(OFAC)이 관장하는 제재 프로그램들에도 준수할 의무를 가진다.\n",
		"passage_Cnt": 759
	},
	"Annotation": {
		"summary1": "북한 조선무역은행 직원들은 해외 유령회사를 만들어 대북제재 품목과 사치품을 구입해 국제긴급경제권한법과 은행비밀법을 위반했다.",
		"summary2": "공소장에 따르면 북한 조선무역은행 직원들이 2013년부터 2020년 1월까지 자행한 범죄는 1977년에 미국에서 제정된 ‘국제긴급경제권한법(International Emergency Economic Powers·IEEP)’과 ‘은행비밀법’ 위반이다. 조선무역은행 비밀지점과 해외 유령회사를 만들어 대북제재 품목과 사치품을 구입했다.",
		"summary3": null,
		"summary_3_cnt": null
	}
}