{
	"Meta(Acqusition)": {
		"doc_id": "REPORT-edit-20009",
		"doc_category": "REPORT",
		"doc_type": "edit",
		"doc_name": "抗蘇 지도자들, 사치에 빠져 탈레반과 싸우지 못해",
		"author": null,
		"publisher": null,
		"publisher_year": null,
		"doc_origin": "월간조선"
	},
	"Meta(Refine)": {
		"passage_id": "REPORT-edit-20009-00006",
		"passage": " 따라서 탈레반은 파슈툰족이라도, 길자이족이든 두라니족이든 간에 종교적 세계관 공유(共有) 여부에 따라 피아(彼我)를 구분한다. 이란의 아프가니스탄 전문가 모하마드 자파리안은 아프가니스탄인 중 15~25%가 탈레반 사상을 갖고 있고 대부분 파슈툰족이지만, 그 외 6~8%는 우즈베크족·타지크족·투르크멘족으로 추정한다.\n 1989년 소련이 철수한 후 1992년부터 내전에 들어가자 칸다하르에서 자경단(自警團)으로 시작한 탈레반은, 파키스탄 정보부와 사우디아라비아의 후원으로 1996년 북부동맹이 장악한 지역을 제외하고 약 90%에 달하는 아프가니스탄을 장악하였다. 이후 탈레반 정권은 알카에다에게 테러 기지를 제공하고 오사마 빈라덴과 협력했다. 이 때문에 9·11테러 직후 미국의 공격을 받아 2001년 12월 탈레반 정권은 5년 만에 막을 내렸다.\n 그로부터 20년 만에 다시 탈레반이 돌아왔다. 천문학적인 재원을 투입하고도 미국은 왜 아프가니스탄에 성공한 민주 정부를 세우지 못하였을까? 도대체 탈레반은 어떻게 성공한 것일까?\n 자파리안은 탈레반의 성공 이유로, 먼저 가족의 후원과 파슈툰족이라는 기반을 든다. 4명의 형제 중 3명이 탈레반에 가담한 경우, 나머지 1명이 형제들의 가족 생계를 떠맡는다. 또 탈레반의 주축이 파슈툰족이라는 사실은 말 그대로, 파슈툰족은 마르지 않는 저수지처럼 끊임없이 탈레반 전사를 공급한다.\n 둘째, 미국이 민심과 무관하게 아프가니스탄 정부를 구성하였기 때문에 탈레반이 성공할 수 있었다. 하미드 카르자이는 정당 당수의 비서역을 수행한 것 외에 정치 경험이 부족하였다. 대소 항전 용사들에게 미국에서 요식업을 한 카르자이는 지도자감이 아니었다. \n",
		"passage_Cnt": 830
	},
	"Annotation": {
		"summary1": "이란의 아프가니스탄 전문가는 아프가니스탄인 중 15~25%가 탈레반 사상을 갖고 있다고 추정하는데 탈레반은 종교적 세계관 공유 여부에 따라 피아를 구분한다.",
		"summary2": "따라서 탈레반은 파슈툰족이라도, 길자이족이든 두라니족이든 간에 종교적 세계관 공유(共有) 여부에 따라 피아(彼我)를 구분한다. 이란의 아프가니스탄 전문가 모하마드 자파리안은 아프가니스탄인 중 15~25%가 탈레반 사상을 갖고 있고 대부분 파슈툰족이지만, 그 외 6~8%는 우즈베크족·타지크족·투르크멘족으로 추정한다.",
		"summary3": null,
		"summary_3_cnt": null
	}
}