{
	"Meta(Acqusition)": {
		"doc_id": "REPORT-edit-20051",
		"doc_category": "REPORT",
		"doc_type": "edit",
		"doc_name": "독일 통일은 미국의 ‘힘의 정치’의 소산",
		"author": null,
		"publisher": null,
		"publisher_year": null,
		"doc_origin": "월간조선"
	},
	"Meta(Refine)": {
		"passage_id": "REPORT-edit-20051-00001",
		"passage": "1990년 10월 2일 밤, 동·서독 정치 지도자들은 복원된 베를린의 독일 의회 건물에 모여 중대한 사건을 축하했다. 이날 자정을 기해 독일은 다시 통일된 나라가 된 것이다. 빌리 브란트 전 서독 총리는 통일 1년 전 “한데 속한 것은 함께 모인다”고 하면서 통일은 새로운 독일의 쇼비니즘적 표현이 아니라 자유와 자결에 대한 열망의 결과임을 강조했다. 독일 지도자들은 재(再)통일은 특히 소련과 미국 등 4대 열강의 원조와 격려를 받아 동·서독이 함께 노력한 결과라고 했다.\n 이상의 설명은 독일 현대사의 권위자 디트리히 올로(Dietrich Orlow) 교수가 쓴 《독일 현대사: 1871년 독일 제국 수립부터 현재까지》라는 책 중의 독일 통일에 관한 장에 두루뭉술하게 기술된 독일 통일 이야기다. 하지만 실제 독일 통일은 독일 지도자들이 말한 4강의 원조와 격려로 이루어진 것은 아니었다.\n 독일 지도자들이 말하는 4강이란 미국을 비롯해 독일 통일 당시 해체되기 이전의 소련, 영국, 프랑스를 의미한다. 사실 이 나라들 모두가 독일의 통일을 원조하고 격려하지는 않았다. 독일 통일은 소련·영국·프랑스의 반대에도 불구하고 이루어질 수 있는 일이었다. 독일 통일을 가능하게 한 가장 중요한 힘은 미국의 힘이었다.\n 즉 독일 통일은 권력정치(power politics)야말로 국제정치에서의 진수(眞髓)라는 사실을 모범적으로 보여준 사례로 볼 수 있는 사건이었다. 독일 통일은 파워 폴리틱스의 결과라는 말이다. 국제정치의 과정과 결과에 가장 큰 영향을 미치는 요인은 ‘힘(power)’이라고 보는 학자들은 국제정치를 파워 폴리틱스(힘의 정치)라고도 말한다. 필자는 독일의 통일을 파워 폴리틱스의 결과라 보며, 이 중에서 가장 결정적인 역할을 한 요인은 미국의 힘이라고 본다\n",
		"passage_Cnt": 879
	},
	"Annotation": {
		"summary1": "동·서독 정치 지도자들은 독일의 재통일을 축하하며 4대 열강의 원조를 받아 동·서독이 함께 노력한 결과라고 했다.",
		"summary2": "1990년 10월 2일 밤, 동·서독 정치 지도자들은 복원된 베를린의 독일 의회 건물에 모여 중대한 사건을 축하했다. 독일 지도자들은 재(再)통일은 특히 소련과 미국 등 4대 열강의 원조와 격려를 받아 동·서독이 함께 노력한 결과라고 했다.",
		"summary3": null,
		"summary_3_cnt": null
	}
}