{
	"Meta(Acqusition)": {
		"doc_id": "REPORT-edit-00037",
		"doc_category": "REPORT",
		"doc_type": "edit",
		"doc_name": "【서봉대의 ‘되짚기’】 이번 대선에선 어떤 승부수가 통할까? 윤석열, 이재명은...",
		"author": null,
		"publisher": null,
		"publisher_year": null,
		"doc_origin": "월간조선"
	},
	"Meta(Refine)": {
		"passage_id": "REPORT-edit-00037-00002",
		"passage": "이를 계기로 여론조사에서 정 후보를 앞서며 상승세를 타기 시작했고 단일화 여론조사 결과도 노 후보 승리로 끝났다.\n지지세력인 노사모는 물론,우세한 당 조직력 덕도 봤을 것이다.노 후보는 집권당인 새천년민주당을 업고 있었던 반면 정 후보는 군소정당인 국민통합21에 의지해야 하는 처지였다.\n대선 결과 노 후보는 이 후보와 접전 끝에2.3%차이로 누르고 대권을 차지했다.\n.문재인·안철수 후보가 지지율 여론조사에서 상승세를 타면서 박 후보를 바짝 추격,판세가 혼미해지고 있던 상황이었다.\n박 후보는 대선을 석 달 앞두고 기자회견을 통해“5·16과 유신,인혁당 등은 헌법가치가 훼손되고 대한민국의 정치 발전을 지연시키는 결과를 가져왔다”며”상처와 피해를 입은 분들과 가족들에게 진심으로 사과드린다“고 밝혔던 것.판세에 큰 영향을 미칠 수 있는 추석 연휴를 며칠 앞둔 때였다.\n회견에 대해 경쟁 후보들도 긍정 평가를 했을 정도로 박 후보에겐 지지율 하락세를 반전시킬 수 있는 계기가 됐고 결국 당선됐다.선거전 막판 문재인 후보가 안철수 후보의 지지선언으로 상승세를 타기는 했으나 판세를 뒤집지는 못했다.\n2012년 대선에서 낙선한 이후부터2015년까지 소속당이 재보선에서 잇따라 참패, 2016년4월 총선을 앞두고 당내 위기감이 고조됐다.지지율 여론조사에선 막 창당됐던(2016년2월)국민의당에도 밀렸을 정도였던 것.한해 앞으로 다가온 대선 전망도 불투명할 수밖에 없었다.\n",
		"passage_Cnt": 709
	},
	"Annotation": {
		"summary1": "박 후보는 유신,인혁당 등이 대한민국의 정치 발전을 지연시키는 결과를 가져왔다고 밝혔으며 이 회견이 박 후보에게는 지지율 하락세를 반전시킬 수 있는 계기가 됐고 결국 당선됐다.",
		"summary2": "박 후보는 대선을 석 달 앞두고 기자회견을 통해“5·16과 유신,인혁당 등은 헌법가치가 훼손되고 대한민국의 정치 발전을 지연시키는 결과를 가져왔다”며”상처와 피해를 입은 분들과 가족들에게 진심으로 사과드린다“고 밝혔던 것. 회견에 대해 경쟁 후보들도 긍정 평가를 했을 정도로 박 후보에겐 지지율 하락세를 반전시킬 수 있는 계기가 됐고 결국 당선됐다.",
		"summary3": null,
		"summary_3_cnt": null
	}
}