{
	"Meta(Acqusition)": {
		"doc_id": "REPORT-edit-10054",
		"doc_category": "REPORT",
		"doc_type": "edit",
		"doc_name": "이란이 한국 선박 나포한 것은 대이란 제재로 못 받고 있는 70억 달러 받아내기 위한 것?",
		"author": null,
		"publisher": null,
		"publisher_year": null,
		"doc_origin": "월간조선"
	},
	"Meta(Refine)": {
		"passage_id": "REPORT-edit-10054-00001",
		"passage": "이란 혁명수비대 해군은 1월 4일 호르무즈해협에서 우리 국적 선박(케미컬 운반선) 한국케미호를 나포했다. 이란 파르스통신은 “이란 혁명수비대가 걸프 해역에서 한국 선박을 나포해 항구로 이동시켰다”며 “기름 오염과 환경 위험을 이유로 나포했다”고 전했다. 해당 선박의 소속사는 그럴 이유가 없다면서 이란측 주장을 반박했다. 우리 정부는 이란측에 해당 선박의 억류 해제를 요청하는 한편, 청해부대를 급파했다.\n의문은 왜 이란이 우리 선박을 나포했느냐 하는 것이다. 당초 이란 해군은 “영해 침범”을 이유로 한국케미호를 정선시켰지만, 선장이 “공해 상”이라고 항의하자 말을 바꾸어서 ‘기름 오염과 환경 위험’을 이유로 내세운 것으로 알려졌다.\n이와 관련, 이란이 내세우는 이유는 핑계일 뿐이고, 실제 원하는 것은 미국의 대(對)이란 금융제재로 묶여 있는 70억 달러[한화(韓貨) 7조 6000억원 상당]의 자금을 받아내는 것이라는 관측이 나오고 있다. 국내 금융기관에는 한국이 이란에서 수입한 석유‧가스대금 70억 달러가 예치되어 있다. 당연히 이란에게 지급되어야 할 돈이지만, 미국의 대이란 제재 때문에 이란측에 전해주지 못하고 있다. 이란과 금융제재를 할 경우 글로벌 금융망에서 배제되는 등 미국측이 세컨더리 보이콧을 할 우려가 있기 때문이다. 이란측은 그동안 여러 차례에 걸려 이 돈을 내놓으라고 요구해 왔다. 주한이란대사관은 작년 3월 24일 보도자료를 내고 “인도적 물품의 제재와 관련한 미국 책임자들의 거짓 주장으로 인해 이란 국민들은 이러한 위기 상황에서조차 한국 은행에 묶여 있는 자산(제재 이전 가스와 액화 가스 판매액)을 사용하지 못한다”며 “비제재 품목과 필수품 중 특히 생명을 지키는 데 필수적인 의약품과 의료 장비 등의 인도적 물품을 구입할 수 없고, 한국이나 외국 기업으로부터 필요한 물품들을 구입하는 데에도 이 재정을 사용할 수 없다”고 주장했다. 코로나 대응을 위한 인도적 목적으로 사용할 테니 해당 대금을 내달라는 요구였다.\n",
		"passage_Cnt": 980
	},
	"Annotation": {
		"summary1": "국내 금융기관에 이란에서 수입한 70억 달러가 예치되어 있는데 미국의 대이란 제재 때문에 이란 측에 전해주지 못하고 있다.",
		"summary2": "국내 금융기관에는 한국이 이란에서 수입한 석유‧가스대금 70억 달러가 예치되어 있다. 당연히 이란에게 지급되어야 할 돈이지만, 미국의 대이란 제재 때문에 이란측에 전해주지 못하고 있다.",
		"summary3": null,
		"summary_3_cnt": null
	}
}