{
	"Meta(Acqusition)": {
		"doc_id": "REPORT-edit-00022",
		"doc_category": "REPORT",
		"doc_type": "edit",
		"doc_name": "【이상곤의 ‘흐름’】 윤희숙이 날린 경책(警策).. ‘정치인의 도덕성’",
		"author": null,
		"publisher": null,
		"publisher_year": null,
		"doc_origin": "월간조선"
	},
	"Meta(Refine)": {
		"passage_id": "REPORT-edit-00022-00001",
		"passage": "정치인은 과연 어디까지 도덕적이어야 하는가?도덕주의는 정치인에게 필수조건인가.그렇다면 동서고금에 왜 정치인의 부정부패가 판을 쳤는가. ‘왕도정치’나‘철인정치’라는 말도 궁극적으로는 도달하지 못할 인간의 희망고문에 지나지 않는 걸까. 25일 국민의힘 윤희숙 의원의 사퇴의 변을 듣고 나니 드는 생각이었다.\n그는 자신의 부친과 관련한 부동산 투기 논란에 책임을 지고 의원직을 내놓으며‘정치인의 도덕성’문제를 제기했다. 26년 전에 분가한 친정아버지가 부동산 투기를 했느냐 아니냐는 차치하더라도 신선한 문제제기란 생각이 들었다.대선을 앞두고 권력다툼에 혈안이 돼 있는 대한민국 국회에서 느닷없이‘정치인의 도덕성’이라니.하지만 한편으로는 진영 간 편가르기로 갈수록 갈등이 격화되는 한국 정치를‘도덕’이라는 소프트웨어로 재단해 보는 것도 필요한 시점이란 생각도 들었다.\n그의 기자회견 발언 중에는“국민들이 정치인의 도덕성 평가를 포기하고 있다”는 말이 유독 귀에 들어왔다. 30년이 되도록 기자와 평론가로 정치판을 들여다봤지만 그의 진단에 새삼 고개가 끄덕여졌다.정치인의 정의 즉 도덕의 문제는 정치인 자신 뿐 아니라 유권자인 국민들도 책임이 있다는 말 아닌가.해마다 선거를 하고 나서 우리는“손가락을 잘라 한강에 버려야 한다”는 소리를 얼마나 많이 하고 들었나.윤 의원이 새삼스레 그 문제를 짚고 나온 것이다.\n그는“왜 의원직을 사퇴하느냐?”는 기자 질문에“정치인은 도덕성의 기준이 높아야 한다.그것이 대선에 출마한 이유기도 하다”고 말했다.그는 초선이지만 대선 출마를 선언하고 국민의힘 대선 경선 예비후보로 활동했다.그러면서 그는“국민들은 그동안 보통의 국민들보다 못한 도덕성을 가진 정치인들을 포기하고 용인해왔다”며“왜냐하면 정치인들은 다 그러려니 했기 때문”이라고 말했다.\n",
		"passage_Cnt": 880
	},
	"Annotation": {
		"summary1": "국민의 힘 윤 의원은 자신의 부친과 관련된 부동산 투기 논란에 책임을 지고 의원직을 내놓으며 정치인의 도덕성 문제를 제기했다.",
		"summary2": "25일 국민의힘 윤희숙 의원의 사퇴의 변을 듣고 나니 드는 생각이었다. 그는 자신의 부친과 관련한 부동산 투기 논란에 책임을 지고 의원직을 내놓으며‘정치인의 도덕성’문제를 제기했다.",
		"summary3": null,
		"summary_3_cnt": null
	}
}