{
	"Meta(Acqusition)": {
		"doc_id": "REPORT-edit-20013",
		"doc_category": "REPORT",
		"doc_type": "edit",
		"doc_name": "나폴레옹은 누구에게 졌나?",
		"author": null,
		"publisher": null,
		"publisher_year": null,
		"doc_origin": "월간조선"
	},
	"Meta(Refine)": {
		"passage_id": "REPORT-edit-20013-00004",
		"passage": " 러시아는 약 40만명을 동원했으나 결전을 피하고 초토화(焦土化) 작전을 펴면서 후퇴, 나폴레옹군의 길어지는 보급선을 게릴라전으로 괴롭혔다. 나폴레옹은 9월 중순 모스크바를 점령했으나 러시아 측이 불을 질러 도시의 90%를 태우니 잘 곳도 먹을 것도 없어졌다(당시 수도는 페테르부르크). 한 달 뒤 나폴레옹은 철수를 결심, 후퇴하는데 겨울이 일찍 닥쳤다. 러시아군은 쿠투조프 장군의 지휘하에 나폴레옹군을 공격, 60만 대군은 러시아 대평원에서 사라져갔다(톨스토이의 《전쟁과 평화》가 이 대목을 실감 나게 묘사했다). 20만명이 죽고, 18만명은 포로, 20만명이 탈영했다. 겨우 3만명이 생환(生還)하였다. 이런 인적 손실만큼 치명적이었던 것은 수십만 마리의 말을 잃은 점이었다.\n 나폴레옹의 동원력은 현저히 약화되어 이듬해 라이프치히 회전에서 패배, 1814년 황제 퇴위(退位), 지중해의 엘바섬을 일종의 영지(領地)로 받아 물러났다. 유럽을 호령하던 나폴레옹의 그때 나이는 44세, 그는 이 섬에서 쓰레기 처리 시스템까지 만들어주면서 마음을 붙여보려고 했으나 그의 뜨거운 피와 프랑스 상황이 나폴레옹을 마지막 무대로 불러냈다. 루이 18세의 실정(失政)과 감군(減軍)에 따른 제대군인들의 불만, 패전국으로 전락한 프랑스 국민의 상한 자존심을 전해 들은 나폴레옹은 1815년 2월 26일 대대 병력의 부하들을 데리고 엘바섬을 탈출해 남불(南佛) 앙티브 근방에 상륙, 투항하는 정부군을 흡수해가면서 3월 20일 파리로 들어왔다. 나폴레옹이 엘바섬을 탈출했을 때는 ‘괴물탈출’이라고 보도했던 신문이 ‘황제귀환’이란 제목으로 그를 환영했다.\n",
		"passage_Cnt": 805
	},
	"Annotation": {
		"summary1": "러시아는 약 40만 명을 동원했으나 결전을 피하고 초토화 작전을 펴면서 후퇴하고 나폴레옹은 모스크바를 점령했으나 러시아 측이 불을 질러 잘 곳도 먹을 것도 없어졌다.",
		"summary2": "러시아는 약 40만명을 동원했으나 결전을 피하고 초토화(焦土化) 작전을 펴면서 후퇴, 나폴레옹군의 길어지는 보급선을 게릴라전으로 괴롭혔다. 나폴레옹은 9월 중순 모스크바를 점령했으나 러시아 측이 불을 질러 도시의 90%를 태우니 잘 곳도 먹을 것도 없어졌다(당시 수도는 페테르부르크).",
		"summary3": null,
		"summary_3_cnt": null
	}
}