{
	"Meta(Acqusition)": {
		"doc_id": "REPORT-edit-20014",
		"doc_category": "REPORT",
		"doc_type": "edit",
		"doc_name": "日, 中이 5년 내 타이완 공격할 것으로 예측",
		"author": null,
		"publisher": null,
		"publisher_year": null,
		"doc_origin": "월간조선"
	},
	"Meta(Refine)": {
		"passage_id": "REPORT-edit-20014-00009",
		"passage": " 일본은 천안문 사태 기념일인 6월 4일 타이완에 대한 백신지원을 발표했다. 한국이 보면 부럽게 느껴지지만, 아스트라제네카 백신 124만 회분을 타이완에 무상 지원했다.\n 현재 일본의 타이완 지지를 주도하는 인물은 아베 전 총리다. 그는 7월 28일 인터뷰에서 “바이러스 상황을 보면서 타이완을 방문하고 싶다”는 말을 전했다. 방문 목적은 지난해 7월 30일, 97세로 서거한 이등휘(李登輝) 총통 묘소 방문이다. 친일(親日) 정치가에 대한 존경과 애도를 전하고 싶다는 말을 타이완인에게 전했다. 아베의 인터뷰가 나간 뒤 타이완 전 국민이 두 손을 들어 반겼다.\n 필자 생각으로는 9월부터 펼쳐질 일본 총선을 즈음해 아베의 타이완 방문에 대한 얘기가 한층 더 무르익을 것이다. 중국을 자극할 것은 분명하지만, 타이완에 대한 일본인의 호감도를 고려할 경우 자민당에 절대 유리하다. 물론 미국과의 관계도 좋아질 수 있다. 여야 구별 없이 일본 정치인 모두 타이완을 지지하면서 미국의 반중(反中) 전선에 동참하는 판이다.\n ‘미중 관계가 좋으면 미일 관계는 나빠진다. 미중 관계가 나쁘면 미일 관계는 좋아진다.’\n 일본인이라면 누구나 신봉하는 1차원 국제정치 프레임이다. 최근에 미중 격돌이 심화되면서 새로운 프레임이 하나 더 추가됐다.\n ‘미일 관계가 좋으면 중국이 일본에 구애를 한다. 미일 관계가 나빠지면 중국은 일본을 간단히 무시한다.’\n 반일과 친중(親中)으로 무장한 한국 정치가에게 전하고 싶은 1차원 국제정치 프레임이 하나 있다.\n",
		"passage_Cnt": 749
	},
	"Annotation": {
		"summary1": "일본은 아스트라제네카 백신 124만 회분을 타이완에 무상 지원했다.",
		"summary2": "일본은 천안문 사태 기념일인 6월 4일 타이완에 대한 백신지원을 발표했다. 한국이 보면 부럽게 느껴지지만, 아스트라제네카 백신 124만 회분을 타이완에 무상 지원했다.",
		"summary3": null,
		"summary_3_cnt": null
	}
}