{
	"Meta(Acqusition)": {
		"doc_id": "REPORT-edit-00019",
		"doc_category": "REPORT",
		"doc_type": "edit",
		"doc_name": "【이상곤의 ‘흐름’】‘자유와 공정’ 포럼 창립... 내년 정권교체 ‘반문(反文)’ 깃발만으로는 안 돼",
		"author": null,
		"publisher": null,
		"publisher_year": null,
		"doc_origin": "월간조선"
	},
	"Meta(Refine)": {
		"passage_id": "REPORT-edit-00019-00001",
		"passage": "친(親)윤석열 전 검찰총장 성향의 전직 야당 국회의원들과 전문가100인이7일‘자유와 공정’포럼을 창립했다.\n포럼은 이날 여의도 동우국제빌딩 회의실에서 회원50여명이 참석한 가운데 창립총회를 가졌다.상임고문에는 김진홍 목사,강창희 전 국회의장,공동대표는 나경원 전 자유한국당 원내대표,이주영 전 국회부의장,김석준 서울미디어대학원대학교 총장(17대 국회의원)등3인을 추대했다.정책위의장에는 성윤환,정용기 전 의원,사무총장에는 임인배 전 의원을 각각 임명했다.\n윤 전 총장을 뒷받침하는 조직은 유독‘포럼’이 강하다. ‘자유’와‘공정’, ‘상식’이라는 이름이 들어간 포럼은 거의 윤 전 총장을 위한 모임이라 봐야 한다.윤 전 총장이 대선 출마를 선언한 뒤‘공정’과‘상식’은‘윤석열의 시대정신’이 됐다.\n이번에 창립한‘자유와 공정’포럼은 기존 포럼과는 성격이 다르다.정치적으로 물적,인전 기반이 전무한 윤 전 총장 입장에서 전직 의원과 전문가100인의 모임은 든든한‘우군(友軍)’일 수 밖에 없다.\n윤 전 총장이 지난6월 대선 출마를 선언한 뒤 갖가지 네거티브와 공작에 휘둘리는 이유도 이런 취약한 정치적 기반과 무관치 않다.여권과 야권의 경쟁 후보들도 이런 약점을 이용해‘X파일’ ‘처가의혹’ ‘고발사주’등으로 각종 네거티브와 공작을 쏟아낸다.\n야권에 여러 후보가 있지만 여권은 지금까지 야권 유력 후보인 윤 전총장만 꺾으면 그만이라고 본다.야권의 경쟁 후보들도 정치적 우군이 없는 윤 전 총장은 완주(完走)가 어렵다고 보고 끊임없이‘내부총질’을 해댄다.\n",
		"passage_Cnt": 755
	},
	"Annotation": {
		"summary1": "자유, 공정, 상식이라는 이름이 들어간 포럼은 윤 전 총장을 위한 모임으로 윤 전 총장이 대선 출마를 선언한 뒤 공정과 상식은 윤석열의 시대정신이 됐다.",
		"summary2": "‘자유’와‘공정’, ‘상식’이라는 이름이 들어간 포럼은 거의 윤 전 총장을 위한 모임이라 봐야 한다. 윤 전 총장이 대선 출마를 선언한 뒤‘공정’과‘상식’은‘윤석열의 시대정신’이 됐다.",
		"summary3": null,
		"summary_3_cnt": null
	}
}