{
	"Meta(Acqusition)": {
		"doc_id": "REPORT-edit-20030",
		"doc_category": "REPORT",
		"doc_type": "edit",
		"doc_name": "“정권 뒤집으려면 먼저 여론 형성하고 이데올로기 공작을 해야”(마오쩌둥)",
		"author": null,
		"publisher": null,
		"publisher_year": null,
		"doc_origin": "월간조선"
	},
	"Meta(Refine)": {
		"passage_id": "REPORT-edit-20030-00020",
		"passage": " 중국공산당이 ‘문혁 16조’를 공표하면서 문화대혁명은 홍위병의 광란(狂亂)으로 폭주(暴走)하기 시작했다. 마오쩌둥은 “조반유리(造反有理·반란이 일어나는 데에는 이유가 있다)”라면서 “사령부를 포격하라”고 부추겼다. 프랑크 디쾨터는 “마오쩌둥은 자신의 주도적인 지위를 유지하고자 일부러 사회를 뒤집어엎고 수많은 사람에게 폭력을 부추겼다”고 지적했다.\n 미친 시대가 도래했다. 학생들이 혁대 버클이나 망치, 몽둥이로 선생을 때려죽이고, 머리카락에 불을 붙이고, 뜨거운 석탄 덩어리 위를 뒹굴게 했다. 치안책임자인 공안부장 셰푸즈(謝富治)의 대응이 가관이었다. 그는 공안(경찰)들에게 “우리는 홍위병을 지지해야 한다” “홍위병과 대화하고 그들의 친구가 되어라. 그들에게 명령하지 말라. 그들에게 악한 사람을 때리는 것이 잘못이라고 말하지 말라. 그들이 흥분해서 누군가를 때려 죽인다면 그렇게 하도록 내버려 두어라”라고 지시했다. 보수단체의 광화문집회는 눈을 부릅뜨고 단속하고, 민노총 집회에는 손을 놓고, 법무부 법무실장의 폭행 사실이 나타난 동영상에 대해서는 “못 본 걸로 하겠다”고 덮는 오늘날 한국 경찰의 행태와 흡사하다.\n 1978년 12월 13일 예젠잉(葉劍英)은 중국공산당 중앙업무회의에서 연루된 사람을 포함해서 ‘문혁’ 기간에 해를 입은 사람은 1억명 이상이라고 보고했다. 프랑크 디쾨터는 “문화대혁명이 진행된 10년 동안 150만~200만명에 달하는 사람들이 목숨을 잃었고, 끊임없이 계속된 비난과 허위자백, 투쟁대회, 박해운동 등으로 그보다 훨씬 많은 사람의 삶이 파괴되었다”고 말한다.\n",
		"passage_Cnt": 784
	},
	"Annotation": {
		"summary1": "중국공산당이 문혁 16조를 공표하면서 문화대혁명은 홍 씨의 광란으로 폭주했고 마오쩌둥은 조반유리라며 사령부를 포격하라 부추겼다.",
		"summary2": "중국공산당이 ‘문혁 16조’를 공표하면서 문화대혁명은 홍위병의 광란(狂亂)으로 폭주(暴走)하기 시작했다. 마오쩌둥은 “조반유리(造反有理·반란이 일어나는 데에는 이유가 있다)”라면서 “사령부를 포격하라”고 부추겼다.",
		"summary3": null,
		"summary_3_cnt": null
	}
}