{
	"Meta(Acqusition)": {
		"doc_id": "REPORT-edit-20048",
		"doc_category": "REPORT",
		"doc_type": "edit",
		"doc_name": "개인의 힘으로 各論부터 개혁… ‘떼의 힘’으로 밀어붙이는 한국 386과 대조적",
		"author": null,
		"publisher": null,
		"publisher_year": null,
		"doc_origin": "월간조선"
	},
	"Meta(Refine)": {
		"passage_id": "REPORT-edit-20048-00008",
		"passage": " 7월 시작된 한자와 시리즈의 첫 작품은 IT 문제를 소재로 한 드라마다. 7년 만에 다시 방영하는 시즌2에서 한자와의 은행 내 직책은 부장이다. 한자와는 평사원과 차장을 거치는 동안 단카이와의 전쟁을 계속 펼쳐나간다. 비리·유착·관행·보신주의(補身主義)에 빠진 단카이를 사정없이 몰아붙이면서, 자신을 공격하는 상대에게는 ‘배로 갚아주겠다’는 결의를 실천한다.\n 단카이의 대표주자로 나오는 오와다(大和田) 상무는 한자와의 비판에 직면해, 일본식 사과 방식인 도게자(土下座)까지 행한다. 무릎을 꿇고 머리를 땅에 붙이는, 일본식 최고의 사죄법이다. 임원회의에서 모두가 보는 앞에서 이뤄진 도게자다.\n 팔은 안으로 굽는다. ‘옳지만, 너무 심했다’는 것이 단카이로 채워진 임원회의 한자와에 대한 평이다. 한자와는 회사 비리를 밝혀냈다는 점에서 승진은 하지만, 도쿄중앙은행 계열회사인 증권회사로 좌천된다.\n 은행에서 쫓겨난 한자와에게 제일 먼저 던져진 과제는 해커 대응, 즉 시큐리티 방어망 구축이다. 한자와보다 열 살 정도 어린 세대들이 IT 전문가로 나선다. 그러나 일이 추진되는 과정에서 각종 문제에 직면한다. 한자와는 본사인 도쿄중앙은행의 음모가 배경에 있다는 것을 밝혀내고, 결국에는 시큐리티 방어망도 확실히 구축한다. 젊은 IT 창업자를 도와, 사세를 확장시키도록 도와주는 일도 한자와의 몫이다.\n 시즌2 시리즈 첫회의 핵심 포인트는 ‘후배 지원과 양성’에 있다. 시즌2 전체 제목 ‘잃어버린 세대의 역습’에서 보듯, 한자와 세대가 아닌 한자와보다 열 살 정도 아래 세대가 드라마 첫회 주인공이다.\n",
		"passage_Cnt": 786
	},
	"Annotation": {
		"summary1": "회사 비리를 밝혀내 도쿄중앙은행 계열회사인 증권회사로 좌천된 한자와는 젊은 IT 창업자를 도와 시큐리티 방어망을 확실히 구축한다.",
		"summary2": "한자와는 회사 비리를 밝혀냈다는 점에서 승진은 하지만, 도쿄중앙은행 계열회사인 증권회사로 좌천된다. 한자와는 본사인 도쿄중앙은행의 음모가 배경에 있다는 것을 밝혀내고, 결국에는 시큐리티 방어망도 확실히 구축한다. 젊은 IT 창업자를 도와, 사세를 확장시키도록 도와주는 일도 한자와의 몫이다.",
		"summary3": null,
		"summary_3_cnt": null
	}
}