{
	"Meta(Acqusition)": {
		"doc_id": "REPORT-edit-10069",
		"doc_category": "REPORT",
		"doc_type": "edit",
		"doc_name": "푸틴, 파킨슨 병 앓고 있다? 내년 초 사임설",
		"author": null,
		"publisher": null,
		"publisher_year": null,
		"doc_origin": "월간조선"
	},
	"Meta(Refine)": {
		"passage_id": "REPORT-edit-10069-00002",
		"passage": "구(舊) 소련 정보기관인 KGB(국가보안위원회) 요원 출신인 푸틴은 소련 붕괴 후 상트페테르부르크 부시장으로 정계에 발을 들여 놓았다. 보리스 옐친 대통령 시절 대통령비서실 차장, FSB(연방보안국) 국장을 거쳐 1999년 8월 총리로 임명됐다. 그해 12월 31일 옐친 대통령이 전격 사임한 후 대통령 권한대행이 됐으며, 2000년 대선에서 제2대 러시아 대통령으로 당선됐다. 이후 2004년 대선에서 재선에 성공, 2008년까지 대통령으로 재임했다. 대통령 3선을 금지하는 헌법 규정에 따라 2008년 측근이던 드미트리 메드베데프에게 대통령직을 넘긴 후, 그 밑에서 4년간 실세(實勢) 총리로 권력을 유지했다. 2012년 대선에서 승리하면서 4년에서 6년으로 임기를 늘린 대통령으로 복귀했고, 2018년 다시 대통령으로 당선됐다.\n만 20년째 집권하고 있는 푸틴은, 20세기 이후 러시아 및 소련의 집권자들 중에는 두 번째로 오래 권좌를 지키고 있다. 최장 집권자는 29년간 권좌에 있었던 전 소련공산당 서기장 이오시프 스탈린.\n푸틴은 집권 기간 중, 소련 붕괴 이후 10년간 지속되었던 혼란을 수습하고, 러시아의 국제적 위상을 높였으며, 안정을 가져왔다. 하지만 다른 한편으로는 체첸 분리독립운동 탄압, 반정부 인사 정치인 및 언론인 암살, 부정선거 논란, 구 KGB 출신들을 중심으로 한 권력형 부정부패와 천문학적 규모의 축재 시비, 우크라이나의 크림반도 강제병합, 시리아 독재자 아사드에 대한 지원 등으로 비난을 받기도 했다.\n",
		"passage_Cnt": 748
	},
	"Annotation": {
		"summary1": "푸틴은 소련 붕괴 이후 10년간 지속되었던 혼란을 수습하고 러시아의 국제적 위상을 높였지만 시리아 독재자 아사드에 대한 지원 등으로 비난을 받기도 했다. ",
		"summary2": "푸틴은 집권 기간 중, 소련 붕괴 이후 10년간 지속되었던 혼란을 수습하고, 러시아의 국제적 위상을 높였으며, 안정을 가져왔다. 하지만 다른 한편으로는 체첸 분리독립운동 탄압, 반정부 인사 정치인 및 언론인 암살, 부정선거 논란, 구 KGB 출신들을 중심으로 한 권력형 부정부패와 천문학적 규모의 축재 시비, 우크라이나의 크림반도 강제병합, 시리아 독재자 아사드에 대한 지원 등으로 비난을 받기도 했다.",
		"summary3": null,
		"summary_3_cnt": null
	}
}