{
	"Meta(Acqusition)": {
		"doc_id": "REPORT-edit-20042",
		"doc_category": "REPORT",
		"doc_type": "edit",
		"doc_name": "트럼프의 부정선거 주장, 왜 나오고 어떻게 확산됐나",
		"author": null,
		"publisher": null,
		"publisher_year": null,
		"doc_origin": "월간조선"
	},
	"Meta(Refine)": {
		"passage_id": "REPORT-edit-20042-00005",
		"passage": " 선거 개표 중반, 갑자기 트럼프 대통령이 기자회견을 열고 승리를 선언했다. 본인이 선거에서 승리했으나, 부정선거로 바이든 측이 승리를 훔치려 들 것이라고 경고한다. 따라서 개표를 중단해야 한다는 말도 했다. 많은 사람을 혼란스럽게 만든 이 조기(早期) 승리 선언 해프닝도 앞서 설명한 맥락을 바탕으로 이해해야 한다.\n 우선 자신이 승리했다는 트럼프의 주장은 사실이 아니다. 아직 수천만에 달하는 국민의 표가 집계가 되지 않은 상황이었다. 사전투표 표들이 채 집계되지 않은 상황에서 수치상 트럼프가 앞서고 있는 것처럼 보였을 뿐이다. 본투표에서 충분히 차이를 벌리지 못했기 때문에 오히려 트럼프가 불리한 상황이라고 평한 이들도 있을 정도였다.\n 하지만 트럼프는 본인의 승리를 선언했고, 부정선거로 인해 본인의 승리가 갈취될 것이라고 선언했다. 물론 그의 주장을 입증할 만한 그 어떤 증거도 제시하지 않으면서 한 말이다.\n 이를 두고 보수 성향 평론가들조차 당혹감을 감추지 못하며 부적절하고 무책임한 발언이라고 평했다. 그들은 개표를 중단하라는 트럼프의 주장에 대해, “국민의 표는 반드시 모두 집계되어야 하고, 그것이 민주주의”라고 선을 그었다.\n 사실 트럼프의 조기 승리 선언은 계획된 것이었다. 이미 선거 며칠 전 트럼프가 본인이 경합주에서 앞서고 있는 타이밍에 조기 승리 선언을 할 계획이 있다는 내용이 언론에 의해 공개된 바 있다. 트럼프의 이러한 행동은 경합주에서 사전투표가 개표되며 상황이 변하기 전에 선수를 침으로써 부정선거라는 키워드를 사람들 머릿속에 깊게 각인시키는 계기가 되었다.\n",
		"passage_Cnt": 783
	},
	"Annotation": {
		"summary1": "선거 개표 중반 트럼프 태통령은 기자회견을 열고 승리를 선언했고 본인이 선거에서 승리했지만 부정선거로 바이든 측이 승리를 훔칠거라고 경고하고 개표도 중단해야 한다고 했다.",
		"summary2": "선거 개표 중반, 갑자기 트럼프 대통령이 기자회견을 열고 승리를 선언했다. 본인이 선거에서 승리했으나, 부정선거로 바이든 측이 승리를 훔치려 들 것이라고 경고한다. 따라서 개표를 중단해야 한다는 말도 했다.",
		"summary3": null,
		"summary_3_cnt": null
	}
}