{
	"Meta(Acqusition)": {
		"doc_id": "REPORT-edit-20047",
		"doc_category": "REPORT",
		"doc_type": "edit",
		"doc_name": "후원조직 만들고, 설문조사 통해 정책 개발하는 데 앞장서",
		"author": null,
		"publisher": null,
		"publisher_year": null,
		"doc_origin": "월간조선"
	},
	"Meta(Refine)": {
		"passage_id": "REPORT-edit-20047-00009",
		"passage": " 그 후 마크롱 정부의 가장 큰 고비였던, 유류세(油類稅) 인상에 반대하는 노란 조끼 시위가 2018년 11월 시작된다. 초기에는 유류세 인상에 대한 반대로 시작되었지만, 마크롱 정부가 유류세 인상을 철회한 후에는 서민경제 개선과 빈부(貧富)격차 문제 등 마크롱 정부의 국정 운영에 불만을 표출하는 반정부 시위로 확대됐다. 이에 따라 대통령 당선 초기 62%로 시작했던 마크롱의 지지율은 23%까지 곤두박질쳤다. 마크롱은 위기 타개를 위해 대국민 토론(Grand débat national)을 주최했다.\n 대국민 토론은 2019년 1월부터 3월까지 3개월 동안 전국적으로 진행됐다. 누구나 참여 가능한 무제한 토론이었다. 마크롱은 전국을 직접 돌며 국민과 토론하며 의견을 나누었다. 토론 전 마크롱은 ▲세금과 지출 ▲국가와 공공기관 ▲환경 ▲민주주의와 시민권의 4가지 테마 35개 세부 이슈를 국민에게 던졌다.\n 마크롱은 2019년 1월 15일 노르망디에서 지방단체장 700명이 참석한 가운데 ‘대도시와 소도시의 빈부격차’를 주제로 한 토론회를 시작으로, 3월에는 엘리제궁으로 지식인 64명을 초청하여 ‘불평등과 세금’ 등의 주제로 8시간 동안 치열한 토론을 하는 등 총 16회 토론에 직접 참여해 92시간 동안 토론을 펼쳤다.\n 마크롱의 대토론회 영향으로 전국에 토론회가 만들어졌다. 3개월 동안 107개 도시에서 1만134개의 토론이 진행되었다. 온라인으로도 190만명이 넘는 시민이 개인의 의사를 정부에 전달했으며, 1만6000건 분량의 요구사항이 나왔다.\n",
		"passage_Cnt": 763
	},
	"Annotation": {
		"summary1": "2018년 11월 시작된 노란 조끼 시위는 유류세 인상에 대한 반대로 시작되었지만 마크롱 정부의 국정 운영에 불만을 표출하는 반정부 시위로 확대됐다.",
		"summary2": "그 후 마크롱 정부의 가장 큰 고비였던, 유류세(油類稅) 인상에 반대하는 노란 조끼 시위가 2018년 11월 시작된다. 초기에는 유류세 인상에 대한 반대로 시작되었지만, 마크롱 정부가 유류세 인상을 철회한 후에는 서민경제 개선과 빈부(貧富)격차 문제 등 마크롱 정부의 국정 운영에 불만을 표출하는 반정부 시위로 확대됐다.",
		"summary3": null,
		"summary_3_cnt": null
	}
}