{
	"Meta(Acqusition)": {
		"doc_id": "REPORT-edit-00066",
		"doc_category": "REPORT",
		"doc_type": "edit",
		"doc_name": "【이상곤의 ‘흐름’】 안철수 ‘트로이카 연합’ 선언.. 안철수가 아닌 야권 대선 승리 기폭제 될까?",
		"author": null,
		"publisher": null,
		"publisher_year": null,
		"doc_origin": "월간조선"
	},
	"Meta(Refine)": {
		"passage_id": "REPORT-edit-00066-00002",
		"passage": "그 와중에 국민의힘은 그대로 ‘마이웨이’가 진행되고 있다. 국민의당에서 합당을 전제로 논의되던 선(先)합당, 후(後)통합전당대회는 물 건너갔다. 국민의힘은 이미 30일 새 원내대표 선출을 앞두고 있고 새 원내대표 선출과 동시에 전당대회 준비위원회를 갖춰 5월 말 독자적으로 당대표를 선출하는 전당대회를 개최할 예정이다. 안 대표의 합당 선언으로 양당의 합당 절차가 신속하게 진행된다고 하더라도 통합전당대회 개최는 무리가 따르게 돼 있다.\n또 안 대표와 10년 악연인 김종인 전 국민의힘 비상대책위원장의 반대도 무시할 수 없다. 지난 서울시장 보궐선거 후보 단일화 과정에서 안 대표는 김 위원장으로부터 ‘정신이 이상한 사람’이란 소리까지 들었다. 그래서 그런지 김 위원장은 일찌감치 국민의힘 합당 움직임에 “무슨 대통합 타령이냐”며 “바깥을 기웃거리지 마라”는 메시지를 던졌다. 국민의힘 내부에는 아직 수도권 초재선을 중심으로 친(親)김종인 분위기가 남아있어 안 대표로서는 걸림돌이 아닐 수 없다.\n그렇다해도 안 대표의 야권 대통합 선언은 반기지 않을 수 없다. 모두 알다시피 4.7 재보궐 선거 야당의 압승도 야권 후보단일화가 없었으면 불가능할 일이다. 부동산 민심 등 문 정권의 경제정책 실패와 독선, 독주, 무능, 내로남불 등 정권과 여당에 패배의 귀책사유가 있는 선거였지만 안철수, 오세훈 간의 야권 후보단일화는 큰 몫을 차지했다. 안 대표가 못마땅한 김종인 위원장이 “국민의힘 승리”라고 했지만 국민의힘을 비롯해 국민의당 등 범야권의 단결이 기반이 되지 않았으면 불가능할 선거였다.\n",
		"passage_Cnt": 778
	},
	"Annotation": {
		"summary1": "4.7 재보궐 선거는 문 정권의 경제정책 실패와 정권과 여당에 패배의 귀책사유가 있는 선거였지만 야권 후보 단일화가 없었으면 불가능했다.",
		"summary2": "모두 알다시피 4.7 재보궐 선거 야당의 압승도 야권 후보단일화가 없었으면 불가능할 일이다. 부동산 민심 등 문 정권의 경제정책 실패와 독선, 독주, 무능, 내로남불 등 정권과 여당에 패배의 귀책사유가 있는 선거였지만 안철수, 오세훈 간의 야권 후보단일화는 큰 몫을 차지했다.",
		"summary3": null,
		"summary_3_cnt": null
	}
}