{
	"Meta(Acqusition)": {
		"doc_id": "REPORT-edit-20049",
		"doc_category": "REPORT",
		"doc_type": "edit",
		"doc_name": "“첫째 목표는 자유, 둘째는 평화, 재통일은 세 번째”",
		"author": null,
		"publisher": null,
		"publisher_year": null,
		"doc_origin": "월간조선"
	},
	"Meta(Refine)": {
		"passage_id": "REPORT-edit-20049-00003",
		"passage": " 한쪽에서는 분단을 거부하고 재통일[독일에서는 ‘통일’은 1871년 비스마르크에 의한 통일을 지칭하며, 제2차 세계대전 후의 통일은 ‘재통일(Wiedervereinigung)’이라고 표현]을 요구했다. 대부분의 국민은 이를 당연한 것으로 받아들였다. 존경받던 사회민주주의 정치인인 사민당의 쿠르트 슈마허는 물론 보수정당인 기민당의 야콥 카이저 같은 사람들이 이런 입장이었다.\n 반면에 재통일보다는 안으로는 자유민주주의와 시장경제 체제의 구축, 밖으로는 미국을 비롯한 서방세계로의 편입을 통해 국제사회의 신뢰를 회복하면서 통일을 위한 실력을 기르는 것이 중요하다고 생각하는 이들도 있었다. 초대(初代) 총리가 된 콘라트 아데나워 같은 이들이 대표적이었다.\n 아데나워는 이미 1945년 7월 한 언론사 편집국장에게 보낸 사신(私信)에서 “러시아가 철(鐵)의 장막(帳幕)을 치고 있다”고 경고했다. 윈스턴 처칠이 그 유명한 ‘철의 장막’ 연설을 하기 꼭 8개월 전이었다. 아데나워는 ‘서방세계, 특히 미국과의 긴밀한 관계 수립’을 대외(對外)정책의 제1로 내세웠고 “우리 독일을 믿을 수 있게 만드는 것이 첫 번째 계명(誡命)”이라고 믿었다. 아울러 국내적으로는 서독이 민주주의 체제하에서 번영을 구가(謳歌)하게 되면 동독 주민들이 서독에 대해 엄청난 매력을 느끼게 될 것이므로, 아무리 혹독한 공산주의도 통일을 이루지 못하게 동독 주민들을 막을 수 없을 것이라고 내다보았다. 아데나워는 국내정치적으로도 든든한 사회보장제도와 개인의 자유를 바탕으로 국민 대다수가 일체감을 갖는 국가 내지 사회를 만들어내서 동독 사람들에게 서독이 ‘매력적인 자석(磁石)’이 되어야만 독일의 자유통일이 가능하다고 믿었다. 이후의 역사는 아데나워의 선택이 옳았음을 보여주었다.\n",
		"passage_Cnt": 868
	},
	"Annotation": {
		"summary1": "초대 총리인 콘라트 아데나워는 재통일보다 안으로는 자유민주주의와 시장경제 체제의 구축, 밖으로는 국제사회의 신뢰를 회복하며 통일을 위한 실력을 기르는 것이 중요하다고 생각했다.",
		"summary2": "반면에 재통일보다는 안으로는 자유민주주의와 시장경제 체제의 구축, 밖으로는 미국을 비롯한 서방세계로의 편입을 통해 국제사회의 신뢰를 회복하면서 통일을 위한 실력을 기르는 것이 중요하다고 생각하는 이들도 있었다. 초대(初代) 총리가 된 콘라트 아데나워 같은 이들이 대표적이었다.",
		"summary3": null,
		"summary_3_cnt": null
	}
}