{
	"Meta(Acqusition)": {
		"doc_id": "REPORT-edit-20058",
		"doc_category": "REPORT",
		"doc_type": "edit",
		"doc_name": "쇄국 외교의 한국, 글로벌 플레이어 일본",
		"author": null,
		"publisher": null,
		"publisher_year": null,
		"doc_origin": "월간조선"
	},
	"Meta(Refine)": {
		"passage_id": "REPORT-edit-20058-00002",
		"passage": " “앞으로 외교의 과제는 자존자중(自尊自重)에 있다. 그 누구도 모독하지 않고, 그 누구도 두려워하지 않는 문명대국에 들어가는 것이 핵심이다.”\n 1893년 12월 무쓰 무네미쓰(陸奧宗光) 일본 외무대신이 일본 국회에서 행한 연설 중 일부다. 제2차 이토 히로부미(伊藤博文) 내각의 외상(外相)이었던 그는 취임 즉시 메이지유신(明治維新) 직전에 맺어진 외국과의 불평등 조약 개정에 매진했다. 관세・치외법권(治外法權)에 관한 불평등 조약을 개정, 서양 열강(列强)과 대등한 수준으로 올라서겠다는 것은 메이지유신 이후 일본의 숙원(宿願)이었다.\n 이 문제에 대해 국회에서 발언하면서 무쓰 무네미쓰는 “청(淸)의 경우에서 보듯, 외국에 대해 겁을 내면서도 거꾸로 과장과 허세를 보여주는 과정에서 더 큰 문제를 불러일으켰다”고 말했다.\n 무쓰가 지적한 청의 문제는 나중에 청일(淸日)전쟁(1894~1895) 과정에서 두드러지게 나타났다. 청나라의 실력자였던 북양대신(北洋大臣) 이홍장(李鴻章)은 전력(戰力) 면에서 청이 일본보다 월등히 강하고, 서양 열강도 중국을 지지할 것이라 믿었다. ‘섬나라 일본쯤’란 생각 때문이었을까? 이홍장은 청나라가 조금만 힘을 보여줘도 일본은 겁을 먹고 굴복할 것으로 판단했다. 결과는 100전 100패였다. 전쟁 당시 동원된 병력은 청이 63만명, 일본이 24만명이었다. 9개월간 전쟁을 통해 청은 3만5000명의 사상자를 낸 반면, 일본은 3700명 정도에 그쳤다.\n",
		"passage_Cnt": 724
	},
	"Annotation": {
		"summary1": "청나라가 조금만 힘을 보여줘도 일본이 굴복할 것으로 판단한 이 씨와 달리 결과는 100전 100패였다. ",
		"summary2": "이홍장은 청나라가 조금만 힘을 보여줘도 일본은 겁을 먹고 굴복할 것으로 판단했다. 결과는 100전 100패였다.",
		"summary3": null,
		"summary_3_cnt": null
	}
}