{
	"Meta(Acqusition)": {
		"doc_id": "REPORT-edit-20048",
		"doc_category": "REPORT",
		"doc_type": "edit",
		"doc_name": "개인의 힘으로 各論부터 개혁… ‘떼의 힘’으로 밀어붙이는 한국 386과 대조적",
		"author": null,
		"publisher": null,
		"publisher_year": null,
		"doc_origin": "월간조선"
	},
	"Meta(Refine)": {
		"passage_id": "REPORT-edit-20048-00009",
		"passage": " ‘잃어버린 세대’는 버블이 터지면서 장기불황에 들어간 1990~2010년까지의 ‘잃어버린 20년’을 체험한다. 종신고용제가 사라지고 계약직 사원이 주류가 된 1980년대생이 중심이다. 한국의 경우 IMF(외환위기) 국난(國難) 전후(前後)에 대학을 졸업한, 1980년대생에 해당된다.\n IT는 ‘잃어버린 세대’가 가진 능력이자 최대한의 무기다. 그러나 단카이를 중심으로 한 갑은 기술이나 아이디어가 아닌, 구태의연한 유착과 관행으로 잃어버린 세대를 짓누른다. 한자와 세대는 ‘잃어버린 세대’가 가진 무기, 즉 IT를 적극 활용한다. ‘능력 우선’ ‘서열 파괴’ 같은 인사를 통해 ‘잃어버린 세대’를 적극 등용한다. 고객 중심이란 원칙에 맞춰, 후배와의 연합이 이뤄진 셈이다. 물론 후배들을 통해 변해가는 세상의 흐름을 공부하고 이해한다. 시대상황과 시대정신에 맞게 업그레이드하면서 단카이와의 싸움에 나선다.\n 시즌2 드라마를 통해, 이 후배들은 한자와가 시련에 봉착할 때마다 등장한다. 원군(援軍)으로 나타나 IT를 활용한 ‘고객 중심’ 전쟁에 참전한다.\n 철학자 니체가 “악(惡)과 싸우면서 악을 배운다”고 말했던가? 갑을 상대로 싸우다 갑보다 더한 갑으로 변해가는 것이 2020년 대한민국 정치권 586의 모습으로 비친다. 보통 갑이 아니라 내로남불 갑으로 변해가는 과정이지만, 정치권 586을 받쳐줄 후배도 보이지 않는다. 주지하다시피, 한국의 학생운동은 1990년대부터 내리막으로 접어들었다. 자신과 비슷한 운동권에만 관심을 두는 한 후배 양성은 불가능하다.\n",
		"passage_Cnt": 766
	},
	"Annotation": {
		"summary1": "대한민국 정치권 586의 모습은 내로남불 갑으로 변해가는 과정으로 비쳐지며 정치권 586을 받쳐줄 후배도 보이지 않는다.",
		"summary2": "갑을 상대로 싸우다 갑보다 더한 갑으로 변해가는 것이 2020년 대한민국 정치권 586의 모습으로 비친다. 보통 갑이 아니라 내로남불 갑으로 변해가는 과정이지만, 정치권 586을 받쳐줄 후배도 보이지 않는다.",
		"summary3": null,
		"summary_3_cnt": null
	}
}