{
	"Meta(Acqusition)": {
		"doc_id": "REPORT-edit-20030",
		"doc_category": "REPORT",
		"doc_type": "edit",
		"doc_name": "“정권 뒤집으려면 먼저 여론 형성하고 이데올로기 공작을 해야”(마오쩌둥)",
		"author": null,
		"publisher": null,
		"publisher_year": null,
		"doc_origin": "월간조선"
	},
	"Meta(Refine)": {
		"passage_id": "REPORT-edit-20030-00006",
		"passage": " 마오쩌둥은 이를 자신의 이상(理想)과 성취를 부정하는 것으로 받아들였다. 소련의 니키타 흐루쇼프가 스탈린 격하운동을 벌였던 것처럼, 류사오치도 언젠가 자신을 부정할 것이라고 생각했다. 마오쩌둥은 이를 갈면서 반격의 기회를 노렸다.\n 1962년 9월 중국공산당 제8기 10차 중앙위원회 전원회의(8기 10중전)에서 마오쩌둥은 “우리는 계급투쟁이 계속되고 반동(反動)계급이 부활할 가능성이 있다는 사실을 인정해야 한다”면서 “우리는 우리의 경제를 강화하는 한편 당 간부들과 일반 대중, 중·하급 관료뿐 아니라 젊은이들을 올바로 가르쳐야 한다”고 주장했다. 비록 공산주의 체제는 수립되었지만, 사람들의 의식은 쉽게 바뀌지 않는 것이기 때문에 언제든 반동세력이 부활할 수 있다는 경고였다. 이와 함께 마오쩌둥은 “모름지기 한 정권을 뒤집으려면 먼저 여론을 형성하고 이데올로기 방면의 작업을 해야 한다. 혁명적 계급도 그렇고 반혁명 계급도 그렇다”는 말도 했다. 이 말은 4년 후 ‘문혁16개조’에 다시 등장한다.\n 이를 계기로 ‘계급투쟁을 잊지 말라’는 구호와 함께 그해 5월부터 사회주의교육운동(사교운동)이 시작됐다. 마오쩌둥의 주장은 다분히 류사오치-덩샤오핑 등 당권파(黨權派)를 겨냥한 것이었지만, 그들은 그 함의(含意)를 감지하지 못했다. 공산주의자로서 ‘계급투쟁’은 당연한 것이었다. 프랑크 디쾨터는 이 시기의 류사오치에 대해 “그는 자신이 결연한 혁명가이며 주석(마오쩌둥)을 계승할 자격이 충분하다는 사실을 증명하기 위해 마오쩌둥 본인보다 더 극단적인 좌파의 길로 노선을 선회하고 있었다”고 말한다. 류사오치는 아내 왕광메이(王光美)를 사회주의교육운동의 선봉으로 내세웠다. 부패관료, 불순분자 등으로 몰린 중·하급 간부들은 자아비판, 조리돌림, ‘제트기 자세’ 등의 고문과 폭행에 시달렸다. 류사오치와 왕광메이가 이때 자행한 일들은 문혁 기간 중에 부메랑이 되어 돌아온다.\n",
		"passage_Cnt": 940
	},
	"Annotation": {
		"summary1": "마오쩌둥은 중국공산당 제 8기 10차 중앙위원회 전원회의에서 언제든 반동세력이 부활할 수 있다고 경고했다.",
		"summary2": "1962년 9월 중국공산당 제8기 10차 중앙위원회 전원회의(8기 10중전)에서 마오쩌둥은 “우리는 계급투쟁이 계속되고 반동(反動)계급이 부활할 가능성이 있다는 사실을 인정해야 한다”면서 “우리는 우리의 경제를 강화하는 한편 당 간부들과 일반 대중, 중·하급 관료뿐 아니라 젊은이들을 올바로 가르쳐야 한다”고 주장했다. 비록 공산주의 체제는 수립되었지만, 사람들의 의식은 쉽게 바뀌지 않는 것이기 때문에 언제든 반동세력이 부활할 수 있다는 경고였다.",
		"summary3": null,
		"summary_3_cnt": null
	}
}