{
	"Meta(Acqusition)": {
		"doc_id": "REPORT-edit-20036",
		"doc_category": "REPORT",
		"doc_type": "edit",
		"doc_name": "“바이든의 동맹 개선 의지는 중국에 큰 고통이 될 것”",
		"author": null,
		"publisher": null,
		"publisher_year": null,
		"doc_origin": "월간조선"
	},
	"Meta(Refine)": {
		"passage_id": "REPORT-edit-20036-00008",
		"passage": " 중국공산당 기관지 《인민일보》 자매지 《환구시보》는 논평을 통해 “미국 대선 과정에서 ‘가장 큰 피해를 본 것은 중국’”이라고 전제하고, “미국 양당의 후보들이 유리한 입지를 확보하기 위해 반(反)중국 정서를 활용했다”면서 “따라서 중국은 미국 대선 결과에 대해 섣부른 낙관론을 갖는 것은 위험하다. 특히 재선에 실패한 트럼프를 자극하는 것은 중국에 불리하다”고 주장했다. 이 신문은 또 “만약 트럼프 대통령이 남은 임기 동안 더 강력한 중국압박정책에 사인을 한다면 이는 바이든과 중국에 큰 장애물로 작용할 것”이라고 예상했다.\n 중국 관영 《글로벌타임스》는 한걸음 더 나아가 “트럼프 대통령이 퇴임을 앞두고 중국 문제에 대해 더 강경한 조치를 취할 것이다. 중국 정부는 트럼프 행정부의 마지막 광기(madness)에 대비하고 있다”고 보도했다.\n 신창(信强) 푸단대 미국연구센터 부주임은 “트럼프 대통령은 대중 강경책을 통해 자신의 외교적 성과를 부각할 것이며, 이는 자신의 지지세력은 물론 중국 정치 엘리트 집단의 찬사를 받고 있다”고 밝히면서 “그가 남은 약 10주간 대중 카드의 영향력을 최대한 사용할 수 있는 마지막 기회를 포기하지 않을 것”이라고 전망했다.\n 중국공산당 외교참사인 푸단대 국제문제연구소장 우신보(吳心伯) 교수 역시 “트럼프는 훨씬 더 강력한 행정명령을 통해 바이든 당선자를 괴롭힐 것”이라고 예상했다. 그는 “만약 바이든 당선인이 행정명령을 수정하거나 철회한다면 바이든을 판다허거(Panda Hugger·중국의 지지를 받는 친중 정치인)로 몰아세울 수 있고, 수용한다면 중국의 저항과 보복에 직면하게 될 것”이라고 설명했다. 그는 “따라서 바이든은 현재 미국의 반중 정서와 분열된 미국인을 봉합해야 하는 최우선 과제 앞에서 중국에 유리한 방향으로 선회할 가능성은 거의 없다고 봐야 한다”고 주장했다.\n",
		"passage_Cnt": 912
	},
	"Annotation": {
		"summary1": "중국공산당 기관지 환구시보는 논평을 통해 트럼프 대통령이 남은 임기 동안 더 강력한 중국압박정책에 사인을 한다면 바이든과 중국에 큰 장애물로 작용할 것이라고 주장했다.",
		"summary2": "중국공산당 기관지 《인민일보》 자매지 《환구시보》는 논평을 통해 “미국 대선 과정에서 ‘가장 큰 피해를 본 것은 중국’”이라고 전제하고, “미국 양당의 후보들이 유리한 입지를 확보하기 위해 반(反)중국 정서를 활용했다”면서 “따라서 중국은 미국 대선 결과에 대해 섣부른 낙관론을 갖는 것은 위험하다. 특히 재선에 실패한 트럼프를 자극하는 것은 중국에 불리하다”고 주장했다. 이 신문은 또 “만약 트럼프 대통령이 남은 임기 동안 더 강력한 중국압박정책에 사인을 한다면 이는 바이든과 중국에 큰 장애물로 작용할 것”이라고 예상했다.",
		"summary3": null,
		"summary_3_cnt": null
	}
}