{
	"Meta(Acqusition)": {
		"doc_id": "REPORT-edit-20022",
		"doc_category": "REPORT",
		"doc_type": "edit",
		"doc_name": "“전염병 공포 이용 정부가 주도권 잡으면서 포퓰리즘 확산”",
		"author": null,
		"publisher": null,
		"publisher_year": null,
		"doc_origin": "월간조선"
	},
	"Meta(Refine)": {
		"passage_id": "REPORT-edit-20022-00002",
		"passage": " 독일 본대학의 마르쿠스 가브리엘 교수는 21세기를 대표하는 철학가(哲學家) 중 한명이다. 글로벌 팬데믹과 디지털 시대에 대응할 수 있는 철학가로도 통한다. 변화와 위기의 해결사로서 철학가인 셈이다. 부연하자면 ‘미이즘 세상이 갖는 한계와 문제점’이 그의 주된 연구 테마라 볼 수 있다.\n 가브리엘 교수는 본대학 역사상 최연소 박사이자 교수로 유명하다. 1818년 설립된 본대학은 독일은 물론 세계적으로도 유명한 대학 중 하나다. 노벨상 수상자를 11명이나 배출했다. 문학·경제학·신학(神學) 등 인문사회과학에 강한 대학인데, 특히 철학 분야는 본대학이 자랑하는 간판 학부 중 하나다. 카를 마르크스와 프리드리히 니체가 본대학 철학과 출신이다.\n 1980년생 가브리엘 교수는 2008년 본대학 교수로 근무한 이래 세계 철학계를 리드하는 인물로 급부상했다. 필자 생각으로는 팬데믹 이전 세계 철학계를 석권했던 하버드대학 철학교수 마이클 샌델(Michael J. Sandel) 못지않은 유럽의 간판 철학가다. 마이클 샌델이 ‘정의론(正義論)’에 기초한 철학 세계를 논한 데 비해, 가브리엘 교수는 ‘도덕과 윤리’에 기초한 세계에 방점을 둔다. 팬데믹과 디지털 시대의 한계도 도덕·윤리를 통해 극복할 수 있다고 강조한다. \n 가브리엘 교수는 어려운 철학서를 대중의 눈높이에 맞게 설명하는 베스트셀러 저술가이기도 하다. 그 덕분에 가브리엘 교수는 유럽·미국·일본에서는 이미 친근한 인기스타 강사로 떠올랐다. 인류의 시련으로 다가온 팬데믹과 그 이후의 세계가 어떻게 될까? 현재 인류가 맞이한 문제는 무엇이고 어떻게 해결될 수 있을까? 한국을 지배하는 미국 중심 세계관이 아니라 독일을 비롯한 유럽의 관점에서 이러한 문제에 대한 이야기를 들어보고 싶어 가브리엘 교수를 인터뷰했다. 인터뷰는 본대학 철학연구소의 가브리엘 교수를 비디오로 연결해 1시간 동안 진행됐다.\n",
		"passage_Cnt": 927
	},
	"Annotation": {
		"summary1": "독일의 마르쿠스 가브리엘 교슈는 21세기를 대표하는 철학가이자 글로벌 팬데믹과 디지털 시대에 대응할 수 있는 철학가이다.",
		"summary2": "독일 본대학의 마르쿠스 가브리엘 교수는 21세기를 대표하는 철학가(哲學家) 중 한명이다. 글로벌 팬데믹과 디지털 시대에 대응할 수 있는 철학가로도 통한다.",
		"summary3": null,
		"summary_3_cnt": null
	}
}