{
	"Meta(Acqusition)": {
		"doc_id": "REPORT-edit-20058",
		"doc_category": "REPORT",
		"doc_type": "edit",
		"doc_name": "쇄국 외교의 한국, 글로벌 플레이어 일본",
		"author": null,
		"publisher": null,
		"publisher_year": null,
		"doc_origin": "월간조선"
	},
	"Meta(Refine)": {
		"passage_id": "REPORT-edit-20058-00003",
		"passage": " 7월 1일 ‘한일 무역분쟁 1주년’에 즈음한 한국 측 반응을 보면 21세기에 이홍장이 한국에서 부활한 것이 아닌가 하는 느낌마저 든다. 지피지기(知彼知己)에 근거한 상황판단과 거기에 맞춘 대안(代案)이 아니다. ‘이겨야 한다’는 강박관념 때문이겠지만, 이미 승리감에 도취해 있다. 일본을 전면 부정하는 것이 애국이고 대세로 통한다. 약점을 보강하고, 강점을 키워나가는 식의 전략적 판단과는 전혀 무관하다. 윈-윈(win-win)이란 개념은 애초부터 없다. 당연하지만, 몰릴수록 목소리가 커진다. 이홍장이 그러했듯이, 행동도 과장과 허세로 치닫는다. 곳곳에 오판이 넘칠 수밖에 없다.\n 무역분쟁 1년째에 접어든 2020년 여름, 한국 정부와 미디어의 화살은 ‘여전히’ 일본을 겨누고 있다. 한쪽에서는 ‘자립론·승리론’으로 축포(祝砲)를 터뜨리면서도, 다른 쪽에서는 세계무역기구(WTO) 제소를 통해 수입 규제를 풀라고 말한다. 승리한 나라가 왜 규제를 풀라고 요구하는지 의아스러울 뿐이다.\n 일본은 어떨까? 1년 전 수출 규제에 이어, 어떤 식으로 한국 문제를 대하고 있을까? 결론부터 말하자면, 한국을 겨눈 직접적인 대응은 거의 없다. 대신 한국을 넘어선 좀 더 큰 그림 속에서 한반도 전체에 대한 대응이 눈에 띈다. 수출 규제 문제 정도가 타깃이 아니다. 태평양·남중국해·인도양 나아가 대서양을 목표로 화살을 쏜다고나 할까?\n 20세기에 보던 ‘한국 vs 일본’ 구도하의 양국 관계가 아니다. 문재인 정권이 들어선 이후부터 본격화됐지만, 21세기 일본의 한국에 대한 자세는 ‘한국 vs 일본을 포함한 전(全) 세계’와의 구도로 나아가고 있다. 20세기 구도를 ‘한일 1.0 외교’라 할 때, 2020년 구도는 ‘한일 2.0 외교’라 부를 수 있다.\n",
		"passage_Cnt": 869
	},
	"Annotation": {
		"summary1": "한국은 무역분쟁 1년째에 접어든 2020년에도 여전히 일본을 겨누며 세계무역기구 제소를 통해 수입 규제를 풀라고 말한다.",
		"summary2": "무역분쟁 1년째에 접어든 2020년 여름, 한국 정부와 미디어의 화살은 ‘여전히’ 일본을 겨누고 있다. 한쪽에서는 ‘자립론·승리론’으로 축포(祝砲)를 터뜨리면서도, 다른 쪽에서는 세계무역기구(WTO) 제소를 통해 수입 규제를 풀라고 말한다.",
		"summary3": null,
		"summary_3_cnt": null
	}
}