{
	"Meta(Acqusition)": {
		"doc_id": "REPORT-edit-20016",
		"doc_category": "REPORT",
		"doc_type": "edit",
		"doc_name": "바이든 행정부는 북한 인권을 개선할 수 있을까",
		"author": null,
		"publisher": null,
		"publisher_year": null,
		"doc_origin": "월간조선"
	},
	"Meta(Refine)": {
		"passage_id": "REPORT-edit-20016-00008",
		"passage": " 일단 북한은 중국과 차이가 있다. 소수민족이나 영토 문제가 없다. 하지만 남한이라는 존재가 있다. 독일 분단 시절, 동독은 서독을 아예 다른 민족으로 치부했다. 이념이 다르므로 다른 민족이 됐다는 논리였다. 북한은 다르다. ‘남조선에서 미제의 침략 무력을 철거하고 조국 통일을 하기 위해 투쟁하겠다’, 북한 헌법보다 우위에 있다는 조선노동당 규약에 나오는 표현이다.\n 지난 6월 1일 《한겨레》는 북한 조선노동당이 규약을 변경했다고 보도했다. 8차 당대회 기간 중인 2021년 1월 9일 수정됐다. 수정 사항을 보도하며 ‘북한이 민족해방민주주의혁명 과업을 삭제했다’고 분석했다.\n 수정 전후를 비교해보자.\n (이전)〈조선로동당의 당면목적은 공화국 북반부에서 사회주의 강성국가를 건설하며 전국적 범위에서 민족해방민주주의혁명의 과업을 수행하는 데 있으며 최종목적은 온 사회를 김일성-김정일주의화하여 인민대중의 자주성을 완전히 실현하는 데 있다.〉\n (수정 후)〈조선로동당의 당면목적은 공화국 북반부에서 부강하고 문명한 사회주의 사회를 건설하며 전국적 범위에서 사회의 자주적이며 민주주의적인 발전을 실현하는 데 있으며 최종목적은 인민의 리상이 완전히 실현된 공산주의 사회를 건설하는 데 있다.〉\n 유동열 자유민주원 원장은 수정 전후가 결국 같은 말이라고 분석했다. “북한이 말하는 ‘사회의 자주화’란, 남한혁명을 방해하는 외세(미국)를 축출하고 민족자주권을 쟁취하는 것으로 ‘민족해방’혁명을 의미한다. ‘민주주의적 발전’은, 파쇼독재라고 규정한 남한 정권을 타도하고 민주정권을 수립하자는 것으로, 이른바 북한식 ‘(인민)민주주의혁명’을 뜻한다. 따라서 바뀐 표현은 ‘민족해방 민주주의혁명’과 다름없다.”\n",
		"passage_Cnt": 840
	},
	"Annotation": {
		"summary1": "한겨레는 북한 조선노동당이 규약을 변경했다고 보도하고 2021년 1월 9일에 수정했으며 수정 사항을 보도하며 북한이 민족해방민주주의혁명 과업을 삭제했다고 분석했다.",
		"summary2": "지난 6월 1일 《한겨레》는 북한 조선노동당이 규약을 변경했다고 보도했다. 8차 당대회 기간 중인 2021년 1월 9일 수정됐다. 수정 사항을 보도하며 ‘북한이 민족해방민주주의혁명 과업을 삭제했다’고 분석했다.",
		"summary3": null,
		"summary_3_cnt": null
	}
}