{
	"Meta(Acqusition)": {
		"doc_id": "REPORT-edit-20013",
		"doc_category": "REPORT",
		"doc_type": "edit",
		"doc_name": "나폴레옹은 누구에게 졌나?",
		"author": null,
		"publisher": null,
		"publisher_year": null,
		"doc_origin": "월간조선"
	},
	"Meta(Refine)": {
		"passage_id": "REPORT-edit-20013-00006",
		"passage": " 그는 죽을 때까지, 치질로 패전했다는 말을 하지 않았다. 나폴레옹은 세인트헬레나섬에서 귀양살이를 하면서 회고록을 구술할 때도 워털루 패전은 부하들의 잘못 때문이었다고 주장한다. 아침을 먹은 뒤 나폴레옹은 식탁 위에 지도를 펴놓고 부하 장군들에게 말했다.\n “우리에게 유리한 정황이 90이고 불리한 점이 10이다.”\n 워털루 전투의 실질적인 야전 지휘관이 되는 네이 원수(元帥)가 찾아와서 ‘웰링턴이 철수를 준비하는 것 같다’고 보고했을 때는 면박을 주었다.\n “귀관은 오판(誤判)하고 있어. 웰링턴은 주사위를 던졌어. 그런데 우리에게 유리한 판이 되었어.”\n 나폴레옹은 참모장 술 원수가 ‘패주한 프로이센 군대를 추적 중인 글로시 원수의 3만3000 병력을 불러들이자’고 건의하자 무안할 정도로 잘랐다.\n “귀관은 웰링턴에게 패배했기 때문에 그를 위대한 장군이라고 생각하는 모양인데, 내가 말해두건대 그는 엉망인 장군이고 영국군도 엉망이며 이번 전투는 그냥 산보 가는 거야.”\n 이날 오후에 가면, 글로시 원수의 병력을 빨리 회군시키지 않은 나폴레옹의 선택은 치명적 실수로 판명된다. 다른 장군이 영국 보병은 끈질기고 조준이 정확하기 때문에 정면 공격으로 중앙을 돌파하는 것보다는 측면이나 후방을 치는 우회(迂廻)기동을 건의했을 때도 나폴레옹은 비웃듯이 감탄사를 내지를 뿐이었다.\n 나폴레옹의 동생 제롬이 찾아와서 또 다른 정보를 전했다. 전날 저녁 제롬은 웰링턴이 그 전에 식사를 했던 워털루의 한 식당에 들렀는데, 웨이터가 엿들은 이야기를 해주더란 것이다. 요지는 퇴각 중인 블뤼헤 원수의 프로이센 군대와 영국군이 합류하여 프랑스군에 대항하기로 약속을 하더란 것이었다. 나중에 정확한 정보로 밝혀지지만 나폴레옹은 “그건 난센스야. 두 군대가 합류하려면 이틀은 걸릴 거야”라고 일소했다.\n",
		"passage_Cnt": 891
	},
	"Annotation": {
		"summary1": "제롬이 찾아와 영국군과 프로이센 군대가 합류하여 프랑스군에 대항하기로 했다고 전하자 나폴레옹은 두 군대가 합류하려면 이틀은 걸릴 것이라며 일소했다.",
		"summary2": "나폴레옹의 동생 제롬이 찾아와서 또 다른 정보를 전했다. 요지는 퇴각 중인 블뤼헤 원수의 프로이센 군대와 영국군이 합류하여 프랑스군에 대항하기로 약속을 하더란 것이었다. 나중에 정확한 정보로 밝혀지지만 나폴레옹은 “그건 난센스야. 두 군대가 합류하려면 이틀은 걸릴 거야”라고 일소했다.",
		"summary3": null,
		"summary_3_cnt": null
	}
}