{
	"Meta(Acqusition)": {
		"doc_id": "REPORT-edit-20021",
		"doc_category": "REPORT",
		"doc_type": "edit",
		"doc_name": "분열주의자들의 공격으로 正體性 위기에 처한 미국",
		"author": null,
		"publisher": null,
		"publisher_year": null,
		"doc_origin": "월간조선"
	},
	"Meta(Refine)": {
		"passage_id": "REPORT-edit-20021-00008",
		"passage": " 여기서 이승만 대통령에 대한 언급을 아니 할 수 없는데, 왜냐하면 이승만은 한국인 최초로(더 정확하게 말한다면 아시아인 최초로) 민주공화국의 개념과 미국 국부들의 철학을 이해한 사람이기 때문이다. 실제 한국전쟁 종료 후인 1954년 7월 미국을 방문한 이승만은 상하원 합동연설에서 미국 건국정신에 대해 극진한 존중을 표현하며 다음과 같이 말했다.\n “여러분과 같이 저도 워싱턴과 제퍼슨, 링컨에 의해 감화를 받았습니다. 여러분과 같이 저도 여러분의 걸출한 조상들께서 모든 인류에게 전해주기 원했던 바로 그 자유를 지키고 영속화하기 위해 내 일생을 바치겠노라 다짐했습니다(Like you, I have been inspired by Washington, Jefferson, and Lincoln. Like you, I have pledged myself to defend and perpetuate the freedom your illustrious forefathers sought for all men).”\n 이승만은 미국 국부들이 언급했던 자유의 이상(理想)이 실현되는 나라를 꿈꾸며 대한민국을 건국했다. 이승만의 과거 증언과 그에 관한 사료를 찾아보면, 그는 젊은 시절부터 미국식 공화정을 가장 이상적인 정치체제로 인식했음을 발견할 수 있다. 따라서 개인의 자유와 권리를 지키기 위해 만들어진 미국의 건국 이상은 이승만이 취임연설에서 언급했던 ‘개인의 근본적 자유’를 보장하기 위해 만들어진 대한민국의 건국 이상과도 무관하지 않다고 생각한다. 비록 우리 역사 가운데 아쉬움과 곡절이 많았고, 이 땅에서 아직 그 이상이 온전히 실현되진 않았을지 모르겠지만 말이다.\n",
		"passage_Cnt": 823
	},
	"Annotation": {
		"summary1": "이 씨는 민주공화국의 개념과 미국 국부들의 철학을 이해한 사람으로 젊은 시절부터 미국식 공화정을 이상적인 정치체제로 인식했다.",
		"summary2": "여기서 이승만 대통령에 대한 언급을 아니 할 수 없는데, 왜냐하면 이승만은 한국인 최초로(더 정확하게 말한다면 아시아인 최초로) 민주공화국의 개념과 미국 국부들의 철학을 이해한 사람이기 때문이다. 이승만의 과거 증언과 그에 관한 사료를 찾아보면, 그는 젊은 시절부터 미국식 공화정을 가장 이상적인 정치체제로 인식했음을 발견할 수 있다.",
		"summary3": null,
		"summary_3_cnt": null
	}
}