{
	"Meta(Acqusition)": {
		"doc_id": "REPORT-edit-20020",
		"doc_category": "REPORT",
		"doc_type": "edit",
		"doc_name": "정부 TF, “오염수 방류, 한국에 끼칠 영향 미미”(2020년 10월)",
		"author": null,
		"publisher": null,
		"publisher_year": null,
		"doc_origin": "월간조선"
	},
	"Meta(Refine)": {
		"passage_id": "REPORT-edit-20020-00001",
		"passage": " 사고 후 10년이 흐른 지난 4월 13일, 일본 정부는 “도쿄전력이 운영하는 후쿠시마 제1원자력발전소(후쿠시마 원전)의 방사능 오염수(contaminated water·오염수)를 다핵종(多核種)제거설비(Advanced Liquid Processing System·ALPS)로 정화해 처리수(ALPS treated water)로 만들고, 이 처리수를 국제 방류 기준에 부합하도록 ‘재정화’한 뒤 방류하겠다”고 밝혔다.\n 아이보시 고이치 주한 일본대사는 같은 날 “(ALPS 처리수) 해양 방출은 국제방사선방호위원회(ICRP)의 권고에 따라 정해진 규제 기준을 엄격히 준수하는 것을 전제로 한다”며 “일본 정부의 방침은 방출의 안전성과 정보의 투명성을 확보하는 것”이라고 했다.\n 또 “해양 방출이 이뤄져도 한국을 포함한 주변국의 해양 환경이나 수산물의 안전성에 악영향을 미치지 않는다”며 “이번 발표 전 일본 정부는 한국 정부에 사전 통지했다”고 밝혔다.\n 일본 정부의 이 같은 발표에 한국 정부는 반발했다. 다음 날(4월 14일)에는 문재인 대통령이 청와대에서 회의를 열고는 “일본의 후쿠시마 오염수 방류에 대한 국제해양법재판소 제소를 검토하라”고 지시했다. 여야 모두 일본의 오염수 방출에 반대한다는 입장을 냈다. 어민들은 배를 이끌고 해상 시위를 벌였고, 수산물에 대한 공포감이 확산했다. 당사국인 일본 국민들도 정부의 오염수 방류에 반대하는 시위를 벌였다.\n",
		"passage_Cnt": 708
	},
	"Annotation": {
		"summary1": "고이치 주한 일본대사는 후쿠시마 원전의 방사능 오염수의 해양 방출에 대해 ICRP의 권고에 따라 정해진 규제 기준을 엄격히 준수하는 것을 전제로 한다고 했다.",
		"summary2": "사고 후 10년이 흐른 지난 4월 13일, 일본 정부는 “도쿄전력이 운영하는 후쿠시마 제1원자력발전소(후쿠시마 원전)의 방사능 오염수(contaminated water·오염수)를 다핵종(多核種)제거설비(Advanced Liquid Processing System·ALPS)로 정화해 처리수(ALPS treated water)로 만들고, 이 처리수를 국제 방류 기준에 부합하도록 ‘재정화’한 뒤 방류하겠다”고 밝혔다. 아이보시 고이치 주한 일본대사는 같은 날 “(ALPS 처리수) 해양 방출은 국제방사선방호위원회(ICRP)의 권고에 따라 정해진 규제 기준을 엄격히 준수하는 것을 전제로 한다”며 “일본 정부의 방침은 방출의 안전성과 정보의 투명성을 확보하는 것”이라고 했다.",
		"summary3": null,
		"summary_3_cnt": null
	}
}