{
	"Meta(Acqusition)": {
		"doc_id": "REPORT-edit-20035",
		"doc_category": "REPORT",
		"doc_type": "edit",
		"doc_name": "프랑켄슈타인의 제자들과 고독한 영웅들",
		"author": null,
		"publisher": null,
		"publisher_year": null,
		"doc_origin": "월간조선"
	},
	"Meta(Refine)": {
		"passage_id": "REPORT-edit-20035-00001",
		"passage": " 이번에 미국 유권자들은 트럼프의 재선을 막았고, 미국의 민주적 시스템은 그의 선거불복을 진압했다. 특히 주류 언론, 판사, 연방 수사기관, 군대, 주(州)의 선거관리공무원들이 트럼프와 공화당의 책동을 분쇄했다. 트럼프와 문재인은 거짓말을 정책의 주요 수단으로 삼고 있는 점에서 비슷하다. 미국의 사례가 2022년 한국의 선택에 중요한 교훈을 줄 것이다.\n 2020년 11월 26일 백악관 외교 리셉션룸에서 트럼프 대통령은 추수감사절에 즈음하여 장병들과 화상(畵像) 대담을 한 뒤 기자들의 질문을 받았다. 한 기자가 “백악관에서의 마지막이 될 추수감사절에 어떤 계획이 있는가”라고 물었다. 트럼프는 “마지막이란 말이 무엇인지 모르겠다”면서 “투표에 엄청난 오류가 있었다. 아무도 수치를 믿지 않는다. 다음 주나 그 다음 주 충격적인 사건이 일어날 것이다”고 했다.\n 그는 “조지아주에서 수만의 가짜 투표, 위조 투표가 있었다”고 하더니 “펜실베이니아에서도 부정이 있었다”고 했다. 기자가 “그러나” 하고 질문하려 하자 막고 나서면서 “68만 표의 부정 투표가 있었다”면서 “디트로이트에서도 엄청난 일이 일어났다”고 했다.\n “수치는 거짓이고 썩었다. 선거는 100% 조작되었다. 그래서 미국 전역에서 사람들이 시위하는 것이다. 그들은 선거가 조작되었다는 것을 알고 있다. 엄청난 부정이 여기서 벌어졌다.”\n 기자가 또 “그러나” 하고 질문하려 하자 트럼프는 장광설(長廣舌)을 계속했다. 이미 문제 없다는 것이 확인된 ‘도미니언 투개표기(Dominion voting systems)’에 대한 음모론을 펴기 시작한다.\n",
		"passage_Cnt": 792
	},
	"Annotation": {
		"summary1": "2020년 11월 26일 백악관 외교 리셉션룸에서 트럼프 대통령은 도미니언 투개표기에 대한 음모론을 제기했다.",
		"summary2": "2020년 11월 26일 백악관 외교 리셉션룸에서 트럼프 대통령은 추수감사절에 즈음하여 장병들과 화상(畵像) 대담을 한 뒤 기자들의 질문을 받았다. 이미 문제 없다는 것이 확인된 ‘도미니언 투개표기(Dominion voting systems)’에 대한 음모론을 펴기 시작한다.",
		"summary3": null,
		"summary_3_cnt": null
	}
}