{
	"Meta(Acqusition)": {
		"doc_id": "REPORT-edit-00014",
		"doc_category": "REPORT",
		"doc_type": "edit",
		"doc_name": "【이상곤의 ‘흐름’】“이재명, 그는 이미 온 나라를 손아귀에 넣었다 생각하는 걸까?”",
		"author": null,
		"publisher": null,
		"publisher_year": null,
		"doc_origin": "월간조선"
	},
	"Meta(Refine)": {
		"passage_id": "REPORT-edit-00014-00003",
		"passage": "그의 집권을 도운 사람들을 셰익스피어는 여섯 가지 부류로 분류했다.이를 좀 더 압축하면 첫째는 독재자에게 정말 속아버린 사람들이다.독재자라는 정체를 잘 모르고 추종해 버리는 맹목적인 사람들을 가리킨다.둘째는 그가 독재자라는 것을 알면서도 있는 그대로 보지 않는 사람들이다.독재자가 형편없는 사람이라는 것을 알지만 국가는 그런대로 굴러갈 것이라고 생각한다.주로 그 주변의 정치인들이 이런 부류의 사람들이다.셋째는 독재자를 이용해 자신의 지위를 높이려는 사람들이다.그들은 입만 열면 나라를 위한다고 하지만 자신들에게 돌아올 이익에만 혈안이 돼 있다. ‘상왕’노릇을 한 버킹엄 공작과 집권 후 제거된 헤이스팅스경 등이 대표적 인물이다.\n그렇게 권력을 찬탈한 독재자 리처드도 정작 권력은 오래 누리지 못했다.왕위에 오른 지2년 만에 보스워스 전투에서 후에 튜더왕조의 시조가 되는 헨리7세에게 패해 전사했다.세상을 승자와 패자로 구분하고 기만적인 포률리즘으로 가난한 자들을 야망 성취의 수단으로 이용해 권력욕을 채웠던 리처드3세도 이렇게 순식간에 몰락했다.\n5개월 밖에 남지 않은 한국 대선 판에도 요즘 이런‘리처드류(類)정치인’이 등장했다.여당인 민주당 유력 대선주자인 이재명 경기지사 말이다.작금의 성남‘대장동 게이트’의혹이 사실이라면 그는 이미 수 천 억 원에 달하는 천문학적 금액의 부패와 사기 이익으로 자기 진영을 장악하고 있다고 봐야 한다.뻔뻔하게 책임을 전가하고 상대를 협박하며 거짓말로 추종자들을 부리며 장악하고 있다고 봐야 하는 것이다.심지어 진영의‘상왕’이라는 사람들도 맥을 못 추고 자신들만이 진리고 정의라고 외치던 자존심 강한 세력들도 하나 같이 허리를 굽혀 옴짝달싹 않고 있다.그는 이미 온 나라를 자기 손아귀에 넣었다고 생각하는 것은 아닐까?\n",
		"passage_Cnt": 873
	},
	"Annotation": {
		"summary1": "셰익스피어는 독재자의 집권을 도운 사람들을 독재자에게 속아버린 사람과 독재자를 이용해 자신의 지위를 높이려는 사람 등으로 분류했다.",
		"summary2": "그의 집권을 도운 사람들을 셰익스피어는 여섯 가지 부류로 분류했다. 이를 좀 더 압축하면 첫째는 독재자에게 정말 속아버린 사람들이다. 셋째는 독재자를 이용해 자신의 지위를 높이려는 사람들이다.",
		"summary3": null,
		"summary_3_cnt": null
	}
}