{
	"Meta(Acqusition)": {
		"doc_id": "REPORT-edit-20007",
		"doc_category": "REPORT",
		"doc_type": "edit",
		"doc_name": "코로나와 같이 살기로 작심한 유럽 종횡무진 45일간 여행기!",
		"author": null,
		"publisher": null,
		"publisher_year": null,
		"doc_origin": "월간조선"
	},
	"Meta(Refine)": {
		"passage_id": "REPORT-edit-20007-00005",
		"passage": " 네덜란드 정부의 입국 안내 홈페이지는 이렇게 시작한다.\n 〈코로나19 전염 상태가 네덜란드와 비슷하거나 낮은 나라 사람들은 음성확인서와 백신접종증명서가 있으면 입국할 수 있습니다. 상점, 식당, 위락시설, 문화시설 등 거의 모든 장소는 개방되어 있습니다. 공공교통 수단, 기차역, 버스 정류장, 공항, 비행기 안에선 마스크를 써야 합니다. 네덜란드로 오세요. 평화롭게 휴식하고 아름다운 해변과 자연 속에서 여름 햇살을 즐기고, 도시에선 역동적 예술과 문화의 영감을 맛보세요.〉\n 홈페이지엔 EU 및 솅겐조약 국가가 아니지만 아래 33개국은 코로나19 대응을 잘하므로 입국 제한을 받지 않는다고 했는데 한국이 포함되어 있었다. 한국, 일본, 우크라이나, 싱가포르, 뉴질랜드, 호주, 이스라엘, 대만, 홍콩, 마카오, 세르비아, 레바논, 요르단, 사우디아라비아, 캐나다 등이다.\n 인구 약 1800만명인 네덜란드는 국민의 약 10%가 확진자였고, 사망자는 약 1만8000명으로 인구 대비 한국의 스무 배가 넘는데도 그렇게 여유로웠다.\n 네덜란드에선 마스크 쓴 사람을 보기 힘들었다. 호텔과 식당의 종업원 정도였다. 저녁에 들른 음식점은 손님으로 바글바글했는데 한 식탁에선 10여명이 마스크 없이 붙어 앉아 떠들어댔다. 해양박물관, 고흐미술관도 붐볐지만 마스크 착용 여부나 발열 검사를 하지 않았다. 안락사, 매춘, 마리화나까지 합법화하는 등 개인의 자유를 극한까지 밀어붙이는 나라다웠다. 코로나19도 건강 문제이므로 기본적으로 개인의 자율과 책임하에 행동해야 한다는 자세로 느껴졌다. 마스크를 쓰면 눈치가 보일 정도였다.\n",
		"passage_Cnt": 795
	},
	"Annotation": {
		"summary1": "네덜란드는 국민의 약 10%가 코로나19 확진자이고 인구 대비 사망자도 한국의 스무 배가 넘는데도 여유로웠다.",
		"summary2": "인구 약 1800만명인 네덜란드는 국민의 약 10%가 확진자였고, 사망자는 약 1만8000명으로 인구 대비 한국의 스무 배가 넘는데도 그렇게 여유로웠다. 코로나19도 건강 문제이므로 기본적으로 개인의 자율과 책임하에 행동해야 한다는 자세로 느껴졌다.",
		"summary3": null,
		"summary_3_cnt": null
	}
}