{
	"Meta(Acqusition)": {
		"doc_id": "REPORT-edit-20036",
		"doc_category": "REPORT",
		"doc_type": "edit",
		"doc_name": "“바이든의 동맹 개선 의지는 중국에 큰 고통이 될 것”",
		"author": null,
		"publisher": null,
		"publisher_year": null,
		"doc_origin": "월간조선"
	},
	"Meta(Refine)": {
		"passage_id": "REPORT-edit-20036-00002",
		"passage": " 중국 내 미국전문가로 잘 알려진 진찬룽(金燦榮) 중국인민대학 국제관계학원 부원장은 “바이든이 집권하면 중·미 관계가 호전될 것이며 트럼프가 연임하는 것보다 낫다”고 주장했다. 양이(楊毅) 국방대학 전략연구소장 또한 “바이든이 집권하면 미·중 관계의 예측 불가능성이 감소하고 미국의 대(對)중국 정책에 극단성이 줄어들 것”이라고 말했다.\n 또한 다수의 중국 미국전문가들이 미국이 처한 팬데믹하의 경제적 문제와 미국 대선을 통해 드러난 국내 정치적 갈등을 수습하는 것이 2021년 미국의 가장 시급한 문제이기 때문에 집중되고 강화된 외교적 추진력은 약화(弱化)될 것이며, 바이든 행정부가 들어서면 지난 4년간 트럼프가 추진해온 정책들의 일부 조정이 예상되므로 그 추진동력은 더욱 약화될 것이라 전망했다. 그리고 이러한 미국의 조정 국면을 기회로 삼아야 한다고 입을 모으고 있다.\n 중국 정부 고위 인사들과 중국의 외교전문가들이 노골적으로 트럼프의 재선에 대해 반대의 입장을 분명히 하자, 트럼프 미국 대통령은 중국의 이러한 입장들을 자신의 대선에 활용했다. 그는 임기 내 줄곧 미국 국내 경제 침체의 가장 큰 장애물로, 또 전례 없는 전염병의 세계 확산의 주범으로 중국을 지목해왔다. 또한 중국이 거대한 시장을 발판으로 국제사회의 양대(兩大) 축(軸)으로 부상(浮上)하려고 집중적으로 추진하고 있는 ‘중국몽(中國夢)’을 미국에 대한 위협으로 규정하고 이를 분쇄하기 위해 미국은 전력(全力)을 다해야 한다고 주장했다. 급기야 트럼프는 선거유세 중에 “만약 바이든이 승리한다면 미국인은 중국어를 배워야 할 것”이라고 주장했다. 유엔대사를 지낸 니키 헤일리(Nikki Haley)는 선거를 앞두고 치러진 공화당 전당대회에서 “바이든이 공산주의 중국에 큰 도움이 될 것”이라고 주장했다.\n",
		"passage_Cnt": 884
	},
	"Annotation": {
		"summary1": "진찬룽은 바이든이 집권하면 중·미 관계가 호전될 것이며 다수의 중국 미국전문가들이 국내 정치적 갈등을 수습하는 것이 시급한 문제기에 강화된 외교적 추진력은 약화될 것이라고 했다.",
		"summary2": "중국 내 미국전문가로 잘 알려진 진찬룽(金燦榮) 중국인민대학 국제관계학원 부원장은 “바이든이 집권하면 중·미 관계가 호전될 것이며 트럼프가 연임하는 것보다 낫다”고 주장했다. 또한 다수의 중국 미국전문가들이 미국이 처한 팬데믹하의 경제적 문제와 미국 대선을 통해 드러난 국내 정치적 갈등을 수습하는 것이 2021년 미국의 가장 시급한 문제이기 때문에 집중되고 강화된 외교적 추진력은 약화(弱化)될 것이며, 바이든 행정부가 들어서면 지난 4년간 트럼프가 추진해온 정책들의 일부 조정이 예상되므로 그 추진동력은 더욱 약화될 것이라 전망했다.",
		"summary3": null,
		"summary_3_cnt": null
	}
}