{
	"Meta(Acqusition)": {
		"doc_id": "REPORT-edit-00006",
		"doc_category": "REPORT",
		"doc_type": "edit",
		"doc_name": "‘88세에도 꿈을 꾼다...태양의 열정으로’",
		"author": null,
		"publisher": null,
		"publisher_year": null,
		"doc_origin": "월간조선"
	},
	"Meta(Refine)": {
		"passage_id": "REPORT-edit-00006-00003",
		"passage": "“고대 중남미에는 다양한 민족이 정착하여 훌륭한 문화유산이 많이 있습니다.그들 문화는 대체로 세 가지로 나눌 수 있어요.첫째는, 2만여년 전 베링 해협을 건너 중남미에 정착했던 우리와 비슷한 몽고 아시아계 인디오가 이룩한 아즈텍 문화입니다.둘째는,이색적인 풍모와 건축의 예술과 뛰어난 솜씨를 가진 마야족 문화이지요.그리고 세 번째는, ‘제국의 지배자는 태양의 후예’라고 믿는 잉카제국입니다.”\n홍 이사장의 설명은 끝이 없었다.언덕 길 벤치에 앉아서 대화를 계속했다.단풍나무 아래 모여 있는 새(鳥)조각품들의 숫자가8년 전보다 많아 보였다.\n“새들의 숫자가 늘었군요.”\n“맞습니다.작가가 계속해서 보내옵니다.저기 보세요!새들도 마주보며 대화하고 있어요.얼마나 다정스런 모습입니까?사람들보다 낫죠?”\n그렇다.요즈음 사람들의 대화가 줄고 있다.코로나19의 영향이긴 하겠지만,아무래도 삶이 각박해진 듯싶다.\n발걸음을 옮겨서 중남미 목(木)조각전(10. 20-11. 30)이 열리고 있는 미술관으로 갔다.나라의 특성을 지닌 갖가지 조각품들이 자신들의 문화를 선보이고 있었다.도미니카 공화국의 작가 로사 마리아 아세베도의 작품‘사색하는 예수(26x45x23cm)’가 발길을 멈추게 했다.상념에 잠긴 예수의 모습을 아름답고 장엄하게 표현했기 때문이다.전통 의상 전시도 중남미의 독특한 컬러를 느끼게 했다.\n‘외교관도 문화예술에 대한 지식과 관심 있어야’\n“여전히 건강하시군요?”\n",
		"passage_Cnt": 709
	},
	"Annotation": {
		"summary1": "갖가지 조각품들이 자신들의 문화를 선보이고 있었지만 상념에 잠긴 예수의 모습을 아름답게 표현한 작품인 사색하는 예수를 보고 발길을 멈추었다.",
		"summary2": "도미니카 공화국의 작가 로사 마리아 아세베도의 작품‘사색하는 예수(26x45x23cm)’가 발길을 멈추게 했다. 상념에 잠긴 예수의 모습을 아름답고 장엄하게 표현했기 때문이다. 나라의 특성을 지닌 갖가지 조각품들이 자신들의 문화를 선보이고 있었다.",
		"summary3": null,
		"summary_3_cnt": null
	}
}