{
	"Meta(Acqusition)": {
		"doc_id": "REPORT-edit-20010",
		"doc_category": "REPORT",
		"doc_type": "edit",
		"doc_name": "美의 다음 전쟁은 글로벌 차원에서 國益에 직접 관련된 전쟁",
		"author": null,
		"publisher": null,
		"publisher_year": null,
		"doc_origin": "월간조선"
	},
	"Meta(Refine)": {
		"passage_id": "REPORT-edit-20010-00004",
		"passage": " 장제스 일기를 통해 밝혀졌지만, 당시 처칠이 루스벨트에게 그런 주장을 한 것은 중국 측의 끈질긴 외교 노력의 결과이기도 했다. 장제스는 미국과 영국을 통한 항일(抗日) 외교에 매달렸다. 그는 미국·영국의 참전 없이는 중국이 결국 일본에 굴복할 수밖에 없을 것으로 전망했다. 장제스는 여러 차례 루스벨트에게 편지를 보내 미국의 대일 참전을 호소하지만 루스벨트는 무심하게 대했다.\n 그러자 장제스는 처칠에게 주목했다. 그는 영국을 통해 미국을 우회 설득하는 외교에 주력했다. 그는 처칠에게 수시로 편지를 보내 일본군의 공격 능력과 확전(擴戰) 가능성을 경고했다. 다큐멘터리를 보면서 ‘만약 처칠이 아니었다면, 처칠에게 끈질기게 편지를 보낸 장제스 외교 수완이 없었다면 오늘날 중국이란 나라 자체가 없었을 것’이란 결론에 도달했다.\n 만약 루스벨트의 협정안이 수정 없이 도쿄에 전달됐다면, 일본은 동남아시아 이권을 포기하고 중국을 택했을 것이다. 그러면 진주만 기습 공격도 없었고, 결국 미국과의 전쟁도 없었을 것이다. 미국과 유럽의 이익이 보장되는 선에서 일본의 중국 지배는 영원히 인정됐을 것이다. 물론 조선은 여전히 일본의 식민지로 남았을 것이다. 장제스야말로 일본으로부터 중국과 조선을 지켜낸 최고 공로자라 볼 수 있다.\n 진주만 공격 다음 날 장제스는 루스벨트에게서 ‘미국이 전쟁에 들어가는데 중국도 협력해주기 바란다’는 편지를 받았다. 장제스는 당시의 소회를 일기장에 이렇게 적었다.\n",
		"passage_Cnt": 723
	},
	"Annotation": {
		"summary1": "장제스는 영국·미국의 참전 없이는 일본에 중국이 굴복할 것으로 전망하여 처칠에게 일본군의 공격 능력과 확전 가능성을 경고하는 등 항일 외교에 매달렸다.",
		"summary2": "장제스는 미국과 영국을 통한 항일(抗日) 외교에 매달렸다. 그는 미국·영국의 참전 없이는 중국이 결국 일본에 굴복할 수밖에 없을 것으로 전망했다. 그는 처칠에게 수시로 편지를 보내 일본군의 공격 능력과 확전(擴戰) 가능성을 경고했다.",
		"summary3": null,
		"summary_3_cnt": null
	}
}