{
	"Meta(Acqusition)": {
		"doc_id": "REPORT-edit-20055",
		"doc_category": "REPORT",
		"doc_type": "edit",
		"doc_name": "日 기업 자산 강제매각 時 한국총영사관 폐쇄할 수도",
		"author": null,
		"publisher": null,
		"publisher_year": null,
		"doc_origin": "월간조선"
	},
	"Meta(Refine)": {
		"passage_id": "REPORT-edit-20055-00003",
		"passage": " 일본의 모노마네는 단순히 쌍둥이 연출이 아니다. 그동안 무심결에 지나쳤던 부분에 대한 재(再)발견과 재인식의 영역이다. 그동안 몰랐던 ‘(진짜 가수) 남진의 다른 모습’을 모노마네를 통해 다시 이해하게 된다는 의미다.\n 2020년 일본 외교를 보면 트럼프를 모노마네 대상으로 삼으면서 나아가는 것 같다. 그렇다고 트럼프를 그대로 흉내 낼 수는 없다. ‘플러스 30%’가 필요하다. 일본은 트럼프처럼 힘이나 막말로 밀어붙일 수는 없다. 그 때문에 힘을 통한 양적 차원이 아닌 질적 수준에서의 플러스 30%에 기초한 모노마네가 필요하다.\n 앞에서 언급한 화상회의 줌에서 만난 일본인 학자는 한일(韓日) 관계의 미래에 대한 흥미로운 전망을 하나 한다.\n “미국의 주(駐)휴스턴 중국총영사관 폐쇄는 한일 관계에 또 하나의 모델이 될 수 있다. 때가 되면 주일(駐日) 한국총영사관 폐쇄 문제가 등장할 수 있다. 총영사관 폐쇄는 대사 소환, 외교관 추방보다 몇십 배 더 공격적인 외교카드다. 국교(國交) 단절 직전까지 갈 수 있는 대사관 폐쇄 바로 전 단계에 해당하는 행위다. 현재 한일 관계는 미중(美中) 관계보다 더 악화된 상태다. 휴스턴 모델이 일본에 곧바로 도입될 수 있다.”\n 줌 회의 이후 살펴봤더니 놀랍게도 대사관을 포함해 한일 간 공관 수는 10대 3이다. 일본 내 한국총영사관이 10개인 데 비해, 한국 내 일본총영사관은 3개에 불과하다. 어떤 이유에서든 일본에서 주일 총영사관을 하나 폐쇄할 경우 한국도 필연적으로 맞대응할 것이다. 그럴 경우 주일 한국총영사관은 9개, 주한 일본총영사관은 2개로 줄어든다.\n",
		"passage_Cnt": 793
	},
	"Annotation": {
		"summary1": "일본의 모노마네는 단순한 쌍둥이 연출이 아닌 진짜 가수 남 씨의 다른 모습을 모노마네를 통해 다시 이해하게 된다는 의미이다.",
		"summary2": "일본의 모노마네는 단순히 쌍둥이 연출이 아니다. 그동안 몰랐던 ‘(진짜 가수) 남진의 다른 모습’을 모노마네를 통해 다시 이해하게 된다는 의미다.",
		"summary3": null,
		"summary_3_cnt": null
	}
}