{
	"Meta(Acqusition)": {
		"doc_id": "REPORT-edit-20023",
		"doc_category": "REPORT",
		"doc_type": "edit",
		"doc_name": "“중국의 위구르 정책은 제노사이드”",
		"author": null,
		"publisher": null,
		"publisher_year": null,
		"doc_origin": "월간조선"
	},
	"Meta(Refine)": {
		"passage_id": "REPORT-edit-20023-00011",
		"passage": " 현재 위구르의 반중(反中) 활동은 크게 2개 노선으로 나뉘어 있다. 자치(自治)노선과 독립노선이다. 전자(前者)는 중국과 타협해 위구르인이 주도하는 자치를 얻어내자는 세력이고, 후자(後者)는 중국과의 결별을 전제로 한 독립 노선을 추구하는 세력이다. 후다야르 총리가 이끄는 워싱턴 망명정부는 위구르의 완전한 독립을 주장하는 조직이다.\n 젊다는 것 자체가 가치이자 무기라 할까? 산전수전(山戰水戰) 다 겪은 장년(壯年)들이 보기에는 젖비린내 나는 생각이겠지만, 후다야르 총리와 워싱턴 위구르망명정부는 완전 독립만이 위구르의 미래라 믿고 있다.\n 미니 정부지만, 망명정부는 5개의 부처와 담당 장관을 두고 있다. 그중에는 종교장관도 있다. 종교장관은 무장투쟁과 같은 극단주의 운동 배격에 힘쓴다고 한다. 중국에 이용되지 않도록, 이슬람 지하드 테러리즘에 대한 반대도 분명히 한다. 후다야르 총리는 “우리의 적은 중국 정부”라면서 “이슬람 지하드가 아니라, 위구르 독립이 유일하고도 최종적인 목표”라고 여러 번 강조했다.\n ― 워싱턴에서의 로비 활동은 구체적으로 어떻게 하고 있는가. \n “가장 우선적인 것은 중국에서 벌어지는 위구르의 참상을 전달하는 것이다. 현지 상황에 대한 기본적인 정보다.\n 둘째는 위구르인 관점에서 중국을 어떤 식으로 다루어야 위구르 문제가 해결될지에 관한 의견을 의회와 미국 정부에 제공하고 있다. 구체적으로는 중국에 대한 인적·경제적 제재다. 위구르 대량 학살 문제와 관련된 중국인 리스트 작성이나, 구체적인 만행에 대한 정보도 제공한다. 그동안 시간이 걸렸지만, 미국 의회와 국무부와의 연결이 확실하고 순조로운 편이다.” \n",
		"passage_Cnt": 812
	},
	"Annotation": {
		"summary1": "반중 활동 중 자치노선은 중국과 타협해 위구르인이 주도하는 자치를 얻어내자는 세력이고 독립노선은 중국과의 결별을 전제로 한 노선을 추구하는 세력이다.",
		"summary2": "현재 위구르의 반중(反中) 활동은 크게 2개 노선으로 나뉘어 있다. 자치(自治)노선과 독립노선이다. 전자(前者)는 중국과 타협해 위구르인이 주도하는 자치를 얻어내자는 세력이고, 후자(後者)는 중국과의 결별을 전제로 한 독립 노선을 추구하는 세력이다.",
		"summary3": null,
		"summary_3_cnt": null
	}
}