{
	"Meta(Acqusition)": {
		"doc_id": "REPORT-edit-20011",
		"doc_category": "REPORT",
		"doc_type": "edit",
		"doc_name": "이제는 ‘미확인비행물체’가 아니라 ‘실존물체’다!",
		"author": null,
		"publisher": null,
		"publisher_year": null,
		"doc_origin": "월간조선"
	},
	"Meta(Refine)": {
		"passage_id": "REPORT-edit-20011-00006",
		"passage": " 현재 미국 언론에서 UFO와 관련해 많은 관심을 받고 있는 로엡 교수와 나눈 대화를 조금 더 소개하도록 하겠다.\n ― 과학의 영역으로 들여와야 한다는 등 ‘과학’이라는 단어를 자주 언급하는 것 같다.\n “약 100년 전 양자역학(量子力學)이라는 개념이 등장했을 때 여러 과학자가 이에 동의하지 않았다. 20세기의 가장 유명한 과학자인 알베르트 아인슈타인도 이에 반대했다. 그는 양자역학은 말이 안 된다고 했다. 아인슈타인은 수개월, 수년에 걸쳐 양자역학이 잘못된 이론이라는 것을 증명하기 위해 시간을 보내지만 완전히 틀렸다. 양자역학이라는 것은 특이하고 우리가 완전히 이해할 수는 없지만 실험과 증거를 통해 증명된 이론이다.\n 갈릴레오가 살던 시절 철학자들은 태양이 지구를 중심으로 돌고 있다고 주장했다. 인간이 우주의 중심이라는 자만심에 빠져 있던 사람들이었다. 그러다 갈릴레오가 망원경으로 이를 연구한 뒤 이는 사실이 아니라고 하자 사람들은 화가 나 그를 가택연금시켰다. 이들은 태양이 지구를 중심으로 돌지 않는다는 사실에 화가 났고, 갈릴레오가 다른 사람들에게 이를 알리지 못하도록 했다. 우리가 ‘갈릴레오 프로젝트’를 통해 하려는 일은 사람들에게 증거를 제시하는 것이다.”\n ― UFO 문제 전문가들과 이야기하다 보면 철학적 관점으로 접근하는 사람이 많은데 당신은 전혀 다른 방향에서 접근하는 것으로 보인다.\n “나는 과거 철학자들이 했던 실수를 되풀이하고 싶지 않다. 얼마 전 한 잡지에 ‘오우무아무아’는 자연적으로 생긴 물체라는 글이 실렸다. 철학자가 쓴 글이었다. 이 글을 읽고 난 뒤 ‘갈릴레오가 살던 시기로부터 400년이 지났는데 아직도 교훈을 얻지 못했나’ 하는 생각에 빠졌다. 철학적 논리로 접근하는 것은 옳지 않다는 것을 말이다. 우리는 망원경으로 증거를 찾는 사람들이다.”\n",
		"passage_Cnt": 895
	},
	"Annotation": {
		"summary1": "태양이 지구를 중심으로 돌고 있다고 주장한 철학자들은 갈릴레오가 사실이 아니라고 하자 그를 가택연금시켰다.",
		"summary2": "갈릴레오가 살던 시절 철학자들은 태양이 지구를 중심으로 돌고 있다고 주장했다. 그러다 갈릴레오가 망원경으로 이를 연구한 뒤 이는 사실이 아니라고 하자 사람들은 화가 나 그를 가택연금시켰다.",
		"summary3": null,
		"summary_3_cnt": null
	}
}