{
	"Meta(Acqusition)": {
		"doc_id": "REPORT-edit-20053",
		"doc_category": "REPORT",
		"doc_type": "edit",
		"doc_name": "6·25가 독일 부흥과 통일의 밑거름 됐다",
		"author": null,
		"publisher": null,
		"publisher_year": null,
		"doc_origin": "월간조선"
	},
	"Meta(Refine)": {
		"passage_id": "REPORT-edit-20053-00006",
		"passage": " 6·25전쟁은 또한 루르 조례, ERP(경제재건계획) 협약, 페터스베르크 협약, 슈망 플랜 등 이미 발효됐거나 검토 중이던 각종 규약에 따라 서독에 허용되었거나 일응 장려해온 민수(民需) 공산품에 대한 서방 세계의 수요를 엄청나게 창출해, 서독 경제를 일거에 살려내 탄탄한 반석 위에 올려놓았다.\n 미국을 비롯한 서구 국가들이 재무장 계획에 따른 군수(軍需)물자 생산에 치중하게 되면서 세계적으로 막대한 민수 공산품 수요가 발생했다. 말하자면 군수품 생산이 서독에는 철저하게 금지되어 있었다는 이유로, 졸지에 세계 유일의 철제 기계류 및 화공 제품의 대량생산 가능국이 돼버린 서독으로 서구 거의 모든 나라로부터 주문이 물밀 듯이 쇄도한 것이다. 1950년 가을부터 뛰어오르기 시작한 강철과 공산품의 국제 시세는 서독에 사상 유례를 찾아보기 힘든 엄청난 이윤을 안겨주었다. 1951년 2월부터는 외환(外換) 수지가 완전히 역전(逆轉)되어 외화(外貨)가 문자 그대로 주체할 수 없을 정도로 쏟아져 들어왔다. 그해 5월로서 IMF 차관과 유럽결제동맹(EPU·European Payment Union) 차입금의 상환이 완료되었다.\n 우리에게는 조금 생소하지만 EPU는 주택과 빈민구제 문제 이외에도 서독 재건에 소요되는 수입물자 대금지급 문제에, 나치의 공적·사적 채무 문제를 떠안고 있던 아데나워 정부의 다자간 대금결제를 지원하기 위해 1947년 이래 미국이 설립을 추진해온 기구다.\n",
		"passage_Cnt": 717
	},
	"Annotation": {
		"summary1": "6·25전쟁은 민수 공산품에 대한 서방 세계의 수요를 창출해 서독 경제를 일거에 살려냈으며 강철과 공산품의 뛰어오른 국제 시세는 서독에 엄청난 이윤을 안겨주었다.",
		"summary2": "6·25전쟁은 또한 루르 조례, ERP(경제재건계획) 협약, 페터스베르크 협약, 슈망 플랜 등 이미 발효됐거나 검토 중이던 각종 규약에 따라 서독에 허용되었거나 일응 장려해온 민수(民需) 공산품에 대한 서방 세계의 수요를 엄청나게 창출해, 서독 경제를 일거에 살려내 탄탄한 반석 위에 올려놓았다. 1950년 가을부터 뛰어오르기 시작한 강철과 공산품의 국제 시세는 서독에 사상 유례를 찾아보기 힘든 엄청난 이윤을 안겨주었다.",
		"summary3": null,
		"summary_3_cnt": null
	}
}