{
	"Meta(Acqusition)": {
		"doc_id": "REPORT-edit-20038",
		"doc_category": "REPORT",
		"doc_type": "edit",
		"doc_name": "“미국의 정신을 되찾겠다”",
		"author": null,
		"publisher": null,
		"publisher_year": null,
		"doc_origin": "월간조선"
	},
	"Meta(Refine)": {
		"passage_id": "REPORT-edit-20038-00001",
		"passage": "46대 미국 대통령 당선인 조지프 로비네트 바이든 주니어. 조 바이든이라 부른다. 2021년 1월 20일 대통령에 취임하면 그의 나이는 78세 61일로 미국 역사상 최고령 대통령이 된다.\n 바이든 당선인은 28세에 주의회 의원 당선을 시작으로 30세에는 최연소 상원의원이 됐다. 그는 이번 대선에서 자신을 ‘정치 경력 50년(fifty years in politics)’이라고 표현했다. 한국으로 치면 ‘정치 9단’이란 의미다. 2020 대선을 포함해 총 11회 출마했는데, 모든 선거에서 승리했다.\n 조 바이든은 1942년 펜실베이니아 스크랜턴에서 아일랜드계 가톨릭 가정에서 태어났다. 아버지 조 바이든 시니어와 어머니 캐서린 진 바이든 사이 2남 2녀 중 장남이다. 그의 증조부는 성공한 사업가로 펜실베이니아주 상원의원을 지냈지만, 바이든이 태어날 즈음에는 아버지의 사업 실패로 가세가 기울었다. 그의 가족은 생계를 위해 고향을 떠나 델라웨어주 월밍턴에 정착했다.\n 1961년 델라웨어대학에 진학했다. 전공은 역사학과 정치학, 졸업 성적은 688명 중 506등. 1965년 운 좋게 시러큐스대학 로스쿨로 진학했다. 1966년 첫부인 네일리어 헌터를 만나 결혼하고 2남 1녀를 두었다.\n 1969년부터 변호사 활동을 시작했다. 1970년 11월에는 민주당 소속으로 뉴캐슬카운티 의회 의원이 됐다. 1972년에는 델라웨어주 연방 상원의원이 된 후 2008년 상원의원 선거까지 내리 일곱 번 당선됐다.\n",
		"passage_Cnt": 728
	},
	"Annotation": {
		"summary1": "1942년에 아일랜드계 가톨릭 가정에서 태어난 바이든은 78세의 나이로 46대 미국 대통령에 당선된다.",
		"summary2": "2021년 1월 20일 대통령에 취임하면 그의 나이는 78세 61일로 미국 역사상 최고령 대통령이 된다. 조 바이든은 1942년 펜실베이니아 스크랜턴에서 아일랜드계 가톨릭 가정에서 태어났다. 46대 미국 대통령 당선인 조지프 로비네트 바이든 주니어.",
		"summary3": null,
		"summary_3_cnt": null
	}
}