{
	"Meta(Acqusition)": {
		"doc_id": "REPORT-edit-10004",
		"doc_category": "REPORT",
		"doc_type": "edit",
		"doc_name": "韓美동맹 경제적 가치 최대 3000조원 “동맹 지속 필수”",
		"author": null,
		"publisher": null,
		"publisher_year": null,
		"doc_origin": "월간조선"
	},
	"Meta(Refine)": {
		"passage_id": "REPORT-edit-10004-00002",
		"passage": "국가신용등급이 두 계단 하락할 경우 GDP 손실합계는 558조원으로 산출됐다. 한 계단 떨어질 경우엔 279조원인 것으로 나타났다. 이를 합산한 결과 GDP 손실합계액은 928조2000억원에서 최대 3041조6000억원으로 추정됐다.국가신용등급이 두 계단 하락할 경우 GDP 손실합계는 558조원으로 산출됐다. 한 계단 떨어질 경우엔 279조원인 것으로 나타났다. 이를 합산한 결과 GDP 손실합계액은 928조2000억원에서 최대 3041조6000억원으로 추정됐다.\n한편 미국 입장에서도 한미동맹이 필수라는 분석도 있다. 2019년 한미경제연구소에 따르면 미국에 있어 한미동맹이 가지는 경제적 가치는 2조462억달러(약 2416조4000억원)에 달했다.한편 미국 입장에서도 한미동맹이 필수라는 분석도 있다. 2019년 한미경제연구소에 따르면 미국에 있어 한미동맹이 가지는 경제적 가치는 2조462억달러(약 2416조4000억원)에 달했다. \n한경연 측은 “우리나라가 전쟁의 폐허를 딛고 자유시장 경제 아래 고속성장과 경제번영을 이룰 수 있었던 큰 주춧돌의 하나는 한미동맹이었다”면서 “앞으로도 한미동맹을 더욱 굳건히 해 지속적인 경제번영의 토대를 유지해야 한다”고 했다.한경연 측은 “우리나라가 전쟁의 폐허를 딛고 자유시장 경제 아래 고속성장과 경제번영을 이룰 수 있었던 큰 주춧돌의 하나는 한미동맹이었다”면서 “앞으로도 한미동맹을 더욱 굳건히 해 지속적인 경제번영의 토대를 유지해야 한다”고 했다. \n",
		"passage_Cnt": 729
	},
	"Annotation": {
		"summary1": "국가신용등급이 두 계단 하락할 경우 GDP 손실합계는 558조원이며 한 계단 떨어질 경우 279조원인 것으로 나타났다.",
		"summary2": "국가신용등급이 두 계단 하락할 경우 GDP 손실합계는 558조원으로 산출됐다. 한 계단 떨어질 경우엔 279조원인 것으로 나타났다.",
		"summary3": null,
		"summary_3_cnt": null
	}
}