{
	"Meta(Acqusition)": {
		"doc_id": "REPORT-edit-20015",
		"doc_category": "REPORT",
		"doc_type": "edit",
		"doc_name": "“드레스 코드 무시는 無禮와 無知의 극치”",
		"author": null,
		"publisher": null,
		"publisher_year": null,
		"doc_origin": "월간조선"
	},
	"Meta(Refine)": {
		"passage_id": "REPORT-edit-20015-00006",
		"passage": " “성인(成人) 남성에게 슈트는 자신의 인격(人格)이자 세계관(世界觀) 그 자체다. 슈트를 보면 그 사람의 내면과 과거·현재·미래까지 볼 수 있다. 사회생활 속에서 입는 슈트의 핵심은 높은 가격이나 개성 있는 디자인, 유럽산 명품(名品)과 무관하다. 슈트를 입은 내가 아니라, 내가 입은 슈트를 보는 사람들의 눈에 맞춰진 옷이 드레스 코드의 출발점이다. 드레스 코드를 모르거나, 아예 무시한다는 것은 백악관 만찬에서 와인을 맥주잔에 부어 마시는 격이다. 변명이 따를 수 없는, 무례(無禮)와 무지(無知)의 극치다.”\n 문재인 대통령의 옷차림에 물의가 일자, 청와대는 “영국 정부가 편한 복장을 하라고 말했다”는 해명을 내놨다. ‘편한 옷=콤비 슈트’로 해석한다는 것 자체가 기발하다. 정장 슈트는 불편하고 콤비 슈트는 편하다는 생각이 어디에서 나왔는지 궁금하다. 정장 슈트, 콤비 슈트, 파티용 턱시도 차림 할 것 없이, 세부적으로 들어가면 전부 복잡하고 다채롭다. 매년 열리는 G7은 매번 기념사진을 찍는다. 인터넷을 뒤져보면 과거에 찍은 7개국 정상과 초대국 정상 관련 사진이 넘치고 넘친다. 그 어디를 봐도 콤비 슈트는 없다.\n 필자가 알기에 콤비 슈트는 일과 무관한 휴일, 즉 토요일이나 일요일에 입는 옷이다. 퇴직한 사람이라면 평소에도 입을 수 있다. 따라서 콤비 슈트는 이미 현역에서 손을 뗀, 실버 세대의 옷이란 이미지가 강하다. 미국에서 일하는 동안 알게 된 것인데, 평소에도 콤비 슈트를 입는 사람은 텍사스에서 온 백만장자이거나 LGBTQI(레즈비언·게이·양성애자·트랜스젠더·성 정체성 의문자·무성애자) 계통의 인물이라 보면 된다. 예외도 있지만, 나비넥타이를 하고 작은 손수건을 상의 주머니에 넣은 사람은 프랑스 문화권으로 분류되는 남부 출신이다. 그러나 모범답안은 아래위 같은 색상의 정장 슈트에 넥타이 차림이다. 와이셔츠는 흰색처럼 옅은 색상이 좋다.\n",
		"passage_Cnt": 937
	},
	"Annotation": {
		"summary1": "문 대통령의 옷차림에 물의가 일자 청와대는 영국 정부가 편한 복장을 하라고 말했다는 해명을 했지만 정장 슈트는 불편하고 콤비 슈트는 편하다는 생각이 어디에서 나왔는지 궁금하다.",
		"summary2": "“성인(成人) 남성에게 슈트는 자신의 인격(人格)이자 세계관(世界觀) 그 자체다. 슈트를 보면 그 사람의 내면과 과거·현재·미래까지 볼 수 있다. 사회생활 속에서 입는 슈트의 핵심은 높은 가격이나 개성 있는 디자인, 유럽산 명품(名品)과 무관하다. 슈트를 입은 내가 아니라, 내가 입은 슈트를 보는 사람들의 눈에 맞춰진 옷이 드레스 코드의 출발점이다. 드레스 코드를 모르거나, 아예 무시한다는 것은 백악관 만찬에서 와인을 맥주잔에 부어 마시는 격이다. 변명이 따를 수 없는, 무례(無禮)와 무지(無知)의 극치다.” 문재인 대통령의 옷차림에 물의가 일자, 청와대는 “영국 정부가 편한 복장을 하라고 말했다”는 해명을 내놨다. 정장 슈트는 불편하고 콤비 슈트는 편하다는 생각이 어디에서 나왔는지 궁금하다.",
		"summary3": null,
		"summary_3_cnt": null
	}
}