{
	"Meta(Acqusition)": {
		"doc_id": "REPORT-edit-00012",
		"doc_category": "REPORT",
		"doc_type": "edit",
		"doc_name": "【이상곤의 ‘흐름’】 ‘한 번도 경험하지 못한 후보’... 노무현이라면 뭐라 할까?",
		"author": null,
		"publisher": null,
		"publisher_year": null,
		"doc_origin": "월간조선"
	},
	"Meta(Refine)": {
		"passage_id": "REPORT-edit-00012-00002",
		"passage": "어쨌든 민주당 정치인답게 이 지사는 노 전 대통령과의 인연을 부쩍 강조하고 싶은 모양이다.\n그런 이 지사가 요즘 유동규 전 성남도시개발공사 기획본부장과 관련해 야당 의원들과 측근 시비를 벌이고 있다.그런데 공교롭게도 이 지사가 닮고 싶은 노 전 대통령도 측근과 관련된 일화들을 많이 갖고 있다.\n2003년 취임 한 달도 안 돼 터진 나라종금 사건에는 노 전 대통령 측근인 안희정씨가 연루됐다.당시 국회 첫 국정연설을 앞두고 있던 노 전 대통령은 안희정씨를 앞에 두고“희정씨,이번 국정연설에서 나라종금 건을 다 밝혔으면 해요”라고 했단다.당시 청와대 연설비서관 강원국씨가 그의 책(《대통령의 글쓰기》)에서 전한 내용이다.그는 연설문에 담으라며“‘나라종금 사건’에 저의 참모가 관련되어 있다면 그것은 전적으로 저의 책임이다.저를 위해 일했던 사람의 잘못은 곧 제 잘못이다.모든 책임은 저에게 있고 법적으로 책임질 일이 있으면 임기를 마치는 대로 기꺼이 책임을 지겠다”고 구술했다고 한다.참모들의 만류로 연설문에 들어가지는 못했지만“결벽에 가까운 솔직함을 보였다”는 게 강씨 말이다.\n또2004년에는 최도술 청와대 총무비서관이 연루된 비자금 사건이 터졌다.노 전 대통령은 특별기자회견에서 측근문제에 대해“최도술씨는20년 가까이 일을 맡았고 안희정씨는15년 가까이 됐다.이들이 조달하고 사용한 대선자금은 저의 손발로서 한 것이다.법적인 처벌은 받되 정치적 비난은 저에게 하기 바란다”고 말했다.\n",
		"passage_Cnt": 721
	},
	"Annotation": {
		"summary1": "최 청와대 총무비서관이 연루된 비자금 사건에 대해 노 전 대통령은 최 씨 등이 조달하고 사용한 대선자금은 자신의 손발로서 한 것이라며 비난은 자신에게 하기 바란다고 말했다.",
		"summary2": "또2004년에는 최도술 청와대 총무비서관이 연루된 비자금 사건이 터졌다. 노 전 대통령은 특별기자회견에서 측근문제에 대해“최도술씨는20년 가까이 일을 맡았고 안희정씨는15년 가까이 됐다.이들이 조달하고 사용한 대선자금은 저의 손발로서 한 것이다.법적인 처벌은 받되 정치적 비난은 저에게 하기 바란다”고 말했다.",
		"summary3": null,
		"summary_3_cnt": null
	}
}