{
	"Meta(Acqusition)": {
		"doc_id": "REPORT-edit-00013",
		"doc_category": "REPORT",
		"doc_type": "edit",
		"doc_name": "【이상곤의 ‘흐름’】 민주당 이재명 선출 ‘내홍’...국민의힘 대선 ‘원팀(One Team)’ 기회",
		"author": null,
		"publisher": null,
		"publisher_year": null,
		"doc_origin": "월간조선"
	},
	"Meta(Refine)": {
		"passage_id": "REPORT-edit-00013-00001",
		"passage": "한때 미국 민주당이 보수 세력의 난립에 득의양양한 적이 있었다.실제 오바마 정부 시절 미국의 보수 세력들은 극우 티파티(Tea-party),),월가로 사분오열 돼 있었다.당시 공화당 원내대표 경선에는 무명의 티파티 후보가 돌풍을 일으키는 등 공화당 지도부의 리더십도 붕괴 일보직전 이었다.\n그런데 이런 미 보수 세력의 분열과 갈등을 액면 그대로 받아들여서는 안 된다.오히려 이런 분파와 분열이 이들 보수 세력을 더 강하게 결집한다는 분석도 있다.베스트셀러《코끼리는 생각하지 마》의 저자 조지 레이코프는“보수 세력내 분파가 그들을 약하게 하기는커녕 강하게 만드는 것이 사실이라면 진보는 이를 인식하는 편이 좋을 것”이라고 말했다.\n실제 그는 보수 세력의 분열은 근본적 차이에 있는 것이 아니라 단지 각자 관점을 달리하는 관심영역 때문이라고 말했다.보수주의 이데올로기와 근본 가치인‘엄격한 아버지’의 규율을 공유하면서 서로 관심 분야만 달리할 뿐이라는 것이다.\n리버테어리언들은 무제한의 사익 추구를 위해 개인에 대한 국가 권력의 영향력을 제한하자는 것에 관심이 있고,네오콘은 국내외 모든 분야에 국가 권력을 거침없이 휘둘러야 한다고 생각한다.월가 보수주의자들은 기업 세계를 통한 부의 획득에 관심이 있고,티파티는 자유주의자와 진보주의자를 상대로 한 문화 전쟁에서 승리하는 것이 목적이다.\n이런 미 보수주의자들의 강점은 역설적으로 미 민주당을 긴장시킨다.그들은 오바마 시대 보수 세력의 분열을 목격하고도 공화당에 권력을 내줄까 두려워했다고 한다.힐러리 클린턴이 압도적으로 당선될 것이라는 예상을 깨고 트럼프가 당선된 것도 이런 영향이 있었다. ‘광기(狂氣)’의 트럼프가 비록 바이든 대통령에게 권력을 넘기기는 했지만 말이다.\n",
		"passage_Cnt": 851
	},
	"Annotation": {
		"summary1": "오바마 정부 시절 미국 민주당은 보수세력들이 극우 티파티, 월가로 사분오열 되어 득의양양한 적이 있었다.",
		"summary2": "한때 미국 민주당이 보수 세력의 난립에 득의양양한 적이 있었다. 실제 오바마 정부 시절 미국의 보수 세력들은 극우 티파티(Tea-party),),월가로 사분오열 돼 있었다.",
		"summary3": null,
		"summary_3_cnt": null
	}
}