{
	"Meta(Acqusition)": {
		"doc_id": "REPORT-edit-00082",
		"doc_category": "REPORT",
		"doc_type": "edit",
		"doc_name": "【이상곤의 ‘흐름’】 김상조여! 박주민이여! 그 ‘후안무치’",
		"author": null,
		"publisher": null,
		"publisher_year": null,
		"doc_origin": "월간조선"
	},
	"Meta(Refine)": {
		"passage_id": "REPORT-edit-00082-00001",
		"passage": "후안무치(厚顔無恥)란 말은 원래 그 뜻이 와전된 것이다. 원래는 “낯짝은 두꺼워도 수치심은 있다”는 뜻의 후안유치(厚顔有恥)인데 어느 순간 “낯짝이 두꺼워서 수치심이 없다”는 뜻으로 바뀐 것이다. ‘사서오경’의 하나인 서경(書經) 오자지가(五子之歌) 고사성어에 있는 말이다.\n이렇게 말의 뜻과 모양이 바뀐 데는 다 이유가 있다. 예나 지금이나 세상에는 ‘얼굴은 두껍지만 수치심을 아는 선한 사람’보다 얼굴이 두꺼워서 수치심을 모르는 ‘뻔뻔한 인간’들이 득실대서 그런 것일 게다.\n최근 임대차 법 시행 전에 자기 잇속을 챙긴 김상조 전 청와대 정책실장과 박주민 민주당 의원이 ‘핫’하다. 두 사람은 정책에서 청와대와 민주당의 핵심이었다. 한 사람은 청와대에서 부동산 등 모든 정책을 총괄했고 한 사람은 21대 국회 첫 법안으로 전셋값 상한을 5%로 정한 임대차 법을 발의한 사람이다.\n김상조는 임대차 3법 시행 직전 자신이 소유한 강남아파트 전세계약을 갱신하며 전세보증금을 14.1% 올린 사실이 확인돼 경질됐다. 한 시민단체가 “업무상 비밀을 이용해 전세가 상한제 적용을 피했다“고 고발해 경찰 수사까지 예정돼 있다. 정권 최고 실세가 급전직하한 셈이다.\n임대차 법 시행 전에 전셋값을 9% 올려받은 박주민도 비난이 사그라들지 않고 있다. 해명을 한답시고 ‘부동산 사장님 탓’을 하다 괜한 공매를 더 벌었다. 결국 박영선 민주당 서울시장 후보 캠프 홍보디지털본부장직도 사퇴했다.\n",
		"passage_Cnt": 716
	},
	"Annotation": {
		"summary1": "김 씨는 임대차 3법 시행 전에 본인 소유 아파트 전세보증금을 14.1% 올린 사실이 확인돼 경질되고 박 씨는 전셋값을 9% 올려 받아 비난이 사그라들지 않고 있다.",
		"summary2": "김상조는 임대차 3법 시행 직전 자신이 소유한 강남아파트 전세계약을 갱신하며 전세보증금을 14.1% 올린 사실이 확인돼 경질됐다. 임대차 법 시행 전에 전셋값을 9% 올려받은 박주민도 비난이 사그라들지 않고 있다.",
		"summary3": null,
		"summary_3_cnt": null
	}
}