{
	"Meta(Acqusition)": {
		"doc_id": "REPORT-edit-20009",
		"doc_category": "REPORT",
		"doc_type": "edit",
		"doc_name": "抗蘇 지도자들, 사치에 빠져 탈레반과 싸우지 못해",
		"author": null,
		"publisher": null,
		"publisher_year": null,
		"doc_origin": "월간조선"
	},
	"Meta(Refine)": {
		"passage_id": "REPORT-edit-20009-00001",
		"passage": "‘아프가니스타니즘(Afghanistanism)’이라는 표현은 ‘당면한 국내 문제를 무시하고 먼 나라의 문제에 집중하는 것’을 가리킨다. 그런데 탈레반의 카불 입성(入城)으로 전 세계 언론이 아프가니스탄 관련 기사를 쏟아내고 있다. 먼 나라 일이라기보다는 국내 문제와 같은 비중으로 보도된다. 예전과 달리 세계가 그만큼 좁아졌다. 아프가니스타니즘이라는 단어가 새로운 뜻을 얻은 것 같은 느낌이다.\n 미군이 떠나도 적어도 1년은 버텨줄 것으로 믿었던 아프가니스탄 정부군이 미군이 철수하면서 급격히 무너지자, 우리나라처럼 미군과 함께 국가안보를 꾸려가는 미국 동맹국들의 민심이 동요하였다. 특히 탈레반이라는 ‘악마’의 귀환에 놀란 아프가니스탄 국민들이 비행기에 매달리다 떨어지기까지 하면서 필사적으로 탈출하려는 아비규환(阿鼻叫喚)을 보면서 자유세계 시민들은 경악을 금하지 못하였다. 조 바이든 미국 대통령이 서둘러 동맹국의 중요성을 강조하자 미군 철수 가능성 논란이 조기(早期) 진화되긴 하였지만, 미군의 아프가니스탄 철수는 안 그래도 중국의 부상(浮上), 러시아의 크림반도 무력(武力)점령 등으로 혼란스러운 국제사회 질서에 커다란 파장을 일으킨 것은 분명하다.\n 아프가니스탄은 고대(古代) 페르시아의 키루스 대왕이 정복 전쟁 중 목숨을 잃은 곳인데 이 사건으로 처음 역사 문헌에 모습을 드러냈다. 아프가니스탄은 1979년 12월부터 1989년 2월까지 이어진 소련의 침공을 이겨냈고, 2001년 10월 7일 들어왔던 미국도 지난 8월 30일 떠나면서 ‘제국의 무덤’이라는 별칭이 더욱 공고해졌다.\n",
		"passage_Cnt": 780
	},
	"Annotation": {
		"summary1": "페르시아의 키루스 대왕이 정복 전쟁 중 목숨을 잃은 곳이자 소련의 침공을 이겨낸 아프가니스탄에서 미국이 떠나자 제국의 무덤이라는 별칭이 더욱 공고해졌다.",
		"summary2": "아프가니스탄은 고대(古代) 페르시아의 키루스 대왕이 정복 전쟁 중 목숨을 잃은 곳인데 이 사건으로 처음 역사 문헌에 모습을 드러냈다. 아프가니스탄은 1979년 12월부터 1989년 2월까지 이어진 소련의 침공을 이겨냈고, 2001년 10월 7일 들어왔던 미국도 지난 8월 30일 떠나면서 ‘제국의 무덤’이라는 별칭이 더욱 공고해졌다.",
		"summary3": null,
		"summary_3_cnt": null
	}
}