{
	"Meta(Acqusition)": {
		"doc_id": "REPORT-edit-20041",
		"doc_category": "REPORT",
		"doc_type": "edit",
		"doc_name": "“바이든, 지미 카터 이래 가장 리더십 약한 대통령 될 것”",
		"author": null,
		"publisher": null,
		"publisher_year": null,
		"doc_origin": "월간조선"
	},
	"Meta(Refine)": {
		"passage_id": "REPORT-edit-20041-00010",
		"passage": " 코로나19 확산과 함께 주목받는 곳이 중국이다. 감염 지역 거주자 수천만명을 통제하고 확진자 개개인을 국가적 차원에서 관리하는 ‘신(神)의 한수’가 중국에서 나타났다. 바이러스 공포가 지구를 얼어붙게 할수록, 일부에게는 인류의 희망 모델로 부상(浮上)한 나라가 중국인 듯하다. 이안 브레머는 중국을 ‘국가 주도 자본주의(state capitalism)’의 전형적인 모델로 규정한다. 공산일당독재국가가 통치 주체이지만, 방식은 자본주의를 통한 통치를 말한다.\n ― 당신은 일찍이 ‘국가 주도 자본주의’의 도래를 예상했다. 중국에서 보듯, 개인이나 기업이 아닌, 국가가 전부 나서 주도하는 인위적(人爲的)인 자본주의 체제다. 감시 체제를 활용한 경찰국가는 국가 자본주의 체제의 특징 중 하나로 느껴진다. 코로나19 이후 변화일 수도 있겠지만, 국가 주도 자본주의가 인류의 대세가 될 수 있을까.\n “정부가 데이터를 독점할 경우 수많은 문제가 발생한다. 영향력이 절대적이기 때문이다. 데이터를 다루는 과정에서 수많은 일이 자연스럽게 탄생된다. 관련되는 근로자도 급증하면서 국민 생활 전부가 데이터를 통해 진행·분석·평가된다. 학습 AI, 로봇 서비스, 심지어 생산 문제도 데이터를 통해 관리·통제될 수 있다.\n 국가 주도 자본주의는 그 같은 문제를 아주 효율적이고도 재빨리 발전시켜나갈 수 있다. 감히 국가의 정책에 대한 반대나 생각이 허용되지 않기 때문이다. 테크놀로지를 통한 효율성·생산성 증가는 중국에 좋은 일일 수 있다.\n",
		"passage_Cnt": 742
	},
	"Annotation": {
		"summary1": "코로나19 확산과 함께 확진자 개개인을 국가적 차원에서 관리하고 통제하는 신의 한 수가 중국에서 나타나자 브레머는 중국을 국가 주도 자본주의의 전형적인 모델로 규정한다.",
		"summary2": "코로나19 확산과 함께 주목받는 곳이 중국이다. 감염 지역 거주자 수천만명을 통제하고 확진자 개개인을 국가적 차원에서 관리하는 ‘신(神)의 한수’가 중국에서 나타났다. 이안 브레머는 중국을 ‘국가 주도 자본주의(state capitalism)’의 전형적인 모델로 규정한다.",
		"summary3": null,
		"summary_3_cnt": null
	}
}