{
	"Meta(Acqusition)": {
		"doc_id": "REPORT-edit-20057",
		"doc_category": "REPORT",
		"doc_type": "edit",
		"doc_name": "-하노이에서 김정은은 애원하며 매달렸다",
		"author": null,
		"publisher": null,
		"publisher_year": null,
		"doc_origin": "월간조선"
	},
	"Meta(Refine)": {
		"passage_id": "REPORT-edit-20057-00013",
		"passage": " 이제 회담이 끝나는가라고 생각했는데 김정은은 그게 아니었다. 영변을 다시 설명하면서 전임자들이 이룬 것보다 더 큰 성과를 거둘 수 있다고 설득하려 하였다. 볼턴은 그렇다면 양측이 따로 성명을 내자고 했다. 김정은이 북측은 성명을 내지 않겠다고 했다. 트럼프는 공동성명을 원한다면 김영철과 폼페이오가 초안을 마련해보라고 했다. 북한 측은 퇴장하였다. 트럼프는 볼턴에게 질문을 던졌다.\n “7000마일이나 떨어진 나라를 제재해야 하는 이유를 설명해보라”고 했다. 볼턴은 “그들이 미국인을 죽일 수 있는 핵과 미사일을 만들고 있기 때문이다”고 했다. 트럼프가 옆방에서 기다리고 있는데 폼페이오가 와서 공동성명 작성이 불가능하다고 보고하였다. 김정은이 영변 이야기를 또 꺼내서 합의가 되지 않았다는 것이었다. 이렇게 해서 하노이 회담은 공동성명 없이 끝났다. 볼턴은 싱가포르의 패배를 하노이의 결렬로 복수한 것이다.\n 트럼프는 하노이 회담을 결렬시킴으로써 주도권을 회복할 수 있었다. 볼턴은 “북한은 ‘어떤 합의라도 합의는 성공’이라고 생각하는 외교관을 이용해먹는 데는 선수들”이라면서 트럼프가 그런 외교관을 닮아간다고 걱정했다.\n 볼턴은, 하노이 회담 직후 정의용 실장과 이야기한 내용을 소개하였다. 정 실장은 김정은이 플랜B 없이 온 것이 이상하다고 했다. 그는 문재인 대통령의 시각을 전했다. 미국이 ‘행동 대 행동’ 전술에 넘어가지 않은 것은 잘했지만 영변 폐기는 되돌릴 수 없는 비핵화로 가는 데 있어서 중요하다고 하더란 것이다. 볼턴은 이 대목을 소개하면서 그런 문재인의 생각은 ‘정신분열적’이라고 했다. 영변 폐기와 제재 해제를 맞바꾸려는 전술이 ‘행동 대 행동’인데 엉뚱한 이야기를 한다는 것이었다.\n",
		"passage_Cnt": 845
	},
	"Annotation": {
		"summary1": "회담이 끝나간다고 생각했는데 김정은은 그게 아니였고 영변을 다시 설명하면서 전임자들이 이룬 것보다 더 큰 성과를 거둘 수 있다고 설득하려 하였다.",
		"summary2": "이제 회담이 끝나는가라고 생각했는데 김정은은 그게 아니었다. 영변을 다시 설명하면서 전임자들이 이룬 것보다 더 큰 성과를 거둘 수 있다고 설득하려 하였다.",
		"summary3": null,
		"summary_3_cnt": null
	}
}