{
	"Meta(Acqusition)": {
		"doc_id": "REPORT-edit-20026",
		"doc_category": "REPORT",
		"doc_type": "edit",
		"doc_name": "“북한은 그 어떤 협상에서도 한미동맹 종료에 관한 문구를 넣으려 할 것”",
		"author": null,
		"publisher": null,
		"publisher_year": null,
		"doc_origin": "월간조선"
	},
	"Meta(Refine)": {
		"passage_id": "REPORT-edit-20026-00004",
		"passage": " ― 싱가포르 회담의 교훈이라고 할까? 국방부의 후임자에게 어떤 충고를 해주고 싶은가.\n “내 후임자에게 전하고 싶은 말은 단 하나다. 한미동맹 관계를 끊는 것이 북한의 최종 목표라는 점이다. 북한은 그 어떤 협상에서도 한미동맹 종료에 관한 문구를 넣으려 할 것이다. 북한은 한반도 전체에 대한 야심을 잊은 적이 단 한 번도 없다. 미국이 북한의 그런 생각에 반대하는 것이야말로, 북한에 대한 강력한 방어력이 될 수 있다.”\n ― 북한이 미국에 요구하는 핵심 사항은 무엇인가? 미디어에 공표된 것이 아닌, 미북 협상을 지켜본 전문가로 어떤 것이 먼저 떠오르는가.\n “북한 프로파간다에 정통한 마이어스(B.R. Myers) 교수의 말을 인용하고 싶다.\n ‘북한은 우리에게 무엇을 원하는지 분명히 밝혀왔다. 그러나 우리는 의도적으로 모른 척하면서 북한이 다른 것을 원할 것이라 생각해왔다.’\n 북한은 항상 직접적이고도 조직화된 방식으로 북한에 대한 ‘적대정책(hostile policy)’을 버리라고 요구해왔다. 북한이 말하는 적대정책이란 간단히 해석할 문제가 아니다. 한미동맹은 물론 지역 내 평화 보장이나 경제 제재를 포함한 광범위한 영역의 문제다. 협상할 때 상대가 말하는 용어나 내용에 관한 정의(definition)를 확실히 해둘 필요가 있다. 협상 주도권을 쥘지 여부에 관한 중요한 포인트다.”\n ― 최근 “북한에 대한 ‘황금양보(golden concession)’를 주의하라”는 의견을 신문에 기고한 것으로 알고 있다. 무슨 의미인가.\n",
		"passage_Cnt": 753
	},
	"Annotation": {
		"summary1": "한반도 전체에 대한 야심을 잊은 적이 없는 북한의 최종 목표는 한미동맹을 끊는 것이다.",
		"summary2": "한미동맹 관계를 끊는 것이 북한의 최종 목표라는 점이다. 북한은 한반도 전체에 대한 야심을 잊은 적이 단 한 번도 없다.",
		"summary3": null,
		"summary_3_cnt": null
	}
}