{
	"Meta(Acqusition)": {
		"doc_id": "REPORT-edit-20005",
		"doc_category": "REPORT",
		"doc_type": "edit",
		"doc_name": "한국의 對美 로비 금액 1억7217만 달러, 세계 3위(2016~2021년)",
		"author": null,
		"publisher": null,
		"publisher_year": null,
		"doc_origin": "월간조선"
	},
	"Meta(Refine)": {
		"passage_id": "REPORT-edit-20005-00009",
		"passage": " 미국인이 주축이 돼 중국의 대미 로비를 벌이는 단체는 미중무역전국위원회(US-China Business Council·UCBC), 미중관계전국위원회(National Committee on United States-China Relations·NCUSCR) 등이 있다.\n UCBC는 리처드 닉슨 미국 대통령이 베이징을 방문한 지 1년 뒤인 1973년 설립됐다. 미국을 대표하는 기업 200개 사(社)를 회원으로 둔 비영리 단체이다. UCBC의 부의장은 제너럴 모터스(GM) 회장인 메리 바라(Mary T. Barra)다. 이사에는 보잉(Boeing), 퀄컴(Qualcomm), 포드자동차(Ford), 화이자(Pfizer), 비자(Visa), 코카콜라(Coca-Cola) 등의 회장 또는 최고경영자가 이름을 올렸다.\n UCBC는 중국이 가장 신뢰하는 친중(親中) 비즈니스 단체이다. 중국의 유력 인사들과 연결되는 ‘핫 파이프(hot pipe)’라는 평가가 있다. UCBC는 1990년대 후반 클린턴 행정부 시절 중국의 MFN 연장과 WTO 가입을 위해 앞장섰다. 당시 세계 500대 기업 중 상위 100대 기업이 주축이 돼 미국 의회를 상대로 로비를 벌였다. 덕분에 중국 정부는 미국 정부와 의회에 직접 로비를 할 필요성도 없었다. UCBC의 뒤를 이어 NCUSCR도 중국의 대미 로비 과정에서 역할을 하고 있다.\n 2000년대 들어 중국 정부는 미국 로펌 등과 로비 계약을 맺고 정부 차원의 직접 대미 로비를 벌이기 시작했지만, 이를 공개적으로 밝히진 않았다. 중국이 고용한 미국 로비 회사의 로비 대상은 주로 미 상원 외교위원회와 군사위원회였다. 중국 정부뿐만 아니라 중국 지방 성(省)들도 자체적으로 대미 로비를 벌였다.\n",
		"passage_Cnt": 854
	},
	"Annotation": {
		"summary1": "미국을 대표하는 기업 200개 사를 회원으로 둔 비영리 단체 UCBC는 1973년 설립됐으며 중국이 가장 신뢰하는 친중 비즈니스 단체이다.",
		"summary2": "UCBC는 리처드 닉슨 미국 대통령이 베이징을 방문한 지 1년 뒤인 1973년 설립됐다. 미국을 대표하는 기업 200개 사(社)를 회원으로 둔 비영리 단체이다. UCBC는 중국이 가장 신뢰하는 친중(親中) 비즈니스 단체이다.",
		"summary3": null,
		"summary_3_cnt": null
	}
}