{
	"Meta(Acqusition)": {
		"doc_id": "REPORT-edit-20036",
		"doc_category": "REPORT",
		"doc_type": "edit",
		"doc_name": "“바이든의 동맹 개선 의지는 중국에 큰 고통이 될 것”",
		"author": null,
		"publisher": null,
		"publisher_year": null,
		"doc_origin": "월간조선"
	},
	"Meta(Refine)": {
		"passage_id": "REPORT-edit-20036-00010",
		"passage": " 게다가 중국이 내심 기대했던 바이든 찬스가 자신들의 예상과는 다른 방향으로 전개될 가능성이 있다. 중국 미국전문가들은 시진핑 주석의 협력과 상호 존중에 대한 유화적 접근에 대해 바이든이 명확한 동조 의사를 표시하지 않았고, 대선유세 기간 동안 취했던 중국에 적대적인 발언 수위가 당선 확정 이후에도 전혀 낮아지지 않았다는 점에 주목하고 있다.\n 중국 정부의 바이든 행정부 공식 인정이 발표되자 중국의 관영매체는 앞다투어 공식 입장을 발표하기 시작했다. 중국 정부나 관영 언론의 주요 논지는 미·중 관계가 예측 가능하게 변하고, 양국 관계는 새로운 국면을 맞게 될 것이라는 기대로 채워졌다. 미·중 간 고위급 교류가 사실상 중단되어 실질적인 협력이 사라졌던 트럼프 정부와 달리 무역갈등을 포함하여 코로나19 방역, 기후변화 대응 등 좀 더 실무적이고 건설적인 협력을 예상했으며, 미·중 간 관세갈등도 손해가 비교적 적은 영역에서부터 점차 완화될 것이라고 전망하고 있다. 다자간 협정에서도 중국이 미국과 함께 논의를 시작한다면 양국은 서로 소통할 새로운 플랫폼을 갖게 될 것이다. 홍콩과 대만 문제에 대해서도 트럼프 정부가 취한 기존 조치에서 더 나아가지는 않을 것으로 예상했다. 특히 바이든은 대만문제의 데드라인을 명확히 인식하고 있어, 이 지역을 둘러싼 긴장이 극대화될 가능성은 낮다는 것이 중론(衆論)이다.\n 하지만 정권인수위원회를 구성하고 초기 내각을 구성하는 과정에서 보여준 바이든의 행보는 중국 정부와 중국 내 전문가들을 당혹하게 하고 있다. 바이든과 그의 초기 행정부의 구성원들은 지난 선거유세 과정에서 밝힌 대중정책을 재확인하고, 일부 사안에 대해서는 구체적인 정책 방안을 표명했다.\n",
		"passage_Cnt": 838
	},
	"Annotation": {
		"summary1": "시진핑 주석의 유화적 접근에 대해 바이든이 명확한 동조 의사를 표하지 않았기 때문에 중국이 내심 기대한 바이든 찬스가 중국의 예상과 다른 방향으로 전개될 수 있다.",
		"summary2": "게다가 중국이 내심 기대했던 바이든 찬스가 자신들의 예상과는 다른 방향으로 전개될 가능성이 있다. 중국 미국전문가들은 시진핑 주석의 협력과 상호 존중에 대한 유화적 접근에 대해 바이든이 명확한 동조 의사를 표시하지 않았고, 대선유세 기간 동안 취했던 중국에 적대적인 발언 수위가 당선 확정 이후에도 전혀 낮아지지 않았다는 점에 주목하고 있다.",
		"summary3": null,
		"summary_3_cnt": null
	}
}