{
	"Meta(Acqusition)": {
		"doc_id": "REPORT-edit-20019",
		"doc_category": "REPORT",
		"doc_type": "edit",
		"doc_name": "“한국은 한국인 생각 이상으로 미국이 중시하는 나라”",
		"author": null,
		"publisher": null,
		"publisher_year": null,
		"doc_origin": "월간조선"
	},
	"Meta(Refine)": {
		"passage_id": "REPORT-edit-20019-00008",
		"passage": " ― 미국 상황을 보면 파워와 질서가 흔들리는 듯하다.\n “제2차 세계대전 당시 프랭클린 루스벨트 대통령의 정책을 보면 민주주의에 반하는 것들이 많다. 10만명에 이르는 일본계 미국인에 대한 강제수용은 대표적인 본보기다. 일본계 강제수용이 역사적 과오라 인정된 것은 1980년대 레이건 대통령 때이다. 거의 40여 년간 민주주의에 반하는 역사가 용인돼왔다고 볼 수 있다.\n 카를 슈미트의 세계관은 민주주의의 맏형이라 불리는 미국에서도 엄연히 존재한다. 현재 바이든은 카를 슈미트의 세계관을 어느 정도까지 받아들일지 고민하는 단계에 서 있다. 이미 트럼프 때부터 시작됐지만, 중국을 상대로 한 경쟁에서 이기기 위해, 중국과의 경쟁무대에 나서기 위한 준비단계로서 자유 개념의 재정립이다. 안전을 유지하기 위한 자유 개념의 변화다. 프랭클린 루스벨트가 보여줬던 식의, 국가 국민의 안전을 위한 자유의 제한이다.”\n 후나바시는 “사실 미국은 이미 2001년 9·11테러 이후 자유 개념의 재정립에 들어선 상태”라고 말했다.\n “9·11 여파로 신설된 국토안보부(Homeland Security)는 개인 자유의 통제와 제약에 나섰다. 2001년에는 테러리스트, 2021년에는 중국이 타깃이 되면서 자유 개념의 변화가 나타나고 있다. 코로나19 바이러스 때문이기도 하지만, 행정부가 사법부나 입법부보다 한층 더 힘을 발휘하는 것도 자유 개념의 변화로 연결될 수 있다. 보통 행정부는 국가 국민의 안전, 사법부·입법부는 자유를 한층 더 중시하는 기관이다.”\n",
		"passage_Cnt": 753
	},
	"Annotation": {
		"summary1": "카를 슈미트의 세계관은 미국에서도 존재하고 바이든은 슈미트의 세계관을 어느 정도까지 받아들일지 고민하는 단계에 서 있다.",
		"summary2": "카를 슈미트의 세계관은 민주주의의 맏형이라 불리는 미국에서도 엄연히 존재한다. 현재 바이든은 카를 슈미트의 세계관을 어느 정도까지 받아들일지 고민하는 단계에 서 있다.",
		"summary3": null,
		"summary_3_cnt": null
	}
}