{
	"Meta(Acqusition)": {
		"doc_id": "REPORT-edit-20042",
		"doc_category": "REPORT",
		"doc_type": "edit",
		"doc_name": "트럼프의 부정선거 주장, 왜 나오고 어떻게 확산됐나",
		"author": null,
		"publisher": null,
		"publisher_year": null,
		"doc_origin": "월간조선"
	},
	"Meta(Refine)": {
		"passage_id": "REPORT-edit-20042-00002",
		"passage": " 섣불리 트럼프 당선을 확신한 한국 여론이 미처 살피지 못한 것은 바로 카운티(county)들이었다. 미국 대선을 제대로 분석하기 위해서는, 단순히 주(州·state)별 개표 상황만 볼 게 아니라, 주 안에 있는 카운티들의 개표 상황을 살펴봐야 한다. 개표는 카운티들이 각각 하고, 따로 보고하기 때문이다.\n 미국의 주라는 건 사실상 하나하나가 나라다. 대한민국 국토보다 훨씬 큰 주들이 다수 있을 정도다. 이러니 한 주 안에도 여러 도시가 있고, 또 도심지와 외곽 지역으로 나뉜다. 따라서 카운티에 따라 표의 성향이 다를 수밖에 없다. 고소득층이 밀집된 지역이 있는 반면, 저소득층이 밀집된 곳이 있고, 성향·직업·학력·인종 등 기준에 따라 표심(票心)이 세분화될 수 있다.\n 바이든이 가장 먼저 뒤집은 경합주는 위스콘신이었다. 위스콘신 개표 상황이 81%였을 때만 하더라도, 이미 트럼프가 4%p를 앞서고 있었다. 주내(州內) 카운티들의 상황을 모르는 대다수 한국인이 트럼프의 경합주 압승을 예측하는 건 당연하다. 하지만 미국 내 전문가들은 아직 바이든의 표 가운데 상당수가 반영되지 않았다는 것을 알고 있었다. 당시 민주당의 강력한 텃밭인 밀워키, 민주당 우세 경향을 보여온 그린베이 등의 카운티에서 아직 사전(事前)투표 개표가 이루어지지 않은 상황이었다. 그리고 이들이 본격적으로 개표를 시작하며, 역전극이 이루어진 것이다.\n 위스콘신을 시작으로 경합주들의 상황이 완전히 뒤바뀐다. 미시간은 디트로이트 등의 인구 고밀집 민주당 지역에서 사전투표들이 집계되며 빠른 속도로 뒤집혔다. 사전투표의 4분의 3 이상이 바이든 표라고 분석되었던 펜실베이니아 역시 개표 후반 우편투표가 집계되기 시작하면서 바이든이 트럼프를 추월하게 된다. 전통적인 공화당 강세 지역인 딥사우스(Deep South)의 조지아마저 민주당 강세 지역 풀턴 카운티와 드칼브 카운티 등의 표가 집계되며 바이든이 역전극을 이루어낸다. 네바다·애리조나마저 넘어가자, 이제야 사람들은 바이든의 승리가 확실시된다는 것을 깨닫게 된다.\n",
		"passage_Cnt": 1006
	},
	"Annotation": {
		"summary1": "민주당 우세 경향을 보여온 그린베이 등의 카운티에서 본격적으로 개표를 시작하자 경합주들의 상황이 완전히 뒤바뀌며 역전극이 이루어졌다.",
		"summary2": "당시 민주당의 강력한 텃밭인 밀워키, 민주당 우세 경향을 보여온 그린베이 등의 카운티에서 아직 사전(事前)투표 개표가 이루어지지 않은 상황이었다. 그리고 이들이 본격적으로 개표를 시작하며, 역전극이 이루어진 것이다. 위스콘신을 시작으로 경합주들의 상황이 완전히 뒤바뀐다.",
		"summary3": null,
		"summary_3_cnt": null
	}
}