{
	"Meta(Acqusition)": {
		"doc_id": "REPORT-edit-20048",
		"doc_category": "REPORT",
		"doc_type": "edit",
		"doc_name": "개인의 힘으로 各論부터 개혁… ‘떼의 힘’으로 밀어붙이는 한국 386과 대조적",
		"author": null,
		"publisher": null,
		"publisher_year": null,
		"doc_origin": "월간조선"
	},
	"Meta(Refine)": {
		"passage_id": "REPORT-edit-20048-00003",
		"passage": " 세대론의 관점에서 볼 때, 한자와 시리즈의 주된 줄거리는 ‘직장 내 상사들을 상대로 한 버블세대 분투기’로 압축할 수 있다. 한자와에 맞서는 세대는 단카이(團塊)세대다. 한자와가 일하는 도쿄중앙은행(東京中央銀行) 내 직장 상사들이 단카이세대다.\n 단카이는 1947~1949년에 태어난 베이비붐 세대를 말한다. 대략 800만명에 달한다. 전쟁 패배자로 전락한 아버지를 보면서 어릴 때부터 반미(反美) 감정으로 성장한 세대다. 같은 아시아인으로, 한국・중국에 대해 사죄하는 세대이기도 하다. 동(同) 세대 간의 종적·횡적 결속력이 남다르다.\n 경제적으로 보면, 1964년 도쿄 하계올림픽 개최를 전후해 불붙은 일본 고도 성장기의 중심이 이들 단카이다. 조직이 확장, 국제화되는 과정에서 ‘인생=승진’을 당연시하던 세대다. ‘구조정리’ ‘명예퇴직’이란 단어는 아예 존재하지도 않았다. 대략 10여 년 전부터 현역에서 은퇴했지만, 20세기 일본 경제성장의 최대 지지자이자 수혜자다. 한자와가 입사한 도쿄중앙은행의 핵심은 그런 단카이들로 채워져 있다.\n 한자와 시리즈는 승승장구 단카이와 단물 빠진 한자와 버블세대의 대결구도로 이뤄져 있다. 갑(甲)으로서 단카이와 을(乙)로서 한자와 세대다. ‘고객 중심’은 한자와는 물론 한자와가 일하는 도쿄중앙은행이 모토로 삼는 말이다. 고객 중심이 아닌, ‘본인 중심’ 이익에 빠진 단카이를 통렬히 공격하고 끝까지 맞서 싸우는 것이 드라마 속 한자와의 역할이자 임무다.\n",
		"passage_Cnt": 729
	},
	"Annotation": {
		"summary1": "1947년 경에 태어나 반미 감정으로 성장한 단카이 세대는 1964년 도쿄 하계 올림픽 개최를 전후로 불붙은 일본 고도 성장기의 중심에 있었다.",
		"summary2": "경제적으로 보면, 1964년 도쿄 하계올림픽 개최를 전후해 불붙은 일본 고도 성장기의 중심이 이들 단카이다. 단카이는 1947~1949년에 태어난 베이비붐 세대를 말한다. 전쟁 패배자로 전락한 아버지를 보면서 어릴 때부터 반미(反美) 감정으로 성장한 세대다.",
		"summary3": null,
		"summary_3_cnt": null
	}
}