{
	"Meta(Acqusition)": {
		"doc_id": "REPORT-edit-20046",
		"doc_category": "REPORT",
		"doc_type": "edit",
		"doc_name": "사실상 한국에 대한 언급은 없었다",
		"author": null,
		"publisher": null,
		"publisher_year": null,
		"doc_origin": "월간조선"
	},
	"Meta(Refine)": {
		"passage_id": "REPORT-edit-20046-00009",
		"passage": " 트럼프 정부는 인도-태평양 지역 내 동맹 강화를 위해 노력해왔다. 가장 잘 보여주는 사례는 2017년 이전 8년간 중단된 미국·일본·인도·호주의 4개국 안보대화 재개다.\n 중국은 남중국해에서 군사력을 계속 증강하면서 몇몇 섬엔 활주로와 수십 개의 전투기용 격납고를 건설했다. 대함 순항미사일과 대공 포대, 미사일 방어체계도 구축해 미국과 그 동맹국·협력국을 위협하고 있다. 중국은 코로나19 대유행 와중에도 베트남 어선 한 척을 침몰시켰다.\n 트럼프 대통령은 전임 오바마 행정부와는 달리 리더십을 발휘해 남중국해 내 항행의 자유에 대한 미국의 권리를 당당하게 주장한다. 항행의 자유 작전 11건을 승인했고, 중국의 남중국해 영유권 주장에 맞서는 국가에 군사 지원을 강화했다.\n 번영하는 자유로운 인도-태평양 지역을 달성하기 위해서는 해당 국가와의 무역 확대가 필수적이다.\n 2019년 9월 트럼프 대통령은 일본과 제한적 무역협정을 체결했다. “향후 ‘좀 더 종합적인’ 무역협정 협상을 기대한다”는 발표도 했다. 또한 필리핀・인도와의 자유무역협정 체결에 대한 관심도 표명했다.\n 미국은 대만과 인도네시아・몽골 등 중국의 부상 때문에 압박받고 있는 민주주의 국가와의 무역을 확대해야 한다. 트럼프 행정부는 이미 그러한 노력을 시작했다. 중국에 대한 경제적 의존도를 낮추기 위해, 믿을 수 있는 협력국과의 자유무역협정인 ‘경제번영 네트워크(Economic Prosperity Network)’ 구축도 제안했다.\n",
		"passage_Cnt": 732
	},
	"Annotation": {
		"summary1": "중국은 남중국해에서 군사력을 계속 증강했고 대함 순항미사일과 대공 포대, 미사일 방어체계도 구축했다.",
		"summary2": "중국은 남중국해에서 군사력을 계속 증강하면서 몇몇 섬엔 활주로와 수십 개의 전투기용 격납고를 건설했다. 대함 순항미사일과 대공 포대, 미사일 방어체계도 구축해 미국과 그 동맹국·협력국을 위협하고 있다.",
		"summary3": null,
		"summary_3_cnt": null
	}
}