{
	"Meta(Acqusition)": {
		"doc_id": "REPORT-edit-20021",
		"doc_category": "REPORT",
		"doc_type": "edit",
		"doc_name": "분열주의자들의 공격으로 正體性 위기에 처한 미국",
		"author": null,
		"publisher": null,
		"publisher_year": null,
		"doc_origin": "월간조선"
	},
	"Meta(Refine)": {
		"passage_id": "REPORT-edit-20021-00007",
		"passage": " 미국 분열주의자들의 국가 파괴 행위로부터 교훈을 얻는 소극적 적용을 도출하는 것 외에도, 개인의 자유를 보호하기 위해 만들어진 최초의 민주공화국인 미국의 철학과 문화를 참고함으로써 우리나라 상황에 유의미한 적용들을 이끌어낼 수 있다.\n 대륙철학에 의한 사상의 세례를 받은 탓인지, 우리나라 사람들은 ‘민주주의’를 생각할 때 프랑스혁명(1789년)을 먼저 떠올리는 경향이 있다. 하지만 결국 왕정복고(王政復古)로 허무하게 마무리된 프랑스혁명이 발생하기 무려 13년 전인 1776년 미국에서는 이미 독립선언서가 발표됐다는 사실을 기억해야 한다. 그리고 1788년에 들어서 미국 시민들은 이미 투표를 통해 그들의 지도자를 직접 선출하고 있었다(참고로 조지 워싱턴과 정조는 거의 동시대 인물이다).\n 미국은 법 앞의 평등, 권력 분립, 견제와 균형, 연방주의(지방분권자치제), 제한된 정부 등의 개념을 통해 개인의 자유와 권리를 보호하는 것을 골자로 하는 민주공화국의 기본 틀을 인류에게 제공해주었다. 토머스 제퍼슨은 미국의 국부(國父)들이 “누구로부터도 동의를 얻을 수 있을 만큼 명백하고 확고한 상식적 관점을 인류 앞에 제시하기 원했다”고 말한 바 있다. 따라서 이 같은 미국의 건국 이념과 기업가 정신을 보상하고 개척과 도전을 장려하는 미국의 문화로부터 도출되는 ‘상식적 관점’을 참고함으로써 우리 사회를 발전시키는 데 도움이 되는 인사이트를 충분히 얻어낼 수 있다고 생각한다.\n",
		"passage_Cnt": 716
	},
	"Annotation": {
		"summary1": "우리나라 사람들은 민주주의를 생각할 때 프랑스혁명을 먼저 떠올리는 경향이 있는데 미국에서는 이미 독립선언서가 발표됐다는 사실을 기억해야 한다.",
		"summary2": "대륙철학에 의한 사상의 세례를 받은 탓인지, 우리나라 사람들은 ‘민주주의’를 생각할 때 프랑스혁명(1789년)을 먼저 떠올리는 경향이 있다. 하지만 결국 왕정복고(王政復古)로 허무하게 마무리된 프랑스혁명이 발생하기 무려 13년 전인 1776년 미국에서는 이미 독립선언서가 발표됐다는 사실을 기억해야 한다.",
		"summary3": null,
		"summary_3_cnt": null
	}
}