{
	"Meta(Acqusition)": {
		"doc_id": "REPORT-edit-20046",
		"doc_category": "REPORT",
		"doc_type": "edit",
		"doc_name": "사실상 한국에 대한 언급은 없었다",
		"author": null,
		"publisher": null,
		"publisher_year": null,
		"doc_origin": "월간조선"
	},
	"Meta(Refine)": {
		"passage_id": "REPORT-edit-20046-00001",
		"passage": "‘마가(MAGA)’. 미국 대선에 조금이라도 관심이 있는 이라면 어디선가 보았을 단어다. ‘다시 미국을 강하게 만들자(Make America Great Again)’의 축약어다. 도널드 트럼프 대통령의 캐치프레이즈다. 트럼프가 주(州)마다 돌아다니며 대선 유세를 하는 걸 ‘마가 랠리(MAGA rally)’라 표현하기도 한다. 트럼프가 유세하는 곳이면 ‘MAGA’라 씌여 있는 모자나 티셔츠를 착용한 공화당 지지자들이 어김없이 나타난다.\n ‘마가’를 들여다보면 현재 미국을 이끌고 있는 리더들의 현실 인식을 읽어낼 수 있다. 바로 위기 의식이다. 미국의 영향력이 과거만 못하다는 진단이다.\n 지난 6월, 미국 공화당 연구위원회(RSC·Republican Study Committee)는 보고서를 내놨다. 미국의 안보 전략에 대한 제언을 담고 있다. 보고서 제목은 명료하다. ‘미국을 더 강하게, 그리고 글로벌 위협에 대항하기(Strengthening America & Countering Global Threats)’.\n 지난 6월 이 보고서가 나왔을 때는 크게 주목하지 않았다. 미국이 국제 정세에서 처한 상황과 대응책을 일목요연하게 정리한 훌륭한 보고서지만 말 그대로 ‘제언’ 수준으로 여겼다. 그런데 보고서에 실린 제언들이 하나 둘씩 정책으로 현실화하고 있다.\n 예를 들면 지난 9월 9일 미국 국무부는 “미국 비자를 내주기에 적합하지 않은 중국인 1000명 이상의 비자 발급을 취소했다”고 발표했다. 중국인 ‘유학생 간첩’을 지적하며 보고서가 제안한 그대로다.\n",
		"passage_Cnt": 766
	},
	"Annotation": {
		"summary1": "MAGA는 미국 대선 때 트럼프 대통령의 캐치프레이즈다.",
		"summary2": "‘마가(MAGA)’. 도널드 트럼프 대통령의 캐치프레이즈다. 미국 대선에 조금이라도 관심이 있는 이라면 어디선가 보았을 단어다.",
		"summary3": null,
		"summary_3_cnt": null
	}
}