{
	"Meta(Acqusition)": {
		"doc_id": "REPORT-edit-20006",
		"doc_category": "REPORT",
		"doc_type": "edit",
		"doc_name": "‘외계인이 인종 개량을 위해 납치!’",
		"author": null,
		"publisher": null,
		"publisher_year": null,
		"doc_origin": "월간조선"
	},
	"Meta(Refine)": {
		"passage_id": "REPORT-edit-20006-00005",
		"passage": " 그는 이런 내용을 하버드대학교 천체물리학자인 루디 실드 박사와 논의했고, 실드 박사는 매너위치와 같은 경험자들이 외계생명체로부터 들은 우주에 대한 이야기들이 천체물리학 관점에서 성립되는지를 분석했다고 한다.\n ― 당신과 같은 경험자들이 말하는 우주의 이야기를 실드 박사가 사실이라고 증명해줬나.\n “나는 그에게 ‘생명체들이 내게 새로운 우주가 있다는 사실을 보여줬다’고 말했다. 그는 이는 사실이 아니라며 다른 은하계일 것이라고 했다. 10년 정도 지난 후 그는 새로운 우주가 있다는 것에 동의한다고, 내 말이 사실이라고 했다. 생명체들은 내게 (우주의) 탄생 과정과 생명이 태어나는 과정을 보여줬다. 새로운 우주가 만들어지는 과정을 짐작할 수 있다.”\n 기자가 인터뷰한 두 번째 경험자는 미국 뉴욕에 거주하고 있는 앨런 스타인필드 씨다. 1956년생인 그는 1987년 당시 외계인에 납치된 적이 있다고 했다. 여자친구와 같이 있었는데 눈을 떠보니 둘 다 잠들었던 자세 그대로 누워 있었다는 것이다. 이 여자친구도 납치 경험을 기억하고 있다고 한다.\n ― 외계인에 납치됐을 당시의 이야기가 듣고 싶다.\n “나는 여자친구와 함께 미국 서부에서 동부 쪽으로 차를 타고 여행을 하고 있었다. 여행 중 차에서 잠이 들었고 잠든 기억이 사라지는 일이 발생했다. 갑자기 기절한 것 같은, 시간이 얼어버린 것 같은 느낌이었다. 다음 날 아침에 눈을 떴을 때 기분이 매우 이상했다. 현실의 시간에서 다른 곳으로 이동했다가 돌아온 느낌이었다. 내 무릎 뒤쪽에 네 개의 점이 사각형 모양으로 찍혀 있는 것을 발견했다. 이날 밤 일어난 일에 대한 기억이 지워진 것 같았다.\n",
		"passage_Cnt": 815
	},
	"Annotation": {
		"summary1": "뉴욕에 거주하는 스타인필드 씨는 1987년에 외계인에 납치된 적이 있으며 여자친구도 납치 경험을 기억하고 있다고 한다.",
		"summary2": "기자가 인터뷰한 두 번째 경험자는 미국 뉴욕에 거주하고 있는 앨런 스타인필드 씨다. 1956년생인 그는 1987년 당시 외계인에 납치된 적이 있다고 했다. 이 여자친구도 납치 경험을 기억하고 있다고 한다.",
		"summary3": null,
		"summary_3_cnt": null
	}
}