{
	"Meta(Acqusition)": {
		"doc_id": "REPORT-edit-20044",
		"doc_category": "REPORT",
		"doc_type": "edit",
		"doc_name": "전쟁도 전염된다",
		"author": null,
		"publisher": null,
		"publisher_year": null,
		"doc_origin": "월간조선"
	},
	"Meta(Refine)": {
		"passage_id": "REPORT-edit-20044-00006",
		"passage": " 이번 전쟁에서 보병들의 총격전은 없었다고 한다. 포격(砲擊)과 드론이 전투의 주요 수단이었다. 7월 12일부터 7월 16일까지 상대적으로 치열하게 전개되었던 전투는 4일 만에 휴전(cease fire) 상태가 되었지만, 이후에도 양측은 서로 상대방이 휴전을 위반했다고 비난하며 전투를 지속했다. 그러다가 9월 27일부터 본격적인 충돌이 다시 시작되었다.\n 1994년 5월 나고르노카라바흐 지역에 거주하는 인종적 다수파인 아르메니아인과 아제르바이잔 정부 간의 전쟁이 종식된 이후 아르메니아인은 그 지역에 대한 통제력을 장악하게 되었다. 이 같은 합의는 러시아의 중재를 통한 휴전으로 이루어질 수 있었다.\n 그러나 일방이 불리하다고 생각한 협정은 잘 지켜질 수 없었다. 휴전 위반 사례가 여러 차례 발발했으며, 가장 심각했던 것이 2016년 발생한 나고르노카라바흐 지역에서의 충돌이었다. 이 지역을 벗어나는 곳인 아제르바이잔과 아르메니아 국경선에서도 2012년, 2014년, 2018년에 상당 규모의 군사적 충돌이 발생했다. \n 전쟁 규모는 미니전쟁이었지만, 원인은 큰 전쟁의 경우와 대동소이(大同小異)하다. 본시 아제르바이잔 영토 내에 아르메니아인 다수가 이루고 살던 지역인 나고르노카라바흐라는 지역이 있었다. 이 지역 내 아르메니아인들이 아제르바이잔으로부터 독립을 원하자 아제르바이잔 정부가 개입했다. 이웃의 아르메니아는 아르메니아인이 많이 사는 나고르노카라바흐가 아제르바이잔에 의해 탄압당하는 것을 두고 볼 수만은 없었다. 마치 나치스 독일이 폴란드·체코 등에 살던 소수 독일인들이 해당 국가 정부에 의해 탄압받고 있으며, 그들의 거주 지역은 독일에 포함되어야 한다고 주장한 것과 유사한 논리다. 역사상 가장 중요한 전쟁 원인의 하나가 민족의 경계선과 국가의 경계선이 일치하지 않는다는 점이다.\n",
		"passage_Cnt": 895
	},
	"Annotation": {
		"summary1": "아제르바이잔과 아르메니아 국경선에서의 전쟁 규모는 미니전쟁이었지만 원인은 민족의 경계선과 국가의 경계선이 일치하지 않는다는 큰 전쟁의 경우와 대동소이하다.",
		"summary2": "전쟁 규모는 미니전쟁이었지만, 원인은 큰 전쟁의 경우와 대동소이(大同小異)하다. 역사상 가장 중요한 전쟁 원인의 하나가 민족의 경계선과 국가의 경계선이 일치하지 않는다는 점이다. 이 지역을 벗어나는 곳인 아제르바이잔과 아르메니아 국경선에서도 2012년, 2014년, 2018년에 상당 규모의 군사적 충돌이 발생했다.",
		"summary3": null,
		"summary_3_cnt": null
	}
}