{
	"Meta(Acqusition)": {
		"doc_id": "REPORT-edit-20011",
		"doc_category": "REPORT",
		"doc_type": "edit",
		"doc_name": "이제는 ‘미확인비행물체’가 아니라 ‘실존물체’다!",
		"author": null,
		"publisher": null,
		"publisher_year": null,
		"doc_origin": "월간조선"
	},
	"Meta(Refine)": {
		"passage_id": "REPORT-edit-20011-00007",
		"passage": " ― ‘갈릴레오 프로젝트’를 조금 더 자세하게 설명해달라.\n “미확인항공현상(UAP)을 망원경으로 촬영할 계획이다. 고화질의 사진을 토대로 과학적 연구를 할 생각이다. 사람들은 사진 하나가 1000개 단어보다 파급력이 크다고 말한다. 내 책 분량은 6만6000단어였는데 나의 경우에는 6만6000단어보다 사진 한 장이 의미 있을지도 모르겠다.\n 운 좋게 몇 명의 자산가가 내게 연락해 책에 관해 묻고 200만 달러를 지원해주기로 했다. 내가 앞장서서 기금을 모금하려 한 적도 없다. 기부금은 내가 소속된 하버드대학을 통해 들어왔다. 하버드대학으로부터 연구 허가를 받은 뒤 24명의 과학자를 섭외해 ‘갈릴레오 프로젝트’를 시작했다. 망원경에 대한 지식이 많고 기계를 제대로 다룰 줄 아는 전문적인 천문학자와 기술자들이다. 매주 회의를 진행하고 필요한 장비를 구입하기 시작했다. 자료를 분석하기 위한 소프트웨어를 개발할 계획이다. 앞으로 쏘아 올릴 우주선에 카메라 장비를 달아 이상(異常)현상 목격 시 근접거리에서 사진을 찍도록 하는 계획도 검토 중이다. 이런 사진을 실제로 구하게 되면 이런 물체가 단순한 돌덩이인지, 누군가가 만들어낸 물체인지 알 수 있을 것이다.”\n ― 총 200만 달러를 지원받았는가.\n “그렇다. 기부금을 지금의 10배 이상으로 늘리려는 목표가 있다. 여러 방향에서 관찰할 수 있는 망원경 시스템을 구축해야 하고, 해당 물체가 어떤 방식으로 이동하는지 파악할 수 있어야 한다. 야간에도 관찰하기 위해서는 특별한 센서가 필요하다. 200만 달러로는 약 10개의 망원경을 설치할 수 있을 것이다. 하지만 100개는 설치해야 할 것으로 생각한다. 그러기 위해서는 1000만 달러에서 2000만 달러는 필요할 것 같다.\n",
		"passage_Cnt": 859
	},
	"Annotation": {
		"summary1": "갈릴레오 프로젝트는 하버드대학으로부터 연구 허가를 받은 뒤 전문적인 천문학자와 기술자들을 섭외해 시작했다.",
		"summary2": "하버드대학으로부터 연구 허가를 받은 뒤 24명의 과학자를 섭외해 ‘갈릴레오 프로젝트’를 시작했다. 망원경에 대한 지식이 많고 기계를 제대로 다룰 줄 아는 전문적인 천문학자와 기술자들이다.",
		"summary3": null,
		"summary_3_cnt": null
	}
}