{
	"Meta(Acqusition)": {
		"doc_id": "REPORT-edit-20042",
		"doc_category": "REPORT",
		"doc_type": "edit",
		"doc_name": "트럼프의 부정선거 주장, 왜 나오고 어떻게 확산됐나",
		"author": null,
		"publisher": null,
		"publisher_year": null,
		"doc_origin": "월간조선"
	},
	"Meta(Refine)": {
		"passage_id": "REPORT-edit-20042-00008",
		"passage": " 이들은 현재 딜레마에 빠져 있다. 사실상 차기 대통령이 결정된 시점에, 부정선거를 주장하며 트럼프와 함께 판을 뒤집어엎을지, 아니면 결과에 승복하고 물러설지.\n 어느 쪽이든 리스크가 있다. 선거 결과가 나왔음에도 대통령이 이미 몇 달 전부터 근거 없이 주장해왔던 ‘부정선거’를 외치며 불복을 선언한 건 미국 민주주의 사상 최초의 일이다. 여기에 동참하는 것은 엄청난 정치적 도박이다. 반면 트럼프로부터 완전히 선을 긋자니, 극성적인 트럼프 지지자들의 눈총이 따갑다.\n 공화당이 부정선거론에 거리를 두려는 모습을 보이자, 트럼프의 아들들이 나서서 “도대체 공화당은 왜 대통령을 돕지 않는 거냐”며 공개적으로 따지고 나섰다. 트럼프 지지자들은 트럼프의 행보를 비판하는 공화당 인사들을 배신자로 낙인찍어 공격하고 있고, 향후 선거에서 낙선운동을 하겠다고 선언했다.\n 현재 공화당의 원론적인 입장은 이 딜레마의 근본적인 해결책이 아니다. 재검표 이후에도 트럼프는 계속 부정선거를 외칠 가능성이 높다. 재검표로 선거구의 승패가 뒤바뀐 경우는 미국 역사상 극히 드물다. 게다가 설령 뒤집히는 주들이 있다 하더라도, 트럼프가 승리하기 위해서는 재검표한 모든 주에서 승리해야 한다. 다시 말해 재검표로 결과가 뒤집힐 가능성은 극히 낮다는 거다.\n 게다가 현재 트럼프 측은 단순히 재검표만을 위해 법적 절차를 밟는 것이 아니라, 선거 자체가 조작되었다는 입장에서 소송전을 벌이고 있다. 공화당은 결국 선택을 해야만 한다. 트럼프를 비판할지, 트럼프와 함께 부정선거를 주장할지.\n",
		"passage_Cnt": 763
	},
	"Annotation": {
		"summary1": "선거 결과가 나왔음에도 부정선거를 외치며 불복을 선언한 것은 미국 민주주의 사상 최초의 일로 트럼프 측은 선거 자체가 조작되었다며 소송전을 벌이고 있다.",
		"summary2": "선거 결과가 나왔음에도 대통령이 이미 몇 달 전부터 근거 없이 주장해왔던 ‘부정선거’를 외치며 불복을 선언한 건 미국 민주주의 사상 최초의 일이다. 게다가 현재 트럼프 측은 단순히 재검표만을 위해 법적 절차를 밟는 것이 아니라, 선거 자체가 조작되었다는 입장에서 소송전을 벌이고 있다.",
		"summary3": null,
		"summary_3_cnt": null
	}
}