{
	"Meta(Acqusition)": {
		"doc_id": "REPORT-edit-20048",
		"doc_category": "REPORT",
		"doc_type": "edit",
		"doc_name": "개인의 힘으로 各論부터 개혁… ‘떼의 힘’으로 밀어붙이는 한국 386과 대조적",
		"author": null,
		"publisher": null,
		"publisher_year": null,
		"doc_origin": "월간조선"
	},
	"Meta(Refine)": {
		"passage_id": "REPORT-edit-20048-00004",
		"passage": " 흥미롭게도 한자와 시리즈가 출발한 2013년은 제2기 아베 신조(安倍晋三) 정권 출범 직후이다. 아베는 1954년생이다. 좁은 의미의 버블세대는 아니지만, 버블경제의 단맛과 쓴맛을 전부 맛본 버블세대의 대형(大兄)에 해당된다. 승승장구 단카이보다는 한자와 세대에 더 가까운 연령대다.\n 7년 전 드라마지만, 당시 한자와 열풍은 버블세대 맏형 아베에 대한 지지와 응원이란 관점에서도 분석해볼 수 있다. 한자와는 기존 일본인들과 달리 “배로 갚아주겠다”고 공언하는 캐릭터다. 속으로 삭이면서 참는 것이 아니라, 두 주먹과 함께 직접 행동으로 나선다.\n 지난 7년 8개월간 아베가 보여준 정치·외교 스타일과 비슷하다. 중국과 한국이 주된 대상이지만, 아베의 외교 행태는 종전과 크게 다르다. 20세기 과거사 논쟁은 이미 끝났다고 생각한다. 한일(韓日) 관계를 보면, 잘잘못을 떠나 한국에 대한 양보나 배려도 더 이상 없다. ‘노(No)라고 말할 수 있는 일본’이 아니라, ‘항상 노(No)라고만 말하는 일본’으로 변해가고 있다. 보는 각도에 따라서는 ‘한자와=아베’로 비친다.\n 아베의 뒤를 이은 스가 요시히데(菅 義偉) 신임 총리는 1948년생으로 단카이세대다. 단카이세대는 보통 반미(反美)·친중(親中)·친한(親韓) 성향이 강하지만, 스가는 그와는 정반대편에 선 인물이다.\n 스가는 전임 아베의 아바타다. 스스로 공언하듯, 내년 총선거 때까지 아베의 유지를 잇는 것이 임무라고 말한다. 아베의 아바타로서 스가는 한자와 시리즈의 결과와 의미를 알 수 있게 만드는 단서(端緖)로 비친다. 마침내 한자와가 도쿄중앙은행을 한자와 세대의 무대로 전부 평정했다는 의미다. 한자와의 적인 단카이조차, 한자와의 아바타로 변한 압도적인 승리다. 2020년 가을, 일본에는 더 이상 단카이가 존재하지 않는다. 아베 아바타로서의 단카이만이 있다. 한국 입장에서 보면, 20세기식 역사관이나 외교적 방식이 더 이상 통하지 않는다는 의미다.\n",
		"passage_Cnt": 962
	},
	"Annotation": {
		"summary1": "종전과 크게 달라진 아베의 정치·외교 스타일은 배로 갚아주겠다고 공언하는 한자와와 비슷하다.",
		"summary2": "한자와는 기존 일본인들과 달리 “배로 갚아주겠다”고 공언하는 캐릭터다. 지난 7년 8개월간 아베가 보여준 정치·외교 스타일과 비슷하다. 중국과 한국이 주된 대상이지만, 아베의 외교 행태는 종전과 크게 다르다.",
		"summary3": null,
		"summary_3_cnt": null
	}
}