{
	"Meta(Acqusition)": {
		"doc_id": "REPORT-edit-20040",
		"doc_category": "REPORT",
		"doc_type": "edit",
		"doc_name": "미국 大選 구경하기",
		"author": null,
		"publisher": null,
		"publisher_year": null,
		"doc_origin": "월간조선"
	},
	"Meta(Refine)": {
		"passage_id": "REPORT-edit-20040-00010",
		"passage": " ▲1992년, 공화당 부시 대통령의 지원하에 노태우 대통령은 북방외교의 결정판인 한중(韓中)수교를 이룬다.\n ▲1994년, 민주당 클린턴 정부는 북핵 문제를 군사적으로 해결할 구상도 하지만, 김영삼 정부는 소극적이었다. 제네바 합의는 북한에 이용되어 핵개발 시간을 주고 말았다.\n ▲2000년, 김대중-김정일의 6·15선언 이후 공화당 부시 행정부는 과속접근을 견제하였고, 2005년엔 김정일의 비자금을 노린 금융제재로 압박했다. 이에 반발한 김정일이 2006년 10월 핵실험을 했지만 부시는 이라크 전쟁의 수렁에 빠져 북핵 문제에 집중할 수 없었다. 2008년 금융위기 때 부시는 이명박 정부를 지원했고, 한국이 G20 회의의 일원이 되도록 도왔다.\n ▲2008년 이후 8년간 민주당의 오바마 정부는 북핵 문제에 대하여 ‘전략적 인내’란 명분으로 현상유지를 꾀했지만 북한은 핵능력을 키우는 데 성공, 2013년 이후엔 사실상 핵보유국이 되었다. 오바마 대통령은 이명박 대통령과는 사이가 좋았지만 박근혜 정부가 친중반일(親中反日)로 기운다고 판단해, 바이든 부통령을 보내 경고사인을 보내기도 하였다. \n ▲2017년 이후 공화당 트럼프 대통령은 초기엔 대북(對北) 강경 노선을 취하다가 문재인-김정은의 비핵화 쇼에 이용당했다. 얻는 것 없이 김정은의 위상을 올려주고 한미 군사훈련을 중단시켰다. 주한미군과 한미동맹의 역사적·전략적 성격에 대한 애정이 없었다.\n",
		"passage_Cnt": 706
	},
	"Annotation": {
		"summary1": "공화당 트럼프 대통령은 대북 강경 노선을 취하다가 얻는 것 없이 한미 군사훈련을 중단시키며 비핵화 쇼에 이용당했다.",
		"summary2": "▲2017년 이후 공화당 트럼프 대통령은 초기엔 대북(對北) 강경 노선을 취하다가 문재인-김정은의 비핵화 쇼에 이용당했다. 얻는 것 없이 김정은의 위상을 올려주고 한미 군사훈련을 중단시켰다.",
		"summary3": null,
		"summary_3_cnt": null
	}
}