{
	"Meta(Acqusition)": {
		"doc_id": "REPORT-edit-20057",
		"doc_category": "REPORT",
		"doc_type": "edit",
		"doc_name": "-하노이에서 김정은은 애원하며 매달렸다",
		"author": null,
		"publisher": null,
		"publisher_year": null,
		"doc_origin": "월간조선"
	},
	"Meta(Refine)": {
		"passage_id": "REPORT-edit-20057-00002",
		"passage": " 볼턴은 그럼에도 한미협력에 빈틈을 보임으로써 북한 정권의 이간질에 넘어가지 않도록 해야겠다는 생각을 했다고 썼다. 볼턴 회고록엔 문재인 및 정의용과 아베 및 야지 쇼타로(일본의 국가안보국장)의 생각을 대치시키는 대목이 여러 군데 나온다. 그는 문재인 측에 비판적이고 아베 측에 호의적이다.\n 볼턴은, 정의용 실장을 처음 만난 직후 야지 쇼타로 국장을 만났고 야지는 한국 측과 180도 다른 생각을 전했는데, 그것이 “내 생각과 거의 일치하였다”고 썼다. 야지의 분석은 이러했다.\n 〈핵무기를 확보하려는 북한의 결심은 불변(不變)이다. 평화적 해결의 마지막 기회에 접근하고 있다. 일본은 ‘행동 대 행동’의 해결방식에 반대한다. 핵 제거는 2년 내에 해야 한다.〉\n 볼턴은 비행 공포증이 있는 김정은이 미국이 제안한 제네바나 싱가포르까지 오기 싫어 회담이 깨지기를 바랐다고 솔직하게 적고 있다. 그는 회담을 쇼로 생각하는 트럼프를 견제해줄 사람으로 아베 일본 총리에게 기대를 걸었던 것 같다. 아베는 트럼프를 만날 때마다 똑같은 이야기를 되풀이했다.\n 〈김정은에게 속으면 안 된다. 장거리 미사일뿐 아니라 단거리·중거리 미사일도 위협이다. 핵무기뿐 아니라 화학·생물학 무기도 없애야 한다. 일본인 납북자 문제를 제기해달라 등.〉\n 아베는 트럼프가 잘 잊어먹기 때문에 똑같은 이야기를 기회 있을 때마다 말해주어야 한다고 생각하는 듯했다고 한다. 그런 아베를 트럼프는 가장 좋아했다고 한다. 볼턴의 계산에 따르면 영국에서 보리스 존슨 총리가 등장하기 전까지는 아베가 ‘트럼프의 좋아하는 지도자 랭킹 1위’였다고 한다.\n",
		"passage_Cnt": 792
	},
	"Annotation": {
		"summary1": "아베 측에 호의적인 볼턴은 트럼프를 견제할 사람으로 아베 총리에게 기대를 걸었던 것 같다.",
		"summary2": "그는 회담을 쇼로 생각하는 트럼프를 견제해줄 사람으로 아베 일본 총리에게 기대를 걸었던 것 같다. 그는 문재인 측에 비판적이고 아베 측에 호의적이다.",
		"summary3": null,
		"summary_3_cnt": null
	}
}