{
	"Meta(Acqusition)": {
		"doc_id": "REPORT-edit-00048",
		"doc_category": "REPORT",
		"doc_type": "edit",
		"doc_name": "【서봉대의 ‘되짚기’】 文대통령은 퇴임하는 날 웃을 수 있을까",
		"author": null,
		"publisher": null,
		"publisher_year": null,
		"doc_origin": "월간조선"
	},
	"Meta(Refine)": {
		"passage_id": "REPORT-edit-00048-00002",
		"passage": "박근혜 전 대통령 역시40년 지기라는 최순실(개명 후 최서원)씨의 국정농단사건에 휘말리면서 자신까지 탄핵당한데 이어 문재인 정부에서 징역형을 선고받고 수감 중이다.\n노태우,노무현,이명박,박근혜는 뇌물수수나 국정농단 등의 혐의로 자신들도 검찰 수사를 받았다는 측면에서YS나DJ보다 더 불행한 대통령이 됐다.노태우,이명박,박근혜는 수감됐고 노무현은 스스로 목숨을 끊었다.\n노태우 전 대통령은 수서비리 등과 관련,하야 여론에 직면했다.\nYS의 경우1997년 대선을 앞두고 당시 대통령이던 자신을 겨냥한 야권의 비자금의혹 폭로에 이어 하야 공세에 내몰렸다.\n대선 막바지엔 이회창 후보가 경쟁후보였던DJ의 비자금의혹 폭로와 함께 검찰 수사를 촉구했으나 무산됐다. YS나DJ의 비자금에 대한 수사가 이뤄지지 않았던 것은 정치자금에 대해 두 사람 모두 자유로울 수 없었다는 점에서 묵계가 있었기 때문으로 볼 수도 있다.이들이 지역할거주의를 토대로 정치판을 좌지우지했던 때이기도 했다.\nDJ는 집권후 세 아들의 권력형 비리의혹이 불거지면서 야당의 하야 공세에 시달렸다.\n노무현 전 대통령은 임기 중반인2005년,부동산 가격 폭등 등 경제난으로 수세에 몰린 가운데 야권에 연정론을 제안했다가 야당은 물론 여당에서도 반발을 초래하면서 하야 압박을 받았다.한해 전 총선을 앞두고는“국민들이 열린우리당을 압도적으로 지지해줄 것을 기대한다”는 등의 발언을 함으로써 헌정사상 최초로 탄핵소추 됐으나 헌법재판소에서 기각되기도 했다.\n",
		"passage_Cnt": 731
	},
	"Annotation": {
		"summary1": "YS는 1997년 대선을 앞두고 야권의 비자금 의혹 폭로에 이어 하야 공세에 내몰렸으며 대선 막바지엔 이 후보가 DJ의 비자금 의혹 폭로와 검찰 수사를 촉구했으나 무산됐다.",
		"summary2": "YS의 경우1997년 대선을 앞두고 당시 대통령이던 자신을 겨냥한 야권의 비자금의혹 폭로에 이어 하야 공세에 내몰렸다. 대선 막바지엔 이회창 후보가 경쟁후보였던DJ의 비자금의혹 폭로와 함께 검찰 수사를 촉구했으나 무산됐다.",
		"summary3": null,
		"summary_3_cnt": null
	}
}