{
	"Meta(Acqusition)": {
		"doc_id": "REPORT-edit-20049",
		"doc_category": "REPORT",
		"doc_type": "edit",
		"doc_name": "“첫째 목표는 자유, 둘째는 평화, 재통일은 세 번째”",
		"author": null,
		"publisher": null,
		"publisher_year": null,
		"doc_origin": "월간조선"
	},
	"Meta(Refine)": {
		"passage_id": "REPORT-edit-20049-00021",
		"passage": " 프랑수아 미테랑 프랑스 대통령은 콜이 전날 자신과 통화를 하면서도 〈10개조 프로그램〉에 대해 미리 언질을 주지 않은 데 대해 불쾌하게 생각했다. 마거릿 대처 영국 총리는 이후로도 한동안 “독일 통일은 유럽의 세력균형을 교란하는 것”이라고 비판했다. 그 점에서 대처는 전형적인 영국인이었다.\n 이런 분위기를 바꾸어놓은 것은 미국이었다. 12월 4일 부시 미국 대통령은 나토정상회의에서 “나토는 40년 이상 독일 통일을 공동으로 지지해왔다”고 상기시키면서 독일 통일은 나토 및 유럽공동체의 관계에서, 연합국(미·소·영·프랑스)의 권리와 책임을 적절한 방법으로 고려해야 한다고 강조했다. 미국이 이렇게 독일 통일에 앞장선 것은 아데나워 정권 이래 40년에 걸쳐 양국 간에 신뢰가 구축되었기 때문임은 물론이다. 특히 1970~80년대 슈미트의 사민당 정권조차 중거리미사일의 유럽 배치를 앞장서 주장했던 것은 서독이 정권에 관계없이 미국의 견고한 우방이라는 인식을 심어주는 데 크게 기여했다. \n 12월 12일 콜 총리를 방문한 제임스 베이커 미국 국무장관이 “이와 같이 어려운 시기에 미국의 입증된 친구인 콜 총리와 같은 인물이 독일 정치의 정상에 있는 것을 다행스럽게 여긴다”고 말한 것은 빈말이 아니었다. 1990년 8월 이라크의 사담 후세인이 쿠웨이트를 침공한 후, 부시 미국 대통령이 독일의 ‘기여’를 요구했을 때 콜은 미국이 요구한 것 이상을 화끈하게 내놓아 보은(報恩)했다.\n",
		"passage_Cnt": 718
	},
	"Annotation": {
		"summary1": "프랑수아 프랑스 대통형은 콜이 미리 언질을 주지 않은 데 대해 불쾌하게 생각했는데 마거릿 총리는 독일 통일은 유럽의 세력균형을 교란하는 것이라고 비판했다.",
		"summary2": "프랑수아 미테랑 프랑스 대통령은 콜이 전날 자신과 통화를 하면서도 〈10개조 프로그램〉에 대해 미리 언질을 주지 않은 데 대해 불쾌하게 생각했다.  마거릿 대처 영국 총리는 이후로도 한동안 “독일 통일은 유럽의 세력균형을 교란하는 것”이라고 비판했다.",
		"summary3": null,
		"summary_3_cnt": null
	}
}