{
	"Meta(Acqusition)": {
		"doc_id": "REPORT-edit-20029",
		"doc_category": "REPORT",
		"doc_type": "edit",
		"doc_name": "“미국 대통령이 폭도들을 불러냈다!”(리즈 체니 공화당 하원의원)",
		"author": null,
		"publisher": null,
		"publisher_year": null,
		"doc_origin": "월간조선"
	},
	"Meta(Refine)": {
		"passage_id": "REPORT-edit-20029-00006",
		"passage": " 《NYT》는 공화당 지도부가 트럼프의 황당무계한 선거부정 음모론에 미온적으로 대응한 이유는 트럼프가 선을 넘을 것으로 생각하지 않았기 때문이라고 했다. 미치 매코널 상원 원내대표는 조지아주의 상원의원 결선투표가 남아 있었기 때문에 트럼프의 도움이 필요했다. 상원에서 공화당이 다수당 지위를 유지해야 자신이 상원대표 지위를 유지할 수 있었다. 매코널 대표의 측근은 《NYT》와의 인터뷰에서, 트럼프의 사위인 재러드 쿠슈너 백악관 선임고문 등으로부터 연락을 받았다고 했다. 트럼프가 결국에는 현실을 받아들일 것이라는 믿음을 주었다는 것이다. 매코널은 나중에 바이든의 당선을 인정했지만 14명의 공화당 상원의원은 의회의 선거인단 투표 승인 과정에서 반대 입장을 견지하였다.\n 윌리엄 바 당시 법무장관 겸 검찰총장은 트럼프에게 여러 차례 경고했다. 바 장관은 부정선거의 증거를 찾아내지 못했다고 보고했다. 트럼프는 법무부가 제대로 일을 하지 않고 있다고 비판했다. 트럼프의 변호인단에서 여러 명이 뒤로 물러났다.\n 이 자리를 메운 것은 선동꾼들이었다. 루디 줄리아니, 시드니 파웰, 린 우드, 그리고 여러 주의 공화당 소속 법무장관이 트럼프를 돕고 나섰다. 이들은 대법원에 선거무효 소송을 제기하였다.\n 새로운 선거 전문가들이 등장했다. 마이 필로(My Pillow)라는 베개 회사의 창업자인 마이크 린델과 오버스탁이라는 회사의 대표였던 패트릭 번 등이다. 번은 ‘뉴스맥스’와 ‘원아메리카뉴스’ 등 트럼프 계열 언론에 나와 선거기기 조작은 중국을 통해 이뤄졌다고 주장했다. 이들 매체는 폭스뉴스보다 더 극단적 색채를 띠고 있었다. 그들은 열심히 트럼프가 선거에서 승리했다는 ‘소설’을 퍼뜨렸다. 여기에 ‘큐어넌(QAnon)’과 같은 각종 음모론 단체와 폭력적 성향을 보이는 극우 단체 ‘프라우드 보이즈’도 가담했다.\n",
		"passage_Cnt": 902
	},
	"Annotation": {
		"summary1": "매코널 상원 원내대표는 조지아주의 상원 의원 결선 투표에서 공화당이 다수당 지위를 유지해야 상원 대표 지위를 유지할 수 있기 때문에 트럼프의 도움이 필요했다.",
		"summary2": "미치 매코널 상원 원내대표는 조지아주의 상원의원 결선투표가 남아 있었기 때문에 트럼프의 도움이 필요했다. 상원에서 공화당이 다수당 지위를 유지해야 자신이 상원대표 지위를 유지할 수 있었다.",
		"summary3": null,
		"summary_3_cnt": null
	}
}