{
	"Meta(Acqusition)": {
		"doc_id": "REPORT-edit-20008",
		"doc_category": "REPORT",
		"doc_type": "edit",
		"doc_name": "과감한 발상 전환으로 中東의 전략적 입지 재구축",
		"author": null,
		"publisher": null,
		"publisher_year": null,
		"doc_origin": "월간조선"
	},
	"Meta(Refine)": {
		"passage_id": "REPORT-edit-20008-00001",
		"passage": " 이스라엘의 최우방인 미국으로 잠시 시선을 옮겨보자. 이스라엘 외교 정책은 미국을 배제하고 논할 수 없기 때문이다. 이제는 떠난 트럼프 행정부 인사 중 트럼프 전 대통령 본인을 제외하면, 트럼프 대통령의 사위 재러드 쿠슈너만큼 진보 진영에 미움받는 인물도 없다. 그는 4년간 줄곧 국정을 개인 사업 수단으로 남용한다는 비판을 받아왔다. 부인 이방카 트럼프와 함께 백악관 족벌주의(族閥主義) 논란의 중심에 있던 인물이다.\n 평소 노골적인 친(親)이스라엘 행보를 보여온 그가 중동평화구상의 책임자로 임명되었을 때, 많은 우려가 있은 것은 당연지사였다. 아니나 다를까 2020년 2월 발표된 트럼프 행정부의 중동평화구상은 팔레스타인을 소외시키고 이스라엘에 지나치게 편향되어 있다는 평을 받았다. 팔레스타인 이슈가 ‘종교갈등’이라는 중동 특유의 뇌관에 걸쳐져 있다는 점을 감안하면, 발전하고 있던 이스라엘-아랍권 관계마저 후퇴할 수 있다는 전망이 나왔다.\n 놀랍게도, 1년이 채 지나지 않아 이스라엘은 중동 및 이슬람 국가들과 ‘아브라함 협정’(Abraham Accords·유대교와 이슬람교 모두 성경 속의 아브라함을 신앙의 조상으로 받드는 데서 나온 명칭-편집자 주)을 통해 연쇄적으로 외교관계를 수립하였다. 아랍에미리트(UAE), 바레인, 모로코, 수단 등이 이스라엘을 하나의 국가로 인정했다. 사우디아라비아는 사실상 비공식 동맹으로 여겨지고 있다. 이것이 어떻게 가능했을까? 쿠슈너가 지난 3월 《월스트리트저널》에 기고한 글의 일부에 해답이 있다.\n",
		"passage_Cnt": 754
	},
	"Annotation": {
		"summary1": "트럼프 대통령의 사위 쿠슈너는 국정을 개인 사업 수단으로 남용한다는 비판을 받으며 진보 진영에 미움을 받았던 인물이다.",
		"summary2": "이제는 떠난 트럼프 행정부 인사 중 트럼프 전 대통령 본인을 제외하면, 트럼프 대통령의 사위 재러드 쿠슈너만큼 진보 진영에 미움받는 인물도 없다. 그는 4년간 줄곧 국정을 개인 사업 수단으로 남용한다는 비판을 받아왔다.",
		"summary3": null,
		"summary_3_cnt": null
	}
}