{
	"Meta(Acqusition)": {
		"doc_id": "REPORT-edit-00089",
		"doc_category": "REPORT",
		"doc_type": "edit",
		"doc_name": "【이상곤의 ‘흐름’】 LH 특검 국정조사 ‘주호영의 반격’… 민주당 “이를 어쩌나?”",
		"author": null,
		"publisher": null,
		"publisher_year": null,
		"doc_origin": "월간조선"
	},
	"Meta(Refine)": {
		"passage_id": "REPORT-edit-00089-00002",
		"passage": "주 대표의 역제안에 민주당은 당황한 표정이 역력했다. 하지만 자신들이 먼저 제안한 특검과 전수조사 제안을 야당 원내대표가 수용한 마당에 반응을 늦출 수 없었다. 김태년 민주당 대표 직무대행 겸 원내대표는 이날 뒤늦게 기자간담회를 열고 \"(국민의힘) 주호영 원내대표의 국정조사 제안을 수용하겠다\"고 말했다. 이제 국회는 LH사태와 관련해 특검도입과 함께 국정조사, 국회의원 전원과 직계존비속에 대한 조사를 벌이게 됐다.\n여야의 전격 합의로 LH 투기 문제는 이제 정치권 전체를 삼키는 초대형 ‘블랙홀’로 급부상할 것이다. “LH 사태는 ‘부동산 적폐청산’의 기회”라며 땅 투기 책임을 전 정권 탓으로 돌리려던 문재인 대통령과 집권세력의 의도도 물 건너가게 생겼다. 특검도입과 국정조사 실시가 현실화되면 4월 선거는 물론 내년 대선도 여당은 장담할 수 없는 상황이 된다.\n실제로 박근혜 최순실 국정농단 사건의 박영수 특검은 2016년 11월 출범해 수사기간은 70일에 불과했지만 4년이 넘도록 아직 재판이 진행 중이다. 이명박의 내곡동 사저 특검도 마찬가지다. 특검과 국정조사가 동시에 진행돼 대대적인 조사와 수사가 진행되면 정치권은 혼돈의 도가니가 될 것이다. 문 대통령도 빠르게 임기말 레임덕에 빠지게 된다.\n그래서 특검과 국정조사 추가 협의가 제대로 될지 우려도 나온다. 민주당 김 직무대행이 특검 대상·범위 대해“야당과 협의를 통해 수사 범위를 확정하겠다”고 했지만 여당입장에서는 수 계산을 철저하게 하지 않을 수 없다. 자칫 180석 범여권 의석을 갖고도 국정 주도권을 야당에 넘길 수 있기 때문이다.\n",
		"passage_Cnt": 788
	},
	"Annotation": {
		"summary1": "김 민주당 대표 직무대행이 국민의 힘 주 원내대표의 국정조사 제안을 수용하겠다고 말하며 국회는 LH사태와 관련해 국회의원 전원과 직계존비속에 대한 조사를 벌이게 됐다.",
		"summary2": "김태년 민주당 대표 직무대행 겸 원내대표는 이날 뒤늦게 기자간담회를 열고 \"(국민의힘) 주호영 원내대표의 국정조사 제안을 수용하겠다\"고 말했다. 이제 국회는 LH사태와 관련해 특검도입과 함께 국정조사, 국회의원 전원과 직계존비속에 대한 조사를 벌이게 됐다.",
		"summary3": null,
		"summary_3_cnt": null
	}
}