{
	"Meta(Acqusition)": {
		"doc_id": "REPORT-edit-20007",
		"doc_category": "REPORT",
		"doc_type": "edit",
		"doc_name": "코로나와 같이 살기로 작심한 유럽 종횡무진 45일간 여행기!",
		"author": null,
		"publisher": null,
		"publisher_year": null,
		"doc_origin": "월간조선"
	},
	"Meta(Refine)": {
		"passage_id": "REPORT-edit-20007-00008",
		"passage": " 히틀러가 존경한 인물이 셋이라고 한다. 종교개혁가 마르틴 루터, 프로이센의 프리드리히 대왕(2세), 나폴레옹. 나폴레옹은 예나 전투에서 프로이센군을 무찌른 직후인 1806년 10월 26일 포츠담의 프리드리히 대왕 무덤을 참배하는데, 관 앞에서 생각에 잠겼다고 한다. 히틀러는 나폴레옹 석관을 바라보더니 “아들 무덤은 어디 있느냐”고 물었다. 나폴레옹이 조세핀과 이혼하고 오스트리아 공주 마리아 루이즈와 재혼해 태어난 아기는 나폴레옹에 의해 아기 때 로마왕으로 임명되었다. 1815년 6월 18일, 워털루 전투에서 진 나폴레옹은 퇴위하면서 아들을 나폴레옹 2세로 임명했으나 연합군이 파리를 점령, 이를 무효화해버렸다. 오스트리아 궁전으로 돌아간 아들은 장교가 되었지만 20대에 요절, 빈에 묻혔다. 히틀러는 그의 유해를 앵발리드로 옮겨 아버지 곁에 묻어주라고 명령했다.\n 히틀러는 한국인 관광객들이 잘하는 식으로 에펠탑, 팡테옹, 개선문, 몽마르트르 언덕을 번개처럼 구경하고는 돌아갔다. 슈페르는 히틀러가 팡테옹의 장엄함에 큰 감명을 받았다고 자신의 회고록 《제3제국의 내막》에 썼다. 난생처음의 파리 구경에 히틀러는 감격해, “오늘은 내 생애 최고의 날이다”고 털어놓더라고 했다. 독재자의 의외의 모습을 지켜보면서 슈페르는 연민의 정을 느꼈다는 것이다. 히틀러는 한때 파리를 철저하게 파괴하고 베를린을 근사하게 지을 구상을 한 적도 있다는데 그다음 날 슈페르를 불러 “베를린에 대건축물을 지어 파리를 베를린의 그림자로 만들어버리자”고 했다.\n",
		"passage_Cnt": 752
	},
	"Annotation": {
		"summary1": "히틀러가 존경한 인물은 종교개혁가 마르틴 루터, 프로이센의 프리드리히 대왕, 나폴레옹인데 나폴레옹은 프로이센군을 무찌른 뒤 프리드리히 대왕 무덤을 참배하며 생각에 잠겼다고 한다.",
		"summary2": "히틀러가 존경한 인물이 셋이라고 한다. 종교개혁가 마르틴 루터, 프로이센의 프리드리히 대왕(2세), 나폴레옹. 나폴레옹은 예나 전투에서 프로이센군을 무찌른 직후인 1806년 10월 26일 포츠담의 프리드리히 대왕 무덤을 참배하는데, 관 앞에서 생각에 잠겼다고 한다.",
		"summary3": null,
		"summary_3_cnt": null
	}
}