{
	"Meta(Acqusition)": {
		"doc_id": "REPORT-edit-20055",
		"doc_category": "REPORT",
		"doc_type": "edit",
		"doc_name": "日 기업 자산 강제매각 時 한국총영사관 폐쇄할 수도",
		"author": null,
		"publisher": null,
		"publisher_year": null,
		"doc_origin": "월간조선"
	},
	"Meta(Refine)": {
		"passage_id": "REPORT-edit-20055-00009",
		"passage": " 한일갈등, 일본의 부한 3원칙, WTO에서 미국의 일본 지지, 미중 디커플링, 미국의 주휴스턴 중국총영사관 폐쇄, 시진핑의 일본 방문…. 언뜻 보면 전부 개별적인 사건으로 보인다. 하지만 실은 전부 하나로 연결된 ‘도미노 국제관계’다.\n 곧 닥칠 주한미군 감축은 그 같은 도미노 국제관계의 최고 정점(頂點)에 오를 문제다. 가을부터 한미(韓美)·미일(美日) 간에 미군 주둔 비용에 관한 협상이 본격화될 것이다. 주한미군 감축 문제도 연계돼 진행될 전망이다. 한국의 입장도 중요하겠지만, 미일 간 협의를 통해 구체적인 결과가 나타날 것이다.\n 당연한 얘기지만 주한미군을 감축한다고 해서 아시아 전체 차원에서 미군이 감축되는 것은 아니다. 미중 디커플링이 심화될수록 아시아에서 미군의 역할과 기능은 한층 더 중요해진다. 독일에서 빠져나간 미군은 폴란드로 이동 배치된다. 마찬가지로 한국에서 빠져나간 주한미군은 아시아 주둔 특별기동부대로 변신해나갈 것이다. 결국 아시아 주둔 미군총사령부에 해당되는 일본의 의견이 더더욱 중요해질 수밖에 없다.\n 워싱턴에서 주한미군 감축, 나아가 주한미군 철수를 원하는 것은 ‘돈에 환장한’ 트럼프뿐이 아니다. ‘갈 테면 가라’는 식의 한국 내 586 운동권 정치인의 적대감과 무관심이 그런 분위기를 부채질하고 있다. 소탐대실(小貪大失)이라는 말이 있다. 반미(反美)운동권이 그렇게 원해왔던 주한미군 감축은 조만간 가시화될 것이다. 하지만 그와 함께 미군과 더불어 한층 더 커지고 정교해진 ‘군사대국 일본’의 등장도 보게 될 것이다.\n",
		"passage_Cnt": 763
	},
	"Annotation": {
		"summary1": "한일 갈등, 일본의 부한 3원칙, 시진핑의 일본 방문 등 모두 하나로 연결된 도미노 국제관계에서 주한미군 감축은 최고 정점에 오를 문제다.",
		"summary2": "한일갈등, 일본의 부한 3원칙, WTO에서 미국의 일본 지지, 미중 디커플링, 미국의 주휴스턴 중국총영사관 폐쇄, 시진핑의 일본 방문…. 하지만 실은 전부 하나로 연결된 ‘도미노 국제관계’다. 곧 닥칠 주한미군 감축은 그 같은 도미노 국제관계의 최고 정점(頂點)에 오를 문제다.",
		"summary3": null,
		"summary_3_cnt": null
	}
}