{
	"Meta(Acqusition)": {
		"doc_id": "REPORT-edit-00050",
		"doc_category": "REPORT",
		"doc_type": "edit",
		"doc_name": "【이상곤의 ‘흐름’】 국민의힘 전당대회 “민심이냐, 당심이냐?”",
		"author": null,
		"publisher": null,
		"publisher_year": null,
		"doc_origin": "월간조선"
	},
	"Meta(Refine)": {
		"passage_id": "REPORT-edit-00050-00002",
		"passage": "이번 전당대회는 책임 당원 등 선거인단33만 명의 투표 즉 당심이70%반영되고 나머지30%는 여론조사 결과로 결정된다.그동안 여론조사에서 압도적으로1위를 달린 이준석 후보가 과연 당심70%가 반영되는 전당대회 투표에서도 우위를 점하게 될지 최대 관심사인 것이다.실제로8일 끝난 모바일 투표 결과 선거인단이36.16%가 투표를 해 지난10년 내 최대의 투표율을 보인 것으로 나타나 당심의 향배는 초미 관심사다.\n이같이 높은 당원들의 투표열기에주호영·조경태·홍문표·나경원후보 등 중진들의 관측은 이준석 후보 측과 엇갈리고 있다.이 후보는“높은 투표율은 민심의 반영”이라며 여론조사 결과와 별반 차이를 보이지 않을 것이라고 자신하고 있고조경태·홍문표·주호영후보 측은“높은 투표율은 당심이‘이준석 리스크’를 우려한 결과”라며 역전 가능성에 방점을 찍고 있다.\n특히9일과10일 이틀간ARS투표가 남았기 때문에홍문표·주호영·조경태 등중진 후보들은 막판 표 모으기에 전력을 기울이고 있다.\n잔여 친박 세력의 지원을 받고 있는 나경원 후보는9일에도 대구와 포항을 찾아TK에서 막판 구애 활동을 벌였다.주호영 후보는 막판 승기를 잡았다며 국회 긴급기자회견,청와대 앞 천안함 망언 규탄 시위를 이어갔다.긴급기자회견에서는“국민의힘 당대표는 낚싯배가 아니라 항공모함 함장자리”라며 능력과 경륜의 우위를 강조했다.\n보기 드문 흥행몰이를 하고 있는 국민의힘 전당대회도 이제 이틀 후면 결과가 나온다.여론조사를 앞세운 이준석 현상은 후보 모두 당 쇄신에 대한 국민적 요구로 받아들이고 있다.전당대회에서 촉발된 당의 쇄신과 변화의 바람은 내년 대선 승리로 까지 이어질 자양분이 된다고 보는 것이다.하지만 이같은 민심이 과연 당심까지 흔들 수 있을지는 미지수다.이틀 후 결과가 나오면 알 수 있다. “민심이냐,당심이냐”국민의힘 전당대회 결과가 주목되지 않을 수 없다.\n",
		"passage_Cnt": 917
	},
	"Annotation": {
		"summary1": "나 후보는 TK에서 막판 구애 활동을 벌였으며 주 후보는 천안함 망언 규탄 시위를 이어갔으며 긴급기자회견에서 능력과 경륜의 우위를 강조했다.",
		"summary2": "잔여 친박 세력의 지원을 받고 있는 나경원 후보는9일에도 대구와 포항을 찾아TK에서 막판 구애 활동을 벌였다. 주호영 후보는 막판 승기를 잡았다며 국회 긴급기자회견,청와대 앞 천안함 망언 규탄 시위를 이어갔다. 긴급기자회견에서는“국민의힘 당대표는 낚싯배가 아니라 항공모함 함장자리”라며 능력과 경륜의 우위를 강조했다.",
		"summary3": null,
		"summary_3_cnt": null
	}
}