{
	"Meta(Acqusition)": {
		"doc_id": "REPORT-edit-20037",
		"doc_category": "REPORT",
		"doc_type": "edit",
		"doc_name": "‘결과를 만들어내는 정치가’ ‘이벤트’는 안 통한다",
		"author": null,
		"publisher": null,
		"publisher_year": null,
		"doc_origin": "월간조선"
	},
	"Meta(Refine)": {
		"passage_id": "REPORT-edit-20037-00002",
		"passage": " 이제 막 시작됐지만, ‘스가=스가루’로 대하는 논조의 기사가 한국에서도 넘쳐나게 될 것이다. 참모와 전문가 없이는 혼자서 아무것도 판단 못 하는 우유부단 단절형 총리라는 의미다. ‘아베=극우(極右)의 화신(化身)’이라면서 ‘곧 끝날 총리’라고 봤던 과거의 논조와 비슷한 ‘반일(反日) 필승’ 식의 스가 폄하인 셈이다.\n 스가는 연설문 하나도 임의로 발표하지 않는 정치가다. 기자회견에서의 질문도 건너뛴다. 상황에 맞춰 말하는 식의 임시방편은 없다. 참모가 써준 원고와 정부 정책으로 확정된 것만 발표한다. 따라서 ‘스가=스가루’란 별칭이 틀린 것은 아니다.\n 그러나 주목해야 할 부분은, ‘스가=스가루’가 전부 나쁜 것만은 아니라는 점이다. 전염병 대응과 관련해서는 늦고 모자라겠지만, 다른 분야는 오히려 장점으로 작용할 수 있다. 한일(韓日)문제를 대하는 스가의 리더십은 그 좋은 예가 될 수 있다. 스가루, 즉 참모나 전문가의 집단적 도움을 받아 한국에 대응해나갈 경우 어떤 결과가 나타날 수 있을까?\n ‘스가=스가루’는 어떤 영역, 무슨 사건인지에 따라 달라질 사항이다. 사실 전염병 대응과 한일문제는 전혀 다른 차원의 현안이기도 하다. 아베에게 퍼부었던 식의 무조건 비난과 폄하가 애국(愛國)의 전부는 아니다. 냉철한 머리와 상황분석이 필요하다. 출발점은 인간 스가, 정치가 스가의 어제와 오늘에 대한 관찰과 분석이다. \n 스가는 독자적 색깔이 없는 ‘무색무취(無色無臭)’의 정치인이다. 아베처럼 야스쿠니(靖國)에 매달리지도 않는다. 스가는 자유민주당 총리 경선에 나설 당시 “아베 정치를 그대로 계승할 생각”이라는 말만을 되풀이했다.\n",
		"passage_Cnt": 809
	},
	"Annotation": {
		"summary1": "스가는 야스쿠니에 매달리지 않는 무색무취의 정치인이다.",
		"summary2": "스가는 독자적 색깔이 없는 ‘무색무취(無色無臭)’의 정치인이다. 아베처럼 야스쿠니(靖國)에 매달리지도 않는다.",
		"summary3": null,
		"summary_3_cnt": null
	}
}