{
	"Meta(Acqusition)": {
		"doc_id": "REPORT-edit-10033",
		"doc_category": "REPORT",
		"doc_type": "edit",
		"doc_name": "美, 조지아주 마사지 업소 총격 사건…8명 사망자 중 한인 여성 4명",
		"author": null,
		"publisher": null,
		"publisher_year": null,
		"doc_origin": "월간조선"
	},
	"Meta(Refine)": {
		"passage_id": "REPORT-edit-10033-00001",
		"passage": "미국 조지아주 애틀랜타 인근의 한 마사지 업소 3곳에서 16일 오후(현지 시각) 연쇄 총격 사건이 발생애 총 8명이 사망하고 1명이 부상당했다고 뉴욕타임스가 보도했다.\n뉴욕타임스는 이날 현지 당국을 인용해 “사망자 중 6명이 아시안, 2명이 백인”이라고 보도했다. 사망자 8명 중 사망자 8명 중 7명이 여성으로 알려졌고, 현지 한인 언론인 ‘애틀랜타K’는 그중 4명이 한인 여성이라고 전했다.\n우리 외교부 관계자는 “경찰 파견 영사가 현지 당국에 확인 중”이라며 “아직까지 피해자의 신원이 공식 확인되지 않고 있다”고 말했다.\n첫 총격 사건은 애틀랜타에서 북서쪽으로 약 50km 떨어진 인근 도시 애쿼스(Acworth)에서 발생했다. 이날 오후 5시쯤 애쿼스의 ‘영스 아시안 마사지’란 가게에서 ‘탕'하는 소리와 여성의 비명이 들렸다.\n이웃한 옷가게 주인이 911에 신고했다. 경찰은 현장에서 총에 맞은 피해자 5명을 발견했다. 그중 2명은 현장에서, 다른 2명은 병원으로 후송된 뒤 숨졌다. 애쿼스를 관할하는 체로키 카운티 보안관서는 총격 사건 직전인 오후 4시50분쯤 업소 앞에서 감시 카메라에 포착된 백인 남성을 용의자로 지목하고 추적을 시작했다.\n오후 5시47분, 이번에는 애틀랜타시 북동부의 ‘골드 스파'에서 강도 신고가 들어왔다. 출동한 경찰은 총상을 입고 숨진 여성 3명의 시신을 발견했다. 경찰이 현장을 둘러보는 동안 길 건너편에 있는 ‘아로마테라피 스파'에서 또 다른 총격 신고가 접수됐다. 경찰은 여기서도 총상을 입고 숨진 여성 1명을 찾아냈다. 로드니 브라이언트 애틀랜타 경찰서장은 피해자들이 “아시아인처럼 보인다”고 말했다.\n",
		"passage_Cnt": 811
	},
	"Annotation": {
		"summary1": "경찰은 총격 사건 현장 영스 아시안 마사지에서 피해자 5명을 발견했으며 감시 카메라에 포착된 백인 남성을 용의자로 지목하고 추적을 시작했다.",
		"summary2": "이날 오후 5시쯤 애쿼스의 ‘영스 아시안 마사지’란 가게에서 ‘탕'하는 소리와 여성의 비명이 들렸다. 경찰은 현장에서 총에 맞은 피해자 5명을 발견했다. 애쿼스를 관할하는 체로키 카운티 보안관서는 총격 사건 직전인 오후 4시50분쯤 업소 앞에서 감시 카메라에 포착된 백인 남성을 용의자로 지목하고 추적을 시작했다.",
		"summary3": null,
		"summary_3_cnt": null
	}
}