{
	"Meta(Acqusition)": {
		"doc_id": "REPORT-edit-20001",
		"doc_category": "REPORT",
		"doc_type": "edit",
		"doc_name": "드골-아데나워, 獨佛 화해를 넘어 유럽 통합의 길을 열다!",
		"author": null,
		"publisher": null,
		"publisher_year": null,
		"doc_origin": "월간조선"
	},
	"Meta(Refine)": {
		"passage_id": "REPORT-edit-20001-00011",
		"passage": " 아데나워는 드골의 제안에 흔쾌히 동의하였다. 이 대목에서 드골은 흥미로운 관찰을 한다. 아데나워가 독일의 재통일을 갈망하긴 하지만 마음 한구석엔 프로이센적이고, 개신교적이며, 사회주의적인 동독 지역을 즉각 흡수하는 데 불안감을 느끼는 것 같았다는 감상을 회고록에 적었다.\n 아데나워는 스탈린이, 통일된 독일의 중립화를 조건으로 통일을 허용하겠다고 제안하였을 때 이를 거부한 적이 있다. 그는 중립국으로서의 재통일보다는 확실하게 자유 진영, 즉 서유럽 편에 서는 것이 우선이라고 판단한 것이다. 이를 한반도에 적용한다면 한국은 연방제식 중립화 통일보다는 분단을 지속하더라도 한·미·일 동맹을 축으로 하는 자유 진영 편에 서 있는 것을 우선해야 한다는 이야기가 된다.\n 드골과 아데나워는 유럽의 장래에 대하여 긴 대화를 이어갔다. 아데나워는 서유럽의 시스템을 도입하고 미국의 도움을 받아 다시는 독일인이 과거처럼 소외감을 느껴 힘의 숭배로 빠져들고 히틀러의 품 안에 안겨버렸던 과오를 되풀이하지 않도록 할 것이라고 했다. 드골은 유럽경제공동체(EEC)에 영국이 가입 신청을 해도 이를 거부해야 한다는 점을 강조한다. 그는 영국의 도움으로 독일에 항전했지만 영국의 역사적 배경과 행태로 보아 유럽 통합을 위해서는 도움이 되지 않는다는 생각을 갖고 있었다. 근년의 영국 EU 탈퇴는 드골의 선견지명(先見之明)을 말해준다. 드골은 아데나워에게 독일이 핵무장을 해선 안 된다는 점을 분명히 하면서 프랑스는 핵무장을 할 수밖에 없다고 설명한다. 그 이유가 재미있다.\n",
		"passage_Cnt": 759
	},
	"Annotation": {
		"summary1": "드골은 유럽 통합을 위해서 유럽경제공동체에 영국이 가입 신청을 해도 이를 거부해 한다는 점을 강조했다.",
		"summary2": "드골은 유럽경제공동체(EEC)에 영국이 가입 신청을 해도 이를 거부해야 한다는 점을 강조한다. 그는 영국의 도움으로 독일에 항전했지만 영국의 역사적 배경과 행태로 보아 유럽 통합을 위해서는 도움이 되지 않는다는 생각을 갖고 있었다.",
		"summary3": null,
		"summary_3_cnt": null
	}
}