{
	"Meta(Acqusition)": {
		"doc_id": "REPORT-edit-10016",
		"doc_category": "REPORT",
		"doc_type": "edit",
		"doc_name": "탈레반에 점령당한 아프가니스탄 수도 카불, 한국 교민과 대사관은?",
		"author": null,
		"publisher": null,
		"publisher_year": null,
		"doc_origin": "월간조선"
	},
	"Meta(Refine)": {
		"passage_id": "REPORT-edit-10016-00001",
		"passage": "이슬람 무장단체 탈레반이 아프가니스탄을 점령, 아프간 국민과 외국인들이 일제히 탈출에 나서면서 수도 카불이 거대한 공황 상태에 휩싸였다.\n16일(현지시간) 가디언, AFP통신 등에 따르면 탈레반이 15일 아프가니스탄 카불의 대통령궁을 장악하고 아슈라프 가니 대통령은 국외로 도피했다.\n카불이 점령당한 15일 아프가니스탄 정부는 공식적으로 항복 선언을 하고 탈레반에 정권을 이양하기로 했다. 아프간 정부의 붕괴로 카불 시민들이 탈출을 위해 이동에 나서면서 카불의 하미드 카르자이 국제공항은 대혼란에 빠졌다. 탈레반이 주요 고속도로를 통제했기 때문에 카불을 벗어날 수 있는 방법은 항공편밖에 없기 때문이다. 공항에서 비행기를 향해 달려가는 시민들의 모습과 공항에서 일어난 총격으로 승객들이 대피하는 장면이 방송과 유튜브 등을 통해 전세계로 전해졌다.\n탈레반은 곧 이슬람 정부를 구성하고 발표할 예정이다. 탈레반은 시민의 안전은 보장하겠다고 밝혔지만, 카불 시민들은 과거 탈레반이 5년간(1996~2001년) 통치했던 엄혹한 시절을 떠올리면 공포에 떨 수밖에 없는 상황이다.\n한편 카불의 한국대사관의 공관원들은 대부분 중동의 제3국으로 철수했고 대사관은 폐쇄됐다. 외교관은 대사를 포함한 3명만 카불에 남아 있다. 아프가니스탄은 여행금지국가로 교민들은 최근 정세와 관련해 이미 철수했지만, 교민 중 1명이 카불에 남았기 때문이다. 외교관들은 현지 계약관계 등을 이유로 잔류중인 이 자영업자 교민을 설득중인 것으로 전해졌다.\n",
		"passage_Cnt": 738
	},
	"Annotation": {
		"summary1": "이슬람 무장단체 탈레반이 아프가니스탄을 점령하고 카불의 대통령궁을 장악하며 카불은 거대한 공황 상태에 휩싸였다.",
		"summary2": "이슬람 무장단체 탈레반이 아프가니스탄을 점령, 아프간 국민과 외국인들이 일제히 탈출에 나서면서 수도 카불이 거대한 공황 상태에 휩싸였다. 16일(현지시간) 가디언, AFP통신 등에 따르면 탈레반이 15일 아프가니스탄 카불의 대통령궁을 장악하고 아슈라프 가니 대통령은 국외로 도피했다.",
		"summary3": null,
		"summary_3_cnt": null
	}
}