{
	"Meta(Acqusition)": {
		"doc_id": "REPORT-edit-20057",
		"doc_category": "REPORT",
		"doc_type": "edit",
		"doc_name": "-하노이에서 김정은은 애원하며 매달렸다",
		"author": null,
		"publisher": null,
		"publisher_year": null,
		"doc_origin": "월간조선"
	},
	"Meta(Refine)": {
		"passage_id": "REPORT-edit-20057-00004",
		"passage": " 우리 국무위원회 위원장께서도 트럼프 대통령과 만나면 좋은 시작을 뗄 수 있을 것이라고 하시면서 그를 위한 준비에 모든 노력을 기울여 오시였다. 조선반도와 인류의 평화와 안정을 위하여 모든 것을 다하려는 우리의 목표와 의지에는 변함이 없으며 우리는 항상 대범하고 열린 마음으로 미국 측에 시간과 기회를 줄 용의가 있다. 만나서 첫술에 배가 부를 리는 없겠지만 한 가지씩이라도 단계별로 해결해나간다면 지금보다 관계가 좋아지면 좋아졌지 더 나빠지기야 하겠는가 하는 것쯤은 미국도 깊이 숙고해보아야 할 것이다. 우리는 아무 때나 어떤 방식으로든 마주 앉아 문제를 풀어나갈 용의가 있음을 미국 측에 다시금 밝힌다.〉\n 존 볼턴은 회담 취소를 선언한 지 12시간도 채 되지 않아 트럼프의 생각이 바뀌었다고 썼다. 이때의 기분을 “지붕이 내려앉는 것 같았다”고 표현했다. 트럼프는 〈다른 외교관의 덜 적대적인 성명서에 근거하여 6월 12일 회담을 다시 추진하도록 지시하였다〉는 것이다. 김계관의 사려 깊은 성명에 낚인 것이다.\n 볼턴은 회담 취소를 취소시킨 결정이 큰 실수였다고 평했다. 트럼프가 무슨 대가를 지불하더라도 회담을 원한다는 것을 김정은이 알게 되었다는 이야기이다.\n 다음 날엔 김정은이 문재인 대통령을 판문점 북측 지역으로 불러 비밀회동을 하고 다음 날 공개하였다. 정의용 실장은 볼턴에게 회담 내용을 설명했는데, 김정은이 싱가포르 회담에서 포괄적인 합의를 이루도록 집중적인 준비를 하고 있다고 했고, 김정은-문재인이 완전하고 검증가능하며 되돌릴 수 없는 비핵화 원칙에도 합의하였다는 내용이었다. 트럼프의 회담 취소로 당황한 쪽은 김정은이었는데 트럼프가 서둘러 굽히고 나옴으로써 그 뒤 주도권은 김정은에게 넘어간다.\n",
		"passage_Cnt": 851
	},
	"Annotation": {
		"summary1": "정 실장은 볼턴에게 김정은이 싱가포르 회담에서 포괄적인 합의를 이루도록 집중적인 준비를 하고 있다고 비밀회동 회담 내용을 설명했다.",
		"summary2": "다음 날엔 김정은이 문재인 대통령을 판문점 북측 지역으로 불러 비밀회동을 하고 다음 날 공개하였다. 정의용 실장은 볼턴에게 회담 내용을 설명했는데, 김정은이 싱가포르 회담에서 포괄적인 합의를 이루도록 집중적인 준비를 하고 있다고 했고, 김정은-문재인이 완전하고 검증가능하며 되돌릴 수 없는 비핵화 원칙에도 합의하였다는 내용이었다.",
		"summary3": null,
		"summary_3_cnt": null
	}
}