{
	"Meta(Acqusition)": {
		"doc_id": "REPORT-edit-00004",
		"doc_category": "REPORT",
		"doc_type": "edit",
		"doc_name": "【이상곤의 ‘흐름’】 장기표 “대장동 ‘국민특검’ 이재명에 한 30년 구형할 것”",
		"author": null,
		"publisher": null,
		"publisher_year": null,
		"doc_origin": "월간조선"
	},
	"Meta(Refine)": {
		"passage_id": "REPORT-edit-00004-00002",
		"passage": "이런 장 원장이 요즘 또다시 분노하는 일이 생겼다. 이재명 민주당 대선후보가 ‘몸통’으로 지목되는 대장동 개발 특혜 의혹 사건 때문이다. 장 원장은 국민의힘 대선 후보 경선 이후 대장동 의혹 규명에 전력을 기울이고 있다. ‘유신’과 ‘5공’의 불법과 비리에 치를 떨었던 장 원장은 대장동 의혹을 ‘사상 최대 특혜 부정사건’으로 규정하고 이재명 후보를 직접 겨냥하고 나섰다. 그는 일찌감치 “대장동 몸통인 ‘그 분’은 이재명으로 거의 드러났다”며 검찰에 이 후보의 소환을 주장했다. 지난 9월 23일에는 이재명 후보를 검찰에 직접 고발하기도 했다.\n대장동 개발 의혹에 대해 중간수사 결과를 발표한 다음날인 지난 23일 장 원장을 여의도 신문명정책연구원 사무실에서 만났다. 전날 검찰은 화천대유 대주주 김만배씨와 천화동인 4호 소유주 남욱 변호사를 배임 및 뇌물 공여 혐의로 구속기소하고 천화동인 5호 소유주 정영학 회계사를 배임혐의로 불구속 기소했다. 하지만 검찰의 이번 중간수사 결과 발표는 “‘그 분’ 근처에도 못간 대장동 수사”라는 비난을 받고 있다.\n그는 대장동 의혹 관련 검찰 중간 수사 결과 발표 이야기가 나오자 마자 정색을 했다. 검찰 수사 발표에 대해 “검찰이 직무 유기를 넘어 직무를 포기해 버린 것”이라며 “세상에! 돈을 받은 것으로 드러난 곽상도(전의원), ‘50억 클럽’의 박영수(전 최순실특검), 권순일(전대법관)을 소환해 조사도 한 번 안하고 (수사를)끝내다 시피하는 것은 검찰로서 직무 유기 정도가 아니고 직무를 포기한 것이고 아예(검찰은) 집에 가야한다”고 비난했다.\n",
		"passage_Cnt": 781
	},
	"Annotation": {
		"summary1": "장 원장은 민주당 대선후보 이 씨가 몸통으로 지목되는 대장동 개발 특혜 의혹 사건 규명에 전력을 기울이고 있다.",
		"summary2": "이재명 민주당 대선후보가 ‘몸통’으로 지목되는 대장동 개발 특혜 의혹 사건 때문이다. 장 원장은 국민의힘 대선 후보 경선 이후 대장동 의혹 규명에 전력을 기울이고 있다.",
		"summary3": null,
		"summary_3_cnt": null
	}
}