{
	"Meta(Acqusition)": {
		"doc_id": "REPORT-edit-20035",
		"doc_category": "REPORT",
		"doc_type": "edit",
		"doc_name": "프랑켄슈타인의 제자들과 고독한 영웅들",
		"author": null,
		"publisher": null,
		"publisher_year": null,
		"doc_origin": "월간조선"
	},
	"Meta(Refine)": {
		"passage_id": "REPORT-edit-20035-00004",
		"passage": " 기자가 또 트럼프의 아픈 점을 건드린다.\n “전임 대통령이 차기 대통령의 취임식에 참석하는 것이 전통인데, 조 바이든….”\n 이 순간 트럼프가 자르면서 말한다.\n “아직은 답하고 싶지 않아요.”\n 기자가 추가 질문을 하려니까, 트럼프는 “나는 답을 알아요. 솔직하지. 나는 답을 알아요”라고 더듬거린다.\n 기자가 “답은 ‘예스’입니까”라고 묻는다.\n “나는 아직은 이야기하고 싶지 않아요. 이런 일은 처음이야. 전에는 잡지 못했지만 이번은 우리가 잡았어. 우리가.”\n 기자가 ‘왜 변호사들이 증거를 제시하지 못하느냐’고 물으려 하는데, 트럼프가 일방적 주장을 이어간다.\n “그들은 개표 참관인을 허용하지 않았어요. 참관인들은 우리나라에선 신성한 존재란 말이야. 그들을 방에서 쫓아냈거든.”\n 기자가 반론한다.\n “그건 사실이 아닙니다. 그렇게 하지 않았어요.”\n 법정에서 트럼프 측 변호인은 공화당 참관인이 ‘정말 불허되었느냐’고 판사가 따지자, ‘그렇지는 않다’고 물러난 적이 있다. 이 주장은 허위로 판명된 것인데도 대통령은 고집을 부린다.\n “그랬다니까요.”\n 기자는 “각하의 변호인들도 참관인이 개표장에 있었음을 인정했다”고 반박했다.\n 트럼프는 이 명백한 사실도 인정하지 않고 논점을 피해 다른 주제로 옮겨간다. 다른 사람 이름으로 투표가 이뤄졌다는 주장인데, 이것도 이미 부정된 음모론이다. 트럼프의 마지막 말은 이렇다.\n “당신들이 수치와 데이터를 들여다본다면 알 거야. 이번 선거는 조작된 거야.”\n",
		"passage_Cnt": 736
	},
	"Annotation": {
		"summary1": "트럼프는 명백한 사실을 인정하지 않고 다른 사람 이름으로 투표가 이루어졌다며 음모론을 주장한다.",
		"summary2": "트럼프는 이 명백한 사실도 인정하지 않고 논점을 피해 다른 주제로 옮겨간다. 다른 사람 이름으로 투표가 이뤄졌다는 주장인데, 이것도 이미 부정된 음모론이다.",
		"summary3": null,
		"summary_3_cnt": null
	}
}