{
	"Meta(Acqusition)": {
		"doc_id": "REPORT-edit-20015",
		"doc_category": "REPORT",
		"doc_type": "edit",
		"doc_name": "“드레스 코드 무시는 無禮와 無知의 극치”",
		"author": null,
		"publisher": null,
		"publisher_year": null,
		"doc_origin": "월간조선"
	},
	"Meta(Refine)": {
		"passage_id": "REPORT-edit-20015-00005",
		"passage": " 필자는 패션 전문가도 아니고, 국제회의 의전에 대해서도 문외한(門外漢)이다. 그러나 서양에서 드레스 코드가 얼마나 중요한지, 기본적인 드레스 코드가 무엇인지 정도는 숙지하고 있다. 필자의 주된 활동 영역이 미국 워싱턴DC이고, 클린턴 대통령 정책참모 딕 모리스와 일한 경험이 있어서이다. 각각 다른 성격의 장소에서 미국인을 접하면서 필자는 서양 상류사회에서 드레스 코드가 갖는 의미를 충분히 실감할 수 있었다.\n 필자는 2006년 일본에서 《백악관의 장인들(ホワイトハウスの職人たち)》이라는 책을 발간한 적이 있다. 백악관에서 일하는 요리사·화훼사·이발사·지배인(Usher) 등과의 인터뷰를 통해 미국 톱 이스태블리시먼트(Establishment・이미 이루어진 제도나 체계)를 탐구한 책이었다. 당시 책의 핵심은 대통령 전문 양복 재단사에 관한 부분이었다. 무려 50여 년간 대통령 양복 재단사로 일한 프랑스 출신의 조지 드 패리스(Georges de Paris)가 이 책의 주인공이었다. 11세 때부터 재단사로 일해온 인물로, 필자와의 인터뷰 당시 75세였다. 그는 인터뷰하고 9년 뒤인 2015년 84세로 세상을 떠났는데, 당시 미국 전역의 신문과 방송이 1960년대 린든 존슨 대통령 이래 백악관 주인 8명의 슈트를 전부 만든 그의 죽음을 특집 기사로 다뤘다.\n 조지 드 패리스와의 인터뷰는 불과 1시간 정도의 짧은 인터뷰였지만, 마음에 새길 말들이 많았다. \n",
		"passage_Cnt": 709
	},
	"Annotation": {
		"summary1": "필자는 패션 전문가도 아니고 국제회의 의전에도 문외한이지만 서양에서 드레스 코드가 얼마나 중요한지는 숙지하고 있다.",
		"summary2": "필자는 패션 전문가도 아니고, 국제회의 의전에 대해서도 문외한(門外漢)이다. 그러나 서양에서 드레스 코드가 얼마나 중요한지, 기본적인 드레스 코드가 무엇인지 정도는 숙지하고 있다.",
		"summary3": null,
		"summary_3_cnt": null
	}
}