{
	"Meta(Acqusition)": {
		"doc_id": "REPORT-edit-20040",
		"doc_category": "REPORT",
		"doc_type": "edit",
		"doc_name": "미국 大選 구경하기",
		"author": null,
		"publisher": null,
		"publisher_year": null,
		"doc_origin": "월간조선"
	},
	"Meta(Refine)": {
		"passage_id": "REPORT-edit-20040-00001",
		"passage": "1830년대, 즉 미국이 독립한 지 60여 년이 지난 시절에 미국을 기행(紀行)하고 《미국의 민주주의》란 불후(不朽)의 명저(名著)를 남긴 프랑스 정치학자 알렉시 드 토크빌은 선거의 역동성에 특히 감명을 받았다.\n 〈투표일이 다가올수록 음모는 더욱 활발해지고 선동은 더욱 격렬해지며 확산된다. 온 나라 전체가 열병에 걸린 것처럼 되고 신문과 대화에서는 선거가 일상적 주제(主題)가 되며 사람들의 모든 언동과 생각은 이 주제에만 쏠려 있는 것 같다. 결과가 공표되면 열정은 흩어지고 모든 것이 정상으로 돌아가 조용해지며 둑을 넘었던 강물은 다시 내려앉는다. 그러나 이런 폭풍이 일어났다는 것 자체가 참으로 경탄할 만한 일이 아닌가.〉\n 그는 치열한 선거가 오히려 국민을 단합시킨다고 했다.\n 〈미국인들은 이 나라에서 이루어지고 있는 모든 일의 결정에 참여하고 있기 때문에 이 나라를 누군가가 비판하면 조국을 옹호하는 것을 의무로 생각한다. 왜냐하면 비난당하고 있는 것은 미국일 뿐만 아니라 자신들이라고 생각하기 때문이다.〉\n 이번 미국 대선(大選)은 패배자인 트럼프가 증거도 제시하지 않고 부정 투·개표로 졌다고 억지를 부리며 승복하지 않음으로써 토크빌이 격찬한 그런 모습은 실종 상태다. 그래도 미국 국민들은 선거의 힘으로 미국의 영혼과 민주주의를 회복시키는 첫걸음을 뗐다는 점에서 한국인들을 자극한다. 이 글을 쓰고 있는 11월 12일 새벽, 현재 바이든은 역대 최다(最多)인 7740만 표를 받아 7230만 표를 얻은 도널드 트럼프 현직 대통령을 510만 표차(5.1%p)로 앞섰다. 선거인단 표로는 306대 232가 될 가능성이 높다. 여론조사 예측과는 다소 다르지만 바이든의 압승(壓勝)이라고 할 만하다.\n",
		"passage_Cnt": 847
	},
	"Annotation": {
		"summary1": "미국을 기행하고 미국의 민주주의란 명저를 남긴 알렉시는 치열한 선거가 국민을 단합시킨다며 선거의 역동성에 감명을 받았다.",
		"summary2": "1830년대, 즉 미국이 독립한 지 60여 년이 지난 시절에 미국을 기행(紀行)하고 《미국의 민주주의》란 불후(不朽)의 명저(名著)를 남긴 프랑스 정치학자 알렉시 드 토크빌은 선거의 역동성에 특히 감명을 받았다. 〈투표일이 다가올수록 음모는 더욱 활발해지고 선동은 더욱 격렬해지며 확산된다. 온 나라 전체가 열병에 걸린 것처럼 되고 신문과 대화에서는 선거가 일상적 주제(主題)가 되며 사람들의 모든 언동과 생각은 이 주제에만 쏠려 있는 것 같다. 결과가 공표되면 열정은 흩어지고 모든 것이 정상으로 돌아가 조용해지며 둑을 넘었던 강물은 다시 내려앉는다. 그러나 이런 폭풍이 일어났다는 것 자체가 참으로 경탄할 만한 일이 아닌가.〉 그는 치열한 선거가 오히려 국민을 단합시킨다고 했다.",
		"summary3": null,
		"summary_3_cnt": null
	}
}