{
	"Meta(Acqusition)": {
		"doc_id": "REPORT-edit-20020",
		"doc_category": "REPORT",
		"doc_type": "edit",
		"doc_name": "정부 TF, “오염수 방류, 한국에 끼칠 영향 미미”(2020년 10월)",
		"author": null,
		"publisher": null,
		"publisher_year": null,
		"doc_origin": "월간조선"
	},
	"Meta(Refine)": {
		"passage_id": "REPORT-edit-20020-00005",
		"passage": " 주한규 교수는 2011년 독일 킬(Kiel)대학이 후쿠시마 오염수 방류를 시뮬레이션한 결과를 소개하며 “후쿠시마 오염수가 우리나라 연안에 도달할 때면 삼중수소의 양이 배출 당시와 비교할 때 최소 1조분의 1로 희석된다”고 했다.\n 주 교수는 “후쿠시마 인근 바다를 가로·세로 100km로, 수심을 100m로 가정할 경우, 1조t의 물이 된다. 여기에 후쿠시마 오염수 130만t을 정화 없이 일시에 방류할 경우 농도는 100만분의 1.3으로 희석될 것”이라고도 했다.\n 지난해 9월 한국인 저자 4인은 원자력학회지 《Nuclear Engineering and Technology》에 〈후쿠시마 원전의 오염 처리수의 방류로 인한 방사선 환경 영향 연구 결과(Assessment of public radiation dose due to marine and atmospheric release of the Fukushima treated water)>를 발표했다. 논문에 따르면, 후쿠시마 오염수를 현 상태로 정화 없이 그대로 방출해도 그 영향은 한국인의 연간 방사선 피폭 선량한도(線量限度) 기준치인 1mSv(밀리시버트)의 7100만분의 1 수준인 것으로 나타났다.\n 현재 이 논문은 ‘철회’(withdrawn)된 상태다. 이에 대해 주한규 교수는 “해당 논문은 학술적·기술적으로는 문제가 없는 논문”이라고 했다. 즉 ‘과학적 사실의 오류’로 인한 논문 철회는 아니라는 것이다. 위 논문의 저자들은 국책연구기관에 소속돼 있다. 논문을 작성한 저자 중 일부에게 연락을 했으나 이들은 “상부의 허락 없이는 인터뷰 등에 응할 수 없으니 양해해달라”고만 했다.\n",
		"passage_Cnt": 812
	},
	"Annotation": {
		"summary1": "후쿠시마 원전의 오염 처리수의 방류로 인한 방사선 환경 영향 연구 결과에 따르면 후쿠시마 오염수를 정화 없이 그대로 방출해도 피폭 선량한도 기준치인 수준으로 나타났다.",
		"summary2": "지난해 9월 한국인 저자 4인은 원자력학회지 《Nuclear Engineering and Technology》에 〈후쿠시마 원전의 오염 처리수의 방류로 인한 방사선 환경 영향 연구 결과(Assessment of public radiation dose due to marine and atmospheric release of the Fukushima treated water)>를 발표했다. 논문에 따르면, 후쿠시마 오염수를 현 상태로 정화 없이 그대로 방출해도 그 영향은 한국인의 연간 방사선 피폭 선량한도(線量限度) 기준치인 1mSv(밀리시버트)의 7100만분의 1 수준인 것으로 나타났다.",
		"summary3": null,
		"summary_3_cnt": null
	}
}