{
	"Meta(Acqusition)": {
		"doc_id": "REPORT-edit-00079",
		"doc_category": "REPORT",
		"doc_type": "edit",
		"doc_name": "【이상곤의 ‘흐름’】 4·7 보선 ‘성적표’...이제 하루 남았다",
		"author": null,
		"publisher": null,
		"publisher_year": null,
		"doc_origin": "월간조선"
	},
	"Meta(Refine)": {
		"passage_id": "REPORT-edit-00079-00002",
		"passage": "결국 선관위가 나섰다. 선거기간 내내 여당 편향이라는 비판을 받아온 선관위가 참다못했는지 선거법 위반 여부 조사에 착수했다. 사전투표 승리를 주장한 것이 여론조사에 근거한 것이라면 ‘여론조사 공표금지’, 여론조사가 없었다면 ‘허위사실 유포’ 위반 혐의를 받게 됐다.\n이같은 사전투표 여론전은 ‘깜깜이 선거’를 활용한 민주당의 여론공세다. 여론조사 공표 금지 전까지 여론조사는 서울과 부산 모두 15%에서 20%이상 민주당 후보가 뒤졌다. 하지만 ’깜깜이‘ 기간에는 공식 여론조사가 없다. 자신들이 허위 주장을 해도 공식적으로 검증할 방도가 없다. 선거라면 이골이 난 민주당의 고단수 전략이 아닐 수 없다.\n박영선 후보가 방송인 김어준의 ‘다스뵈이다’에 출연한 영상은 압권이다. 사전선거가 마무리된 지난 3일 녹화된 영상에서 박 후보는 자신의 사전투표 승리를 주장했다. 그는 \"사전투표율이 사상 최고로 높았다\"며 \"이것이 무엇을 의미하느냐, 우리가 지금 이기고 있다. 투표해주시면 우리가 승리한다\"고 말했다.\n막판 진영 결집을 호소하는 ‘읍소’ 작전도 펼쳤다. 박 후보는 “저와 헤어질 때 문재인 대통령의 그 간절한 눈빛을 생각하면 지금도 가슴이 아린다” “서울시장 선거는 진영전체의 흥망성쇠가 달렸다” “집에 들어가는 길에 문재인 대통령과 내년 대선을 생각하면 눈물이 난다” 등 한껏 ‘감성팔이’를 했다.\n박 후보의 말마따나 문재인 대통령 임기 중 마지막 선거가 될 이번 서울과 부산의 보궐선거는 집권 세력의 명운이 걸린 선거일 수 있다. 본인으로서도 서울시장 선거 ‘재수‘에서 또다시 패배한다면 여간 아픔이 아니다.\n",
		"passage_Cnt": 794
	},
	"Annotation": {
		"summary1": "방송인 김 씨의 다스뵈이다에 출연한 박 후보는 사전선거가 마무리된 후 자신의 사전투표 승리를 주장했다.",
		"summary2": "박영선 후보가 방송인 김어준의 ‘다스뵈이다’에 출연한 영상은 압권이다. 사전선거가 마무리된 지난 3일 녹화된 영상에서 박 후보는 자신의 사전투표 승리를 주장했다.",
		"summary3": null,
		"summary_3_cnt": null
	}
}