{
	"Meta(Acqusition)": {
		"doc_id": "REPORT-edit-10060",
		"doc_category": "REPORT",
		"doc_type": "edit",
		"doc_name": "\"중국몽은 우리가 목숨 걸고 막아야 할 악몽\" (천영우 전 외교안보수석)",
		"author": null,
		"publisher": null,
		"publisher_year": null,
		"doc_origin": "월간조선"
	},
	"Meta(Refine)": {
		"passage_id": "REPORT-edit-10060-00004",
		"passage": "첫째, 지도층이 분열된 이유는 중국의 정치적 지배에서 해방된 이후에도 조선의 주류사회는 여전히 중국의 문화적 정신적 지배에서 벗어나지 못하고 정신분열증세를 겪었기 때문이라고 봅니다. 이념전쟁에서 독립협회를 중심으로 한 개화파가 주자성리학적 세계관에 함몰된 수구세력에 이길 수 없었습니다. 화이질서(華夷秩序)라는 이분법적 관점에서 세계를 바라보던 조선의 위정척사(衞正斥邪)파들에게 중국은 문명이고 선(善)이었고 일본과 서양은 야만과 악(惡)을 대표하는 세력이었습니다. 개화만이 조선이 기사회생할 길이었지만 메이지 일본을 본받자는 발상은 친중 수구세력으로서는 도저히 따라 갈 수도 용납할 수도 없는 이단적이고 혁명적인 발상이었습니다.\n개화의 원조가 일본이라는 이유만으로도 조선 주류사회는 거부감을 가질 수 밖에 없었고 갑신정변과 갑오개혁이 좌절된 것도 그 때문이라고 봅니다. 조선의 위정척사파에 해당하는 일본의 ‘존왕양이(尊王攘夷)파’는 ‘서양오랑캐’에 이기는 방법을 서구식 개혁에서 찾고 메이지 유신의 주체세력이 되었는데 조선의 위정척사파는 이렇듯 목숨 걸고 개화를 가로막는 수구세력이 되었습니다.\n결국 반일 근본주의에 함몰된 나머지 자발적 개화와 자강의 기회를 놓치고 오히려 일본의 침탈을 앞당기는 결과를 초래한 건 아닌지 되돌아 볼 필요가 있습니다.\n둘째, 조정과 사대부들이 세상 대세에 너무 어두웠습니다. 한반도에 이해관계를 가진 열강들이 가장 걱정한 것은 러시아가 한반도에서 영향력을 확대하는 것이었습니다. 일본이 러시아의 위협에 가장 민감했지만 영국도 1885년에 거문도를 점령하고 1902년에는 영일동맹을 맺을 만큼 러시아의 남하정책를 저지하는데 총력을 기울였습니다. 미국과 중국도 러시아를 견제해야 한다는 데는 이해관계가 일치했습니다. 그런데 조선만 이러한 세계의 대세에 역행하여 러시아를 한반도에 끌어들이는데 앞장섰습니다. 조선은 일본뿐 아니라 영국, 미국 등 우리 편이 되어 줄 만한 강대국들을 모두 적으로 만드는 자해적 외교에 매달린 것입니다.\n",
		"passage_Cnt": 986
	},
	"Annotation": {
		"summary1": "조선의 주류사회는 여전히 중국의 문화적 정신적 지배에서 벗어나지 못하고 정신분열 증세를 겪었기 때문에 지도층이 분열되었고 개화파가 함몰된 수구세력에 이길 수 없었다.",
		"summary2": "첫째, 지도층이 분열된 이유는 중국의 정치적 지배에서 해방된 이후에도 조선의 주류사회는 여전히 중국의 문화적 정신적 지배에서 벗어나지 못하고 정신분열증세를 겪었기 때문이라고 봅니다. 이념전쟁에서 독립협회를 중심으로 한 개화파가 주자성리학적 세계관에 함몰된 수구세력에 이길 수 없었습니다.",
		"summary3": null,
		"summary_3_cnt": null
	}
}