{
	"Meta(Acqusition)": {
		"doc_id": "REPORT-edit-20044",
		"doc_category": "REPORT",
		"doc_type": "edit",
		"doc_name": "전쟁도 전염된다",
		"author": null,
		"publisher": null,
		"publisher_year": null,
		"doc_origin": "월간조선"
	},
	"Meta(Refine)": {
		"passage_id": "REPORT-edit-20044-00005",
		"passage": " 전쟁 연구에서 쉽지 않은 문제 중 하나는 누가 승리했느냐의 여부인데, 승자(勝者)와 패자(敗者)가 명확하지 않은 채 끝나는 전쟁도 부지기수다. 아르메니아와 아제르바이잔 양측은 모두 자신이 승리했다고 주장하고 있다. 아르메니아는 자국군이 5명 전사, 35명 부상, 경찰 2명 부상, 민간인 1명 부상이라고 발표하고 있다. 반면 아제르바이잔의 주장에 의하면, 아르메니아 병사는 최대 120명 사망했으며, 탱크 1대, 장갑차 1대, 무인비행기 5대가 파괴되었다. 아제르바이잔은 자국군 병사 12명, 민간인 1명이 사망했으며, 4명의 병사가 부상당했다고 주장한다. 그러나 아르메니아의 주장에 의하면 아제르바이잔은 병사 21명이 전사했고, 탱크 3대, 드론 13기가 파괴되었다.\n 자국의 피해는 축소하고 상대방의 피해는 확대 발표하는 것이 전쟁의 상례다. 그래서 전쟁을 객관적으로 분석해서 누가 승자이고 누가 패자인지를 밝히는 일은 대단히 어렵다. 한국전쟁의 경우가 그렇지 않은가. 북한은 1953년 7월 27일 유엔과 공산군 양측이 정전협정을 체결한 날을 지금은 ‘전승기념일’이라 말하고 있다. 유엔군 측도 대한민국의 적화(赤化)를 막았다는 점에서 한국전쟁을 승리한 전쟁이라고 평가하기도 한다. \n 다만, 이번 전쟁에서 아제르바이잔의 인명피해 중에는 소장 1명, 대령 1명, 소령 2명 등 장교들의 피해가 상대적으로 크다는 점이 특이하다. 아르메니아는 소령 1명, 대위 1명, 하사관 2명이 전사자에 포함되어 있다.\n",
		"passage_Cnt": 734
	},
	"Annotation": {
		"summary1": "승자와 패자가 명확하지 않은 채 전쟁이 끝났지만 아르메니아와 아제르바이잔 양측은 모두 자신이 승리했다고 한다.",
		"summary2": "전쟁 연구에서 쉽지 않은 문제 중 하나는 누가 승리했느냐의 여부인데, 승자(勝者)와 패자(敗者)가 명확하지 않은 채 끝나는 전쟁도 부지기수다. 아르메니아와 아제르바이잔 양측은 모두 자신이 승리했다고 주장하고 있다.",
		"summary3": null,
		"summary_3_cnt": null
	}
}