{
	"Meta(Acqusition)": {
		"doc_id": "REPORT-edit-20039",
		"doc_category": "REPORT",
		"doc_type": "edit",
		"doc_name": "‘여자 오바마’, 그는 차기 美 대선에 도전하게 될까",
		"author": null,
		"publisher": null,
		"publisher_year": null,
		"doc_origin": "월간조선"
	},
	"Meta(Refine)": {
		"passage_id": "REPORT-edit-20039-00001",
		"passage": "“남성의 몸에 관한 결정을 정부가 대신 내리는 법안을 한 개라도 말씀하실 수 있나요?”\n “좀 더 구체적으로 질문하시지요.”\n “의학적으로 말입니다.”\n “모르겠… 아니 지금 당장은 생각이 안 납니다. 의원님.”\n 2018년 연방대법관 후보자 인준청문회에서 오간 질문과 답변이다. 지금은 연방대법관이 된 브렛 캐버노를 상대로 침착하게 질문을 던진 이는 바로 카멀라 해리스(56)였다. 낙태에 대한 연방대법관 후보자의 생각을 묻는 질문이었다. 여성의 자기 결정권이 아닌 남성의 자기 결정권으로 관점을 돌려 물었다. 이 질문을 계기로 카멀라는 크게 주목을 받았다.\n 2년 뒤 부통령 후보로 안착했다. 조 바이든의 당선이 유력해지면서 미국 최초의 여성 부통령 당선 유력인이 됐다. \n ‘여자 오바마’로 불리기도 한다. 그와 오바마 사이엔 코코아색 피부 말고도 공통점이 몇 가지 있다. 대표적으로 서로 다른 문화권에 속한 부모 사이에서 자랐다는 점이 있다. 자메이카계 흑인 아버지와 인도인 어머니 사이에서 태어났다. 어머니는 인도에서 어릴 때 미국으로 이민 온 경우다. 외가는 인도의 브라만 계급에 속한 집안이다. 어머니는 유방암을 연구하는 의학자였다. 이모나 외삼촌들도 의사, 과학자로 일했다.\n 한부모 가정에서 자랐다는 공통점도 있다. 일곱 살 때 부모님이 이혼했다. 카멀라는 어머니와 함께 캐나다 몬트리올로 이사 가 그곳에서 학창시절을 보냈다. 그곳에서 카멀라는 부유층이 사는 동네에서 살았다. 어머니와 장을 보러 가면 인도계인 어머니는 자주 가사도우미로 오해를 받았다고 한다. 그 모습을 보며 카멀라는 무슨 생각을 했을까. 인도계보다는 차라리 흑인의 정체성이 덜 불편하겠다는 생각을 하진 않았을까. 아버지의 침례교(개신교)와 어머니의 힌두교 중 침례교를 선택해 지금까지 믿고 있기도 하다.\n",
		"passage_Cnt": 890
	},
	"Annotation": {
		"summary1": "그와 오바마 사이에는 서로 다른 문화권에 속한 부모 사이에서 자랐다는 것과 한부모 가정에서 자랐다는 공통점이 있다.",
		"summary2": "그와 오바마 사이엔 코코아색 피부 말고도 공통점이 몇 가지 있다. 대표적으로 서로 다른 문화권에 속한 부모 사이에서 자랐다는 점이 있다. 한부모 가정에서 자랐다는 공통점도 있다.",
		"summary3": null,
		"summary_3_cnt": null
	}
}