{
	"Meta(Acqusition)": {
		"doc_id": "REPORT-edit-20054",
		"doc_category": "REPORT",
		"doc_type": "edit",
		"doc_name": "“자유를 사랑하는 국가들이 힘 합쳐 中 변화 도출하자” (폼페이오 美 국무장관)",
		"author": null,
		"publisher": null,
		"publisher_year": null,
		"doc_origin": "월간조선"
	},
	"Meta(Refine)": {
		"passage_id": "REPORT-edit-20054-00009",
		"passage": " 더 나아가 바 장관은 “중국은 또한 유라시아, 아프리카, 그리고 태평양의 무역 루트와 하부구조를 장악하려 하고 있다. 세계 해양 운송의 3분의 1이 통과하는 남중국해에서 중국은 해로(海路) 거의 전체에 대한 의심스러운 영유권(領有權)을 주장하고 국제재판소의 판결을 조롱하고 있으며, 인공 도서(島嶼)를 건설하고 거기에 군사시설을 설치하면서 인접 국가의 선박과 어선의 항행을 방해하고 있다”고 규탄한다. \n 중국의 경제정책을 “야수적”이라고 규정한 바 장관은 “중국은 이제 세계적 ‘독재국가의 병기창(兵器廠)’이 되고 있다”고 경고한다. 그는 결정적으로 “중국의 야심이 미국과 교역(trade)을 하려는 것이 아니라 미국을 공격(raid)하려 하는 것”이라며 “중국공산당은 자유세계의 개방성을 역으로 이용하여 자유세계 자체를 붕괴시키는 치밀한 공작을 전개하기 시작했다. 우리의 자녀들과 손자손녀들에게 자유롭고 번영하는 세계를 물려주기 위하여… 중국공산당의 지배 음모에 저항하면서 지구적 차원에서 세계경제를 번영으로 이끌어가는 경쟁을 주도할 수 있도록 하는 전 사회적 접근 방법을 찾아내야 할 것이다”라고 했다.\n 폼페이오 국무장관은 앞서 있은 3회 연설을 종합・결론 내리는 연설을 7월 23일 닉슨대통령기념관에서 행하였다. 중국과 거래를 시작한 닉슨 대통령을 기리는 기념관을 연설 장소로 삼은 것은 심각한 의미를 가지는 일이었다. 폼페이오 장관은 “오늘 미국인들은 닉슨 대통령의 노력과 희망이 결실을 맺었는지, 그렇지 못하게 되었는지를 평가해야 할 의무를 갖고 있다”고 말한 후 “닉슨의 희망은 이루어지지 못했다”고 결론짓는다. 폼페이오 장관 역시 미국인들의 감성에 호소한다. 전쟁 직전 국민들에게 호소하고 그들의 전의(戰意)를 불태우는 연설이다.\n",
		"passage_Cnt": 867
	},
	"Annotation": {
		"summary1": "바 장관은 중국은 유라시아 등의 하부구조를 장악하고 있다고 말했으며 중국의 경제정책을 야수적이라고 규정했다.",
		"summary2": "더 나아가 바 장관은 “중국은 또한 유라시아, 아프리카, 그리고 태평양의 무역 루트와 하부구조를 장악하려 하고 있다. 세계 해양 운송의 3분의 1이 통과하는 남중국해에서 중국은 해로(海路) 거의 전체에 대한 의심스러운 영유권(領有權)을 주장하고 국제재판소의 판결을 조롱하고 있으며, 인공 도서(島嶼)를 건설하고 거기에 군사시설을 설치하면서 인접 국가의 선박과 어선의 항행을 방해하고 있다”고 규탄한다. 중국의 경제정책을 “야수적”이라고 규정한 바 장관은 “중국은 이제 세계적 ‘독재국가의 병기창(兵器廠)’이 되고 있다”고 경고한다.",
		"summary3": null,
		"summary_3_cnt": null
	}
}