{
	"Meta(Acqusition)": {
		"doc_id": "REPORT-edit-10019",
		"doc_category": "REPORT",
		"doc_type": "edit",
		"doc_name": "코로나 뚫고 열리는 도쿄올림픽... 신규 종목은?",
		"author": null,
		"publisher": null,
		"publisher_year": null,
		"doc_origin": "월간조선"
	},
	"Meta(Refine)": {
		"passage_id": "REPORT-edit-10019-00001",
		"passage": "23일 저녁 8시(한국 시각) 막이 오를 제32회 도쿄 하계 올림픽에는 스케이트보드, 가라테, 서핑, 스포츠클라이밍 등 다양한 신규 종목이 선보일 예정이다. 이들 신규 종목에 대해 알아봤다.\n스케이트보드는 2018 아시안게임에서 처음 정식 종목으로 채택됐다. 미국 캘리포니아 서퍼들이 파도가 없는 날에도 보드를 타기 위해 서핑보드에 바퀴를 달아 만들어졌다. 종목은 반원통 무대에서 묘기를 선보이는 ‘파크’와 다양한 구조물에서 기술을 펼치는 ‘스트리트’로 나뉜다.\n채점항목으로는 기술의 난이도와 일관성, 선(線)과 스타일 등이 있다. 심사 기준이 주관적일 수 있다. 스케이트보드가 길거리라는 자유로운 분위기 속에서 탄생한 스포츠인 만큼 멋과 분위기가 중요한 채점요소로 꼽히고 있다.\n일본의 전통 무술 가라테는 공수도(空手道)라는 이름에서도 알 수 있듯이 두 손과 관절을 주로 이용해 상대방을 공격한다. 그리고 발을 이용한 공격 또한 허용되므로, 양 손과 두 발에 보호구를 차게 된다. 하지만 태권도와 달리 두부(頭部)는 가격할 수 없기 때문에 머리에는 보호구를 차지 않는다.\n가라테 세부 종목은 가타(품새)와 구미테(대련)로 나뉜다. 가타는 가상의 적과 맞서 일련의 공격과 수비 동작으로 구성된 품새를 보여주는 경기이다. 102가지 가타 중 선수 본인이 자신 있는 가타를 선택해 경연한다. 7명의 심판 중 3명이 부여한 점수를 합산해 별도의 계산식을 적용해 승자를 결정한다.\n",
		"passage_Cnt": 713
	},
	"Annotation": {
		"summary1": "스케이트보드는 2018 아시안게임에서 처음 정식 종목으로 채택되었는데 미국 캘리포니아 서퍼들이 파도가 없는 날에도 보드를 타기 위해 서핑보드에 바퀴를 달아 만들어졌다.",
		"summary2": "스케이트보드는 2018 아시안게임에서 처음 정식 종목으로 채택됐다. 미국 캘리포니아 서퍼들이 파도가 없는 날에도 보드를 타기 위해 서핑보드에 바퀴를 달아 만들어졌다.",
		"summary3": null,
		"summary_3_cnt": null
	}
}