{
	"Meta(Acqusition)": {
		"doc_id": "REPORT-edit-20025",
		"doc_category": "REPORT",
		"doc_type": "edit",
		"doc_name": "영국 왕실판 ‘시월드’로 英美를 발칵 뒤집다",
		"author": null,
		"publisher": null,
		"publisher_year": null,
		"doc_origin": "월간조선"
	},
	"Meta(Refine)": {
		"passage_id": "REPORT-edit-20025-00001",
		"passage": "그래서 신데렐라는 구두 한 짝을 들고 찾아온 왕자와 결혼 후 어떻게 살았을까. 서식스 공작부인 메건(Meghan, Duchess of Sussex·메건 마클)이 영국과 미국을 동시에 들끓게 했다. 지난 3월 7일 미국 CBS는 해리 왕자 부부와 오프라 윈프리의 특별 인터뷰를 방송했다. 메건은 영국 왕실에서 자신이 겪은 일을 고백했다. 이 인터뷰는 이튿날 영국에서도 방영됐다.\n 시청률은 소위 대박이었다. 영국 왕실판 ‘시월드’ 이야기는 미국에서만 약 1710만명이 시청했다. CBS의 자체 기록으로 보면 지난해 2월 방송한 아카데미 시상식 이후 최고의 시청률이라고 한다.\n 메건은 크게 두 가지를 폭로했다. 왕실의 따돌림과 아들 아치에 대한 차별이다. 메건은 외출까지 통제받으며 자살 충동까지 느꼈지만 왕실에선 아무도 그녀를 돕지 않았다고 털어놨다. 아들 아치가 찰스 왕세자가 국왕으로 즉위한 후 ‘왕자(Prince)’ 칭호를 못 받을까 봐 우려된다고도 말했다. 그녀가 제시한 원인은 한 가지다. ‘피부색.’\n 메건은 백인 아버지와 아프리카계 미국인 어머니 사이에서 태어났다. 애매한 피부색 때문에 배우로 자리 잡기 힘들었다고 고백한 적이 있다. 출세작인 드라마 〈슈트(Suits)〉에선 매력적인 캐릭터의 조연이었다.\n 메건의 고백에 대한 미국과 영국의 반응은 좀 다르다. 인종차별을 배격하는 미국의 분위기상 메건에 동정적인 어조가 대부분이다. 영국에선 부정적인 반응이 좀 더 많은 편이다.\n",
		"passage_Cnt": 724
	},
	"Annotation": {
		"summary1": "메건은 오프라 윈프리 특별 인터뷰에서 영국 왕실에 대한 고백을 했다.",
		"summary2": "지난 3월 7일 미국 CBS는 해리 왕자 부부와 오프라 윈프리의 특별 인터뷰를 방송했다. 메건은 영국 왕실에서 자신이 겪은 일을 고백했다.",
		"summary3": null,
		"summary_3_cnt": null
	}
}