{
	"Meta(Acqusition)": {
		"doc_id": "REPORT-edit-20040",
		"doc_category": "REPORT",
		"doc_type": "edit",
		"doc_name": "미국 大選 구경하기",
		"author": null,
		"publisher": null,
		"publisher_year": null,
		"doc_origin": "월간조선"
	},
	"Meta(Refine)": {
		"passage_id": "REPORT-edit-20040-00006",
		"passage": " 6. 링컨·레이건 같은 대인물을 배출한 공화당이 트럼프 같은 사기적 정상배(政商輩)를 견제하지 못하고 따라갔다는 것이, 그래 놓고도 이번 선거에서 응징을 당하지 않았다는 사실이 미국의 정치 전망을 다소 어둡게 만든다. 사실에 합의하지 못하는 정치는 국민 분열의 구조화(構造化)를 가져오고 상대를 동반자가 아니라 말살 대상으로 여기는 악마화(demonization)가 정치문화로 정착한다.\n 7. 물론 미국의 기성언론·군대·사법부, CIA나 FBI 같은 안보기구, 대학 등 지식인 그룹은 트럼프의 선동에 넘어가지 않고 있다. 문화 부문은 여전히 민주당 세력이 헤게모니를 잡고 있어 나름 균형을 이룬다. 민주당 세력이 흑인들의 눈치를 보면서 미국 건국의 정통성을 부정하는 방향으로까지 흐른 것이 상당수 백인을 트럼프 쪽으로 밀어붙인 면이 있다.\n 8. ‘자유 지향적 국제주의자(liberal internationalist)’ 바이든 당선은 한국인이 선거의 자유가 살아 있을 때 자유를 회복할 수 있는 탈출구가 될지 모른다. 1948년 미국 대통령 선거에서 해리 S. 트루먼 대통령이 기적적 역전승(逆轉勝)을 거두었기에 2년 뒤 그는 고향에서 북한군 남침 소식을 듣자마자 “그 자식들을 반드시 막아야 한다”면서 즉석에서 파병을 결단해 한국을 구할 수 있었던 것이다. 미국 대통령 선거는 한국인의 운명을 좌우할 수도 있다.\n 9. 한국인들은 ‘좋은 사람’ 바이든이 좋은 방향으로 갈 수 있도록 노력해야 한다. 이것이 미국을 움직여 건국(建國)과 호국(護國)에 성공한 이승만(李承晩)식 대전략이다.\n",
		"passage_Cnt": 779
	},
	"Annotation": {
		"summary1": "미국의 기성 언론·군대·사법부와 안보기구 대학 등 지식인 그룹은 트럼프의 선동에 넘어가지 않고 있으며 문화 부문은 민주당 세력이 헤게모니를 잡고 있어 균형을 이루고 있다.",
		"summary2": "물론 미국의 기성언론·군대·사법부, CIA나 FBI 같은 안보기구, 대학 등 지식인 그룹은 트럼프의 선동에 넘어가지 않고 있다. 문화 부문은 여전히 민주당 세력이 헤게모니를 잡고 있어 나름 균형을 이룬다.",
		"summary3": null,
		"summary_3_cnt": null
	}
}