{
	"Meta(Acqusition)": {
		"doc_id": "REPORT-edit-20029",
		"doc_category": "REPORT",
		"doc_type": "edit",
		"doc_name": "“미국 대통령이 폭도들을 불러냈다!”(리즈 체니 공화당 하원의원)",
		"author": null,
		"publisher": null,
		"publisher_year": null,
		"doc_origin": "월간조선"
	},
	"Meta(Refine)": {
		"passage_id": "REPORT-edit-20029-00009",
		"passage": " 윌리엄 바 법무장관은 12월 1일 오후 백악관을 찾았다. 대통령은 화가 나 있었다. 바 장관이 AP통신에 “결과를 바꿀 정도의 선거부정 행위를 확인하지 못했다”고 말한 뒤였다. 이즈음 트럼프는 또 다른 음모론에 빠져 있었다. 우체국의 계약직 트럭운전사 한 명이 나와 자신이 뉴욕주 롱아일랜드에서 펜실베이니아로 기표된 수천 개의 투표지를 날랐다는 주장을 한 것이다. 연방 수사당국은 이 역시 거짓말로 확인했다. 이 직원은 정신병 시설에 입원한 전력(前歷)이 있었다.\n 바 법무장관은 증거를 만들어낼 수는 없다고 했다. 그가 이끄는 법무부가 각 주에서 발표한 결과에 이의(異義)를 제기할 수도 없다고 했다. 바 장관은 투표기기로 조작이 일어났다는 주장은 말도 안 되는 거짓말이라고 했다. 그는 줄리아니가 이끄는 변호인단이 이런 주장을 확산시키는 것을 빗대어 ‘광대’라고 욕했다.\n 트럼프는 잠깐 생각에 잠긴 뒤, “그럴 수도 있다”고 했다고 한다. 그래 놓고도 바 장관이 백악관을 떠나기 직전 트럼프는 트럭기사의 거짓말을 트위터에 올렸다. 이 트럭기사는 뉴스맥스와 스티브 배넌이 운영하는 팟캐스트에 출연하기도 했다. 이를 근거로 펜실베이니아주 투표 결과를 취소해달라는 소송이 제기됐다. 트럼프 옆에서 법률 자문을 해온 경험 있는 변호사들은 이 소송이 역효과를 낼 것이라고 우려했다. 부끄러운 일이 될 것이라고 했다.\n 줄리아니는 조지아의 선거 결과를 뒤집을 수 있다는 주장을 계속했다. 도미니언 투표기기가 개표 조작에 사용됐다는 것이었다. 조지아주에서는 재검표가 이뤄졌고 트럼프 표 약 2000표를 찾아내는 데 그쳤다. 부정이 아니라 계산 착오였다. 바이든이 트럼프를 1만2000표 차이로 이겼다는 사실이 재확인되었다. 트럼프의 변호인 스테판 파산티노는 “500만 표의 투표지를 하나하나 세는 사실상의 수개표가 진행됐고, 결과는 기존의 결과와 거의 똑같았다”고 줄리아니의 주장에 반박했다. 나중에 도미니언은 줄리아니와 파웰 변호사를 상대로 26억 달러 손해배상 청구 소송을 제기했다.\n",
		"passage_Cnt": 998
	},
	"Annotation": {
		"summary1": "우체국의 계약직 트럭 운전사 한 명이 수천 개의 투표지를 날랐다는 주장을 해 트럼프가 음모론에 빠져있었지만 연방 수사당국은 이를 거짓말로 확인했다.",
		"summary2": "우체국의 계약직 트럭운전사 한 명이 나와 자신이 뉴욕주 롱아일랜드에서 펜실베이니아로 기표된 수천 개의 투표지를 날랐다는 주장을 한 것이다. 이즈음 트럼프는 또 다른 음모론에 빠져 있었다. 연방 수사당국은 이 역시 거짓말로 확인했다.",
		"summary3": null,
		"summary_3_cnt": null
	}
}