{
	"Meta(Acqusition)": {
		"doc_id": "REPORT-edit-20019",
		"doc_category": "REPORT",
		"doc_type": "edit",
		"doc_name": "“한국은 한국인 생각 이상으로 미국이 중시하는 나라”",
		"author": null,
		"publisher": null,
		"publisher_year": null,
		"doc_origin": "월간조선"
	},
	"Meta(Refine)": {
		"passage_id": "REPORT-edit-20019-00001",
		"passage": " 《멜트다운》 백서를 주도한 인물은 일본의 저명한 저널리스트 후나바시 요이치(船橋洋一·76)다. 《아사히(朝日)신문》 기자로 베이징(北京)과 워싱턴 특파원을 거쳐 주필까지 지낸 국제정치 전문 대기자다. 아시아를 대표하는 저널리스트로 지금도 《워싱턴포스트》를 비롯한 미국 언론에 칼럼을 쓰고 있다.\n 《멜트다운》 백서는 그가 《아사히신문》에서 은퇴한 뒤 설립한 후 이사장으로 있는 싱크탱크 ‘아시아 퍼시픽 이니셔티브(APinitiative.org·이하 API)’에서 만든 것이다. 300명의 대면 인터뷰는 후나바시가 직접 진행했다.\n 한국도 사건이 터질 때마다 백서가 등장한다. 그러나 후세(後世)에 교훈으로 활용될, 외국인이 봐도 고개를 끄덕일 객관적인 백서는 전무하다. 승자와 패자를 확실히 가른 뒤, 패자의 목을 조르기 위한 승자의 ‘한(恨)풀이’ 백서가 태반이다. 백서 내용 자체도 너무 부실하고, 특정 코드에 맞춰진 인물 주도하의 일방적 의견이 대부분이다. 후대(後代)를 위한 교훈과 무관한, ‘백서=유죄 판결문’인 셈이다.\n 필자가 아는 한 워싱턴에서 후나바시에 비견될 만한, 강력하고도 넓은 인맥을 가진 아시아인은 없다. 국제정세, 글로벌 현황에 관해 후나바시의 고견(高見)에 귀를 기울일 수밖에 없는 이유이다. 후쿠시마에서 얻은 교훈이 무엇인지, 백서가 갖는 의미가 무엇인지, 국제정치 전문 대기자로서, 한반도와 세계의 오늘과 내일을 어떻게 보는지에 대한 의견을 후나바시를 통해 알아본다. 인터뷰는 줌 비디오를 도쿄 API 후나바시 사무실로 연결해 이뤄졌다.\n",
		"passage_Cnt": 768
	},
	"Annotation": {
		"summary1": "한국도 사건이 터질 때마다 백서가 등장하는데 후세에 교훈으로 활용될 객관적인 백서는 전무하다.",
		"summary2": "한국도 사건이 터질 때마다 백서가 등장한다. 그러나 후세(後世)에 교훈으로 활용될, 외국인이 봐도 고개를 끄덕일 객관적인 백서는 전무하다.",
		"summary3": null,
		"summary_3_cnt": null
	}
}