{
	"Meta(Acqusition)": {
		"doc_id": "REPORT-edit-20043",
		"doc_category": "REPORT",
		"doc_type": "edit",
		"doc_name": "바이든 당선 확정돼도 ‘트럼프 현상’은 계속될 것",
		"author": null,
		"publisher": null,
		"publisher_year": null,
		"doc_origin": "월간조선"
	},
	"Meta(Refine)": {
		"passage_id": "REPORT-edit-20043-00004",
		"passage": " 이번 미국 선거는 대통령 선거만이 아니라 상원・하원 의원도 함께 선거가 치러졌다. 상원은 공화당이 우위에 있었고, 하원은 민주당이 절대 과반을 장악하고 있었다. 그런데 민주당은 이번 상하원 선거에서 기대만큼의 성과를 거두지 못했다. 하원에서는 5석을 상실했으며 상원에서도 현재로서는 과반 획득에 성공하지 못했다. 총 100석 가운데 현재까지 공화당이 50석 민주당이 48석을 확정 지었다. 남은 2석은 조지아주 상원의원이다. 그런데 조지아주의 2석은 이번 선거의 개표로 확정 지을 수 없게 되었다.\n 조지아주는 상원의원에 당선이 되려면 50% 이상 표를 얻도록 돼 있다. 50%를 득표하지 못한 경우에는 재경선을 해야 한다. 조지아주의 상원의원 2석은 개표율 99% 상태에서 1석은 공화 49.71%, 민주 47.96%였다. 나머지 1석은 보궐선거였는데 모두 20명의 공화·민주·무소속 후보가 난립하여 민주 32.9%, 공화 25.9%로 2석 모두 과반 획득이 나오지 않았다. 따라서 2석 모두 재경선을 해야 한다. 이 재경선은 2021년 1월 5일 치러지게 돼 있다.\n 만약 공화당이 조지아주 상원의원 2석을 모두 획득하면 총 52석이 되어 상원에서 과반수를 확보하게 된다. 반대로 만약 이 2석을 모두 민주당이 갖게 되면 의석은 50대 50이지만 민주당 바이든의 대통령 당선이 확정될 경우 부통령이 상원의장으로 캐스팅보트를 갖게 되기 때문에 상원도 민주당이 장악하게 된다. 민주당은 하원에서 5석을 상실했지만 여전히 과반을 확보하고 있다. 따라서 조지아주의 상원의원 재선거에서 공화당이 2석을 모두 잃게 되면 바이든의 당선이 확정될 경우 대통령·상원·하원 모두를 민주당이 장악하게 된다. 때문에 공화당은 조지아주 재경선에서 적어도 1석은 반드시 확보해야 한다.\n",
		"passage_Cnt": 877
	},
	"Annotation": {
		"summary1": "대통령 선거와 상원·하원 의원 선거가 함께 치러진 미국 선거에서 민주당이 하원에서 절대 과반을 장악하고 있었으나 상하원 선거에서 기대만큼 성과를 거두지 못했다.",
		"summary2": "이번 미국 선거는 대통령 선거만이 아니라 상원・하원 의원도 함께 선거가 치러졌다. 상원은 공화당이 우위에 있었고, 하원은 민주당이 절대 과반을 장악하고 있었다. 그런데 민주당은 이번 상하원 선거에서 기대만큼의 성과를 거두지 못했다.",
		"summary3": null,
		"summary_3_cnt": null
	}
}