{
	"Meta(Acqusition)": {
		"doc_id": "REPORT-edit-00070",
		"doc_category": "REPORT",
		"doc_type": "edit",
		"doc_name": "【서봉대의 ‘되짚기’】 민주당 대선후보, 文 대통령 탈당 요구할까",
		"author": null,
		"publisher": null,
		"publisher_year": null,
		"doc_origin": "월간조선"
	},
	"Meta(Refine)": {
		"passage_id": "REPORT-edit-00070-00001",
		"passage": "우리 정치판에는 씁쓸한 전통이 있다. 대통령은 탈당하게 된다는 것이다. 1987년 직선제 개헌 후 대통령들은 친인척이나 측근 비리의혹 등에 휘말리다 임기 말, 자의든 타의든 당을 떠났다. 박근혜 전 대통령은 당내 탈당 요구를 거부하다 탄핵 후 출당됐고 이명박 전 대통령도 퇴임 후 결국 탈당했다.\n인기없던 임기 말 대통령의 탈당이 집권당 대선후보에게 플러스가 됐는지 마이너스가 됐는지, 그리고 대선 승부를 가를 정도의 변수가 됐는지에 대해선 단언하기 어렵다.\n하지만 후보들은 득표전략 차원에서 대통령과의 차별화에 나섰고, 경우에 따라선 탈당하라고 몰아붙이기까지 했다.\n# 2007년 대선 때 대통합민주신당(열린우리당 후신) 정동영 후보는 “참여정부와 완전히 다른 정부를 운영할 것”이라는 등 노무현 대통령과의 차별화를 부각시켰다. 측근 의원들도 노 대통령을 겨냥, 탈당을 요구했다.\n도화선은 2006년 지방선거 참패였다.\n집권당인 열린우리당은 노 대통령 탄핵역풍에 힘입어 2004년 총선에서 과반수 의석을 차지했으나 당내 갈등이 지속됐고 ‘대연정 제안’ 파문까지 겹치면서 이듬해부터 각종 선거에서 잇따라 패배, 비상이 걸렸다. 결국 열린우리당 의장이었던 정 후보가 지방선거 패배 직후 당 해체론을 제기, 노 대통령과의 차별화에 나섰던 것이다.\n이에 노 대통령은 “졸렬한 필패 전략”이라고 격한 감정을 표출했고, 정 후보는 “독선과 오만”이라고 맞받았다.\n",
		"passage_Cnt": 702
	},
	"Annotation": {
		"summary1": "우리 정치판에는 대통령이 자의든 타이든 당을 떠난다는 씁쓸한 전통이 있다.",
		"summary2": "우리 정치판에는 씁쓸한 전통이 있다. 대통령은 탈당하게 된다는 것이다. 1987년 직선제 개헌 후 대통령들은 친인척이나 측근 비리의혹 등에 휘말리다 임기 말, 자의든 타의든 당을 떠났다.",
		"summary3": null,
		"summary_3_cnt": null
	}
}