{
	"Meta(Acqusition)": {
		"doc_id": "REPORT-edit-00025",
		"doc_category": "REPORT",
		"doc_type": "edit",
		"doc_name": "【서봉대의 ‘되짚기’】 국민의힘과 더불어민주당 영입전쟁, 어느 쪽이 이길까?",
		"author": null,
		"publisher": null,
		"publisher_year": null,
		"doc_origin": "월간조선"
	},
	"Meta(Refine)": {
		"passage_id": "REPORT-edit-00025-00002",
		"passage": "한나라당 이명박 후보는 김영삼(YS) 전 대통령과 측근 세력의 지지를 이끌어냈다. 이 후보는 1992년 총선을 앞두고 민자당 대표였던 YS에 의해 영입돼 전국구 의원으로 정치권에 입문했던 ‘YS 키즈’이기도 하다.\nJP는 한나라당에 입당까지 한 뒤 이 후보 지지를 선언했다. 이완구 전 총리 등 자민련 의원들의 입당도 잇따랐다. 2002년 대선 때 국민통합21 후보였던 정몽준 무소속 의원도 가세했다.\n정동영 후보를 출마시킨 대통합민주신당의 경우 당내 복잡한 계파갈등까지 떠안고 있어 지지세력 확산에 한계가 있었다. 노무현 정부 임기 말 열린우리당 의원들의 집단탈당 러시를 계기로 한나라당과 민주당의 일부 의원들까지 가세한 가운데 세력들끼리 이합집산을 거듭하다 대통합민주신당이 창당됐으나 정동영 세력, 김근태 세력, 손학규 세력 등 당내 계파가 복잡해 내부 결속조차 쉽지않았다.\n민주당에선 이인제 후보가 출마, 진보 진영 분열도 초래됐다.\n이같은 상황에서 치러진 대선에서 이 후보는 영남권과 충청권을 비롯, 호남권을 제외한 전 지역에서 정 후보를 앞섰던 것이다.\n박근혜 후보와 새누리당은 JP 지지선언을 이끌어냈고, 앞서 대선에서 이명박 후보에게 맞섰던 이회창 전 한나라당 총재도 입당했다. 충청권 정당인 선진통일당(자민련 후신)의 일부 의원들도 입당했다.\nYS도 지지입장을 표명했고 측근세력 다수가 가세했다. ‘리틀 DJ’로 불리는 한화갑 전 민주당 대표를 비롯한 DJ 세력 일부도 지지대열에 나섰을 정도였다.\n",
		"passage_Cnt": 735
	},
	"Annotation": {
		"summary1": "1992년 총선을 앞두고 YS에 의해 영입되어 정치권에 입문한 한나라당의 이 후보는 YS와 측근 세력의 지지를 이끌어냈다.",
		"summary2": "한나라당 이명박 후보는 김영삼(YS) 전 대통령과 측근 세력의 지지를 이끌어냈다. 이 후보는 1992년 총선을 앞두고 민자당 대표였던 YS에 의해 영입돼 전국구 의원으로 정치권에 입문했던 ‘YS 키즈’이기도 하다.",
		"summary3": null,
		"summary_3_cnt": null
	}
}