{
	"Meta(Acqusition)": {
		"doc_id": "REPORT-edit-00058",
		"doc_category": "REPORT",
		"doc_type": "edit",
		"doc_name": "【서봉대의 ‘되짚기’】 대선 주자와 국회의원은 同床異夢? 대권과 배지",
		"author": null,
		"publisher": null,
		"publisher_year": null,
		"doc_origin": "월간조선"
	},
	"Meta(Refine)": {
		"passage_id": "REPORT-edit-00058-00002",
		"passage": "당내 계파간 갈등이 커질수록 정치적 명암은 더욱 분명하게 드러났다.\n2007년 한나라당 대선후보 경선과정에서 친이(親李, 친 이명박)계와 친박(親朴, 친 박근혜)계 갈등은 첨예했고 그 후폭풍은 이명박 정부 출범직후인 이듬해 총선정국에서 거세게 불었다. 친박계에서 적극적으로 뛰었던 의원들은 ‘공천 학살’ 당했고, 탈당해 무소속으로 출마하게 됐다.\n이명박 대통령 임기말인 2012년 총선을 앞두고는 당을 장악한 친박계에 의해 친이계가 보복당했다.\n노무현 대통령 탄핵을 주도했던 민주당과 열린우리당 후신인 대통합민주당신당이 합쳐졌던 통합민주당에서도 2008년 총선을 앞두고 민주당계가 대거 공천에서 떨어져 무소속으로 출마해야 했다.\n상황이 이러니 어느 한쪽에 속해있던 의원이 총선을 앞두고 다른 계파 쪽으로 변신해 가거나 탈(脫)계파를 선언하기도 했다. 아무리 비난받는다 한들 정치생명과 맞바꿀 정도는 아니라고 판단했을 것이다. 계파란 자신이 공천받는데 불리할 것으로 판단되면 언제든 뛰쳐나올 수 있는 울타리에 불과했던 것이다.\n# 내년 대선도 10개월이 채 남지 않았다. 여야를 망라, 당내 대선주자들이 부상하고 있지만 특정 주자 쪽으로 확실하게 줄 선 의원들은 많지 않다.\n의원들 대부분이 아직 물밑행보를 하고 있기 때문이다. 누가 당내 경선을 통과할 가능성이 높은 지, 그리고 본선에서도 당선될 수 있을지가 중요하겠지만 이들 입장에선 다음 총선 공천 때 자신에게 얼마나 도움이 될 지 등을 우선적으로 가늠해 봐야 한다. 현역 의원과 지역구 공천문제를 놓고 경쟁하게 될 원외인사들의 머릿속도 복잡하기는 마찬가지다.\n",
		"passage_Cnt": 792
	},
	"Annotation": {
		"summary1": "2007년 한나라당 후보 경선 과정에서 친박계와 친이계 갈등은 첨예했고 이 정부 출범 직후 총선 정국에서 친박계 의원들이 공천 학살 당하는 등 후폭풍이 불었다. ",
		"summary2": "2007년 한나라당 대선후보 경선과정에서 친이(親李, 친 이명박)계와 친박(親朴, 친 박근혜)계 갈등은 첨예했고 그 후폭풍은 이명박 정부 출범직후인 이듬해 총선정국에서 거세게 불었다. 친박계에서 적극적으로 뛰었던 의원들은 ‘공천 학살’ 당했고, 탈당해 무소속으로 출마하게 됐다.",
		"summary3": null,
		"summary_3_cnt": null
	}
}