{
	"Meta(Acqusition)": {
		"doc_id": "REPORT-edit-20001",
		"doc_category": "REPORT",
		"doc_type": "edit",
		"doc_name": "드골-아데나워, 獨佛 화해를 넘어 유럽 통합의 길을 열다!",
		"author": null,
		"publisher": null,
		"publisher_year": null,
		"doc_origin": "월간조선"
	},
	"Meta(Refine)": {
		"passage_id": "REPORT-edit-20001-00013",
		"passage": " 1969년, 프랑스 대통령직에서 스스로 물러난 드골이 1970년에 죽고 나서 나온 회고록은 《희망의 회고: 재생과 노력》이다. 이 책에는 1961년 5월 31일 프랑스를 방문한 존 F. 케네디 대통령과 나눈 대화가 실려 있다. 드골은, 케네디 대통령이 취임한 지 넉 달밖에 되지 않았지만 활기에 넘쳤고, 품격 있는 부인과 함께 정말로 매력적인 커플이었다고 평했다. 그는 케네디 대통령이 월남에 군사적 개입을 할 것이며, 이는 인도차이나에서 소련의 팽창을 막으려는 목적이라고 설명하자 일장훈시 하듯이 이렇게 말했다고 적었다.\n “귀하는 이 지역에 개입하면 끝도 없는 수렁에 빠질 것임을 곧 알게 될 겁니다. 민족 전체가 궐기하면 어떤 외세도, 아무리 강력해도, 그들을 마음대로 할 수 없는 법입니다. 그 지역의 지도층이 이해관계에 따라 미국에 복종한다고 해도 인민들은 따르지 않을 것이고, 진정으로 미국을 원하지 않을 것입니다. 귀하가 (반공)이념을 내세워도 소용이 없을 겁니다. 민중의 눈에는 그 이념이란 것도 미국의 권력욕에 지나지 않는 것으로 비칠 겁니다. 그래서 미국이 공산주의에 대항하는 일에 휘말리면 휘말릴수록 공산주의자들은 더욱더 민족 독립의 챔피언으로 보일 것이며, 그들은 절망한 이들로부터 더 많은 지지를 받게 될 겁니다.\n 우리 프랑스가 일찍이 그런 일을 겪었습니다. 미국은 인도차이나에서 프랑스의 자리를 대체하려고 우리가 떠난 데서 시작하여 우리가 끝낸 전쟁을 재개(再開)하려 하는군요. 미국이 얼마나 많은 인력과 돈을 부어 넣든 바닥을 모르는 군사적·정치적 수렁으로 차츰차츰 빠져들게 될 것임을 예언할 수 있습니다. 우리가 이 불행한 아시아에 해줄 수 있는 것은 이들 나라를 운영하는 일을 떠맡는 것이 아니라 그들을 전체주의로 밀어 넣는 요인인 비참함과 모욕감에서 탈출할 수 있도록 돕는 수단을 제공하는 것입니다. 나는 이런 이야기를 서방 세계의 이름으로 귀하에게 하는 것입니다.”\n",
		"passage_Cnt": 954
	},
	"Annotation": {
		"summary1": "드골이 죽고 나서 나온 회고록에는 1961년에 프랑스를 방문한 존 F. 케네디 대통령과 나눈 대화가 실려 있다.",
		"summary2": "1969년, 프랑스 대통령직에서 스스로 물러난 드골이 1970년에 죽고 나서 나온 회고록은 《희망의 회고: 재생과 노력》이다. 이 책에는 1961년 5월 31일 프랑스를 방문한 존 F. 케네디 대통령과 나눈 대화가 실려 있다.",
		"summary3": null,
		"summary_3_cnt": null
	}
}