{
	"Meta(Acqusition)": {
		"doc_id": "REPORT-edit-20041",
		"doc_category": "REPORT",
		"doc_type": "edit",
		"doc_name": "“바이든, 지미 카터 이래 가장 리더십 약한 대통령 될 것”",
		"author": null,
		"publisher": null,
		"publisher_year": null,
		"doc_origin": "월간조선"
	},
	"Meta(Refine)": {
		"passage_id": "REPORT-edit-20041-00006",
		"passage": " ― 코로나19 이후의 세계 판도에 대해 들어보고 싶다. 오늘(11월 9일) 화이자가 90% 성공률의 코로나19 백신의 개발을 발표했다. 그러나 세계 곳곳에서 백신이 나오긴 하지만, 국가 간 장벽 편견 제한이 한층 더 심해지는 느낌이다. 이른바 현재의 미중(美中)관계와 비슷한, 백신 디커플링(decoupling) 현상이 나타났다고나 할까. \n “화이자 백신 개발은 국제사회에 도움이 될 굿 뉴스(good news)다. 화이자는 다국적(多國籍) 경영체제에 기초한 영리(營利)기업이다. 국가가 제한하고 평가하는 공적(公的) 성격의 조직이 아니란 점에서 세계로부터의 신뢰가 결코 낮지 않을 것이다. 마치 IBM, 마이크로소프트(MS), 줌(Zoom) 소프트, 구글에 대한 신뢰와 활용에 비견할 수 있다.\n 그러나 국가 간 차원으로 들어가면 상황은 달라진다. 중국제 백신을 신뢰하거나, 트럼프의 백신 개발 발표에 귀를 기울이는 사람은 극히 드물다. 코로나19와 백신 문제에 내셔널리즘(nationalism)이 반영됐다는 얘기다. 코로나19 방역 관련 장비나 도구에 관한 제한, 백신 확보에 관한 문제도 내셔널리즘의 연장선에서 벌어지고 있다.\n 바이든은 그 같은 문제점을 해결하는 데 나설 것이다. 코로나19를 비정치적으로 대할 것이란 의미다. 바이든은 공약에서 말했듯이, 과학자를 중심으로 한 코로나19 대응 특별팀을 발족할 것이다. 미국인 모두에게 좋은 일이다.\n",
		"passage_Cnt": 705
	},
	"Annotation": {
		"summary1": "화이자가 코로나19 백신을 개발하는 등 세계 곳곳에서 백신이 나오고 있지만 국가 간 백신 디커플링 현상이 한층 더 심해지는 느낌이다.",
		"summary2": "오늘(11월 9일) 화이자가 90% 성공률의 코로나19 백신의 개발을 발표했다. 그러나 세계 곳곳에서 백신이 나오긴 하지만, 국가 간 장벽 편견 제한이 한층 더 심해지는 느낌이다. 이른바 현재의 미중(美中)관계와 비슷한, 백신 디커플링(decoupling) 현상이 나타났다고나 할까.",
		"summary3": null,
		"summary_3_cnt": null
	}
}