{
	"Meta(Acqusition)": {
		"doc_id": "REPORT-edit-00012",
		"doc_category": "REPORT",
		"doc_type": "edit",
		"doc_name": "【이상곤의 ‘흐름’】 ‘한 번도 경험하지 못한 후보’... 노무현이라면 뭐라 할까?",
		"author": null,
		"publisher": null,
		"publisher_year": null,
		"doc_origin": "월간조선"
	},
	"Meta(Refine)": {
		"passage_id": "REPORT-edit-00012-00003",
		"passage": "그럼 이 대목에서 이 지사 발언을 살펴보지 않을 수 없다.이 지사는 노 전 대통령과 달라도 너무 다른 것 같다.\n지난1일 유 전 본부장이 체포된 다음 그는 아예“유동규는 측근이 아니다”라고 못을 박았다.그는 유 전 본부장 비리가 드러날 경우 어떡할 거냐고 묻는 기자 질문에도“한전 직원이 뇌물 받고 부정행위를 하면 대통령이 사퇴하느냐?“고 했다.이미‘이재명의 장비(張飛)’로 언론에 버젓이 소개된 자신의 측근을‘눈 하나 깜짝 않고’부인해 버렸다.\n유 전 본부장이 어떤 사람인가. 2010년 성남시장 당선 때는 성남시설관리공단 기획본부장에, 2014년 성남시장 재선 때는 성남도시개발공사 기획본부장, 2018년 경기지사 당선 후 경기관광공사 사장에 중용한 측근 중의 측근 아닌가.그런 유 전 본부장에 대해 그는 심지어20일 국정감사에서 성남시설관리공단 기획본부장 임명 절차조차 기억 안 난다고 부인했다. 18일 국감 전“(유동규에게)정말 배신감을 느낀다“고 한 것에서 한걸음 더 나갔다.\n유동규 측근 논란과 함께 이 지사의 조직폭력배 변론도 다시 수면 위로 올랐다. “노무현 강의를 듣고 인권변호사의 길을 걸었다”는 이 지사가2008년 조폭을 변호해놓고“조폭인 줄 모르고 변론했다”고 변명한 사실이20일《문화일보》보도로 확인된 것이다.《문화일보》는 이 단독보도에서“당시 이 지사가 변호인 이름을 올린 판결문2건을 입수 분석했다”며“조폭인 줄 모르고 사건을 수임했다는 취지의 이 후보 해명과 다른 것으로 나타나 거짓말 논란이 제기된다”고 밝혔다.\n",
		"passage_Cnt": 752
	},
	"Annotation": {
		"summary1": "이 지사는 유 전 본부장이 체포되자 측근이 아니라며 언론에 버젓이 소개된 자신의 측근을 눈 하나 깜짝 않고 부인해 버렸다.",
		"summary2": "이 지사는 노 전 대통령과 달라도 너무 다른 것 같다. 지난1일 유 전 본부장이 체포된 다음 그는 아예“유동규는 측근이 아니다”라고 못을 박았다. 이미‘이재명의 장비(張飛)’로 언론에 버젓이 소개된 자신의 측근을‘눈 하나 깜짝 않고’부인해 버렸다.",
		"summary3": null,
		"summary_3_cnt": null
	}
}