{
	"Meta(Acqusition)": {
		"doc_id": "REPORT-edit-20023",
		"doc_category": "REPORT",
		"doc_type": "edit",
		"doc_name": "“중국의 위구르 정책은 제노사이드”",
		"author": null,
		"publisher": null,
		"publisher_year": null,
		"doc_origin": "월간조선"
	},
	"Meta(Refine)": {
		"passage_id": "REPORT-edit-20023-00002",
		"passage": " ― 집단수용소에서 무슨 일이 벌어지고 있기에 미국이 ‘제노사이드’라는 표현까지 사용한 것인가.\n “중국은 집단수용소를 직업훈련소처럼 세계에 선전하고 있다. 정반대다. 위구르 정체성(正體性)과 이슬람에 관한 모든 것을 잊고 거부하도록 만들기 위한 초대형 세뇌(洗腦)교육장에 불과하다. 알라를 부정하고 위구르의 역사·언어·문화를 잊은 ‘로봇’을 만들기 위한 공장이다. 중국 공산주의를 따르고 중국 문화의 우수성을 믿도록 강요받는 장소다.\n 더 나아가 집단수용소에서는 위구르인에 대한 유전자(遺傳子) 확보 작업이 진행되고 있다. 위구르인 개개인의 혈액형은 물론, DNA에서부터 외모·목소리 등에 대한 정보까지 체계적으로 채취해 관리한다. 위구르인 모두를 동물을 관리하듯 디지털화한다는 의미다. 이 과정에서 인간의 장기(臟器) 적출, 위구르 여성에 대한 성(性)폭행도 주기적으로 이뤄지고 있다. 위구르 여성과 남성에 대한 강제 불임(不姙)수술도 시행되고 있다.\n 일단 집단수용소에 들어가게 되면 외부와의 연결이 완전히 끊어진다. 구체적으로 어떤 일이 벌어지는지는 아무도 모른다. 분명한 것은 위구르인을 지도상에서 완전히 지우려는 목적하에서 상상할 수도 없는 동물적 만행이 300만명의 위구르인들에게 자행되고 있다는 점이다. 집단수용소는 그런 비인간적·반문명적 상황이 벌어지는 악(惡)의 소굴이다.” \n ― 집단수용소 바깥에서는 어떤 일이 벌어지고 있는가.\n",
		"passage_Cnt": 700
	},
	"Annotation": {
		"summary1": "중국은 집단수용소를 직업훈련소처럼 선전하고 있지만 위구르의 정체성을 거부하도록 만들기 위한 세뇌 교육장에 불과하다.",
		"summary2": "중국은 집단수용소를 직업훈련소처럼 세계에 선전하고 있다. 위구르 정체성(正體性)과 이슬람에 관한 모든 것을 잊고 거부하도록 만들기 위한 초대형 세뇌(洗腦)교육장에 불과하다.",
		"summary3": null,
		"summary_3_cnt": null
	}
}