{
	"Meta(Acqusition)": {
		"doc_id": "REPORT-edit-10343",
		"doc_category": "REPORT",
		"doc_type": "edit",
		"doc_name": "모사드, 전설적인 스파이 엘리 코헨의 유품인 오메가 시계 53년 만에 회수",
		"author": null,
		"publisher": null,
		"publisher_year": null,
		"doc_origin": "월간조선"
	},
	"Meta(Refine)": {
		"passage_id": "REPORT-edit-10343-00006",
		"passage": "아들의 맹세\n코헨은 죽기 전 감옥으로 찾아온 성직자에게 \"나는 아무에게도 빚진 것이 없다\"고 말했다. 하지만 그의 조국 이스라엘은 그에게 큰 빚을 졌다. 그리고 그 빚을 갚기 위해 온나라가 나섰다.\n코헨이 처형되자 이스라엘 전역에서는 그를 추모하는 시위와 행사가 열렸다. 텔아비브에서의 추도 시위는 코헨이 시리아로 파견될 당시의 총리였던 벤구리온이 앞장서서 이끌었다. 여러 도시에서 거리나 공원, 광장에 엘리 코헨의 이름이 붙었다.\n엘리 코헨의 아내 나디아에게 한 외국 기자가 \"국가로부터 충분한 보상을 받았느냐\"고 물은 적이 있다. 나디아는 엄숙한 얼굴로 대답했다.\n\"우리나라 정부는 전 세계의 다른 어떤 정부가 해주었다고 생각할 수 있는 이상의 일을 해주었습니다.\"\n이스라엘에서는 13세가 되면 성년식을 치른다. 1977년 합동성년식이 열렸다. 이 행사에는 국가를 위해 목숨을 바친 영웅들의 아들들이 초대됐다. 행사에는 베긴 총리를 비롯해 국방장관, 군참모총장 등이 참석했다.\n이 행사의 마지막을 장식한 것은 엘리 코헨의 아들 사울이었다. 생일보다 몇 달 앞당겨 특별히 행사에 초대받은 사울은 이렇게 말했다.\n\"나는 다른 모든 아이와 똑같아지고 싶었습니다. 나는 아버지가 영웅이 아니라 보통 사람이기를 바랐습니다. 그렇게 되면 그는 살아 있게 되고, 다른 아버지처럼 우리와 함께 살고, 내가 아는 아버지를 가지게 되었을 것입니다.\n나는 아버지의 생애와 아버지가 우리나라를 위해 하신 일에 대해 쓴 책을 모두 읽었습니다. 그러나 지금까지 나는 아버지에 대해 이야기하는 것을 망설였습니다. 왜냐하면 아버지의 이름이 나오면 역시 어머니의 마음을 아프게 해드리기 때문입니다.\n",
		"passage_Cnt": 824
	},
	"Annotation": {
		"summary1": "코헨이 처형되자 벤구리온이 앞장서서 그를 추모하는 시위를 이끌었고 여러 도시의 거리 등에 코헨의 이름이 붙었다.",
		"summary2": "코헨이 처형되자 이스라엘 전역에서는 그를 추모하는 시위와 행사가 열렸다. 텔아비브에서의 추도 시위는 코헨이 시리아로 파견될 당시의 총리였던 벤구리온이 앞장서서 이끌었다. 여러 도시에서 거리나 공원, 광장에 엘리 코헨의 이름이 붙었다.",
		"summary3": null,
		"summary_3_cnt": null
	}
}