{
	"Meta(Acqusition)": {
		"doc_id": "REPORT-edit-00049",
		"doc_category": "REPORT",
		"doc_type": "edit",
		"doc_name": "【서봉대의 ‘되짚기’】나이에 울고 웃는 정치인들...낮추거나 올리기도",
		"author": null,
		"publisher": null,
		"publisher_year": null,
		"doc_origin": "월간조선"
	},
	"Meta(Refine)": {
		"passage_id": "REPORT-edit-00049-00001",
		"passage": "연예계에서만 그런 게 아니었다. 정치판에서도 나이는 경쟁력과 직결될 정도로 예민한 것이었다. 정치인들은 나이때문에 궁지로 몰리기도 했고, 주목받기도 했다. 나이에는 이들의 애환이 서려있었다.\n# YS(김영삼)에게 따라붙는 ‘역대 최연소 국회의원’ 기록에는 사연이 있다고 한다.\n국회의원(당시엔 민의원) 첫 출마 당시 연령제한에 걸리자 호적상 나이를 올렸다는 것.\n장택상 총리의 비서관을 지냈던 그는 1954년 민의원 선거 때 자유당 공천으로 고향인 거제에 출마, 첫 당선됐고 당시 후보홍보물에 기록된 나이는 26세였다. 선거출마 제한연령(25세)을 가까스로 넘겨 최연소 국회의원이 됐고 그 기록은 아직도 깨지지 않고 있다.\n하지만 실제 나이는 이보다 두 살 적었다고 한다. 호적상 24세에 불과, 출마 자체가 불가능했다. 부친도 당초엔 출마를 만류했으나 출마의지가 강했던 아들 YS를 위해 면사무소를 찾아가 호적상 출생연도를 2년 늦췄던 것. 나이를 변경한 덕에 최연소 당선자 타이틀을 차지하며 이름을 날렸던 셈이다.\n호적 나이를 고치지않았다면 YS는 당시 선거에 출마할 수 없었고, 부산으로 지역구를 옮겨 재선 의원으로 당선됐던 1960년 민의원 선거때가 첫 출마 였을 수 있다. 이때를 기준으로 할 경우 첫 출마 나이는 30세였다. 당시 선거때 전북 진안에 출마, 첫 당선됐던 전휴상 후보가 26세였다는 점에서 최연소 의원 기록은 그에게 돌아가야 했다.\n",
		"passage_Cnt": 704
	},
	"Annotation": {
		"summary1": "YS는 호적 나이를 변경한 덕에 최연소 당선자 타이틀을 차지했는데 나이를 고치지 않았다면 1960년 선거가 첫 출마였을 수 있으며 이 경우 그의 첫 출마 나이는 30세이다.",
		"summary2": "호적 나이를 고치지않았다면 YS는 당시 선거에 출마할 수 없었고, 부산으로 지역구를 옮겨 재선 의원으로 당선됐던 1960년 민의원 선거때가 첫 출마 였을 수 있다. 나이를 변경한 덕에 최연소 당선자 타이틀을 차지하며 이름을 날렸던 셈이다. 이때를 기준으로 할 경우 첫 출마 나이는 30세였다.",
		"summary3": null,
		"summary_3_cnt": null
	}
}