{
	"Meta(Acqusition)": {
		"doc_id": "REPORT-edit-00072",
		"doc_category": "REPORT",
		"doc_type": "edit",
		"doc_name": "【서봉대의 ‘되짚기’】 야권통합 방식? 答은 정해져 있다",
		"author": null,
		"publisher": null,
		"publisher_year": null,
		"doc_origin": "월간조선"
	},
	"Meta(Refine)": {
		"passage_id": "REPORT-edit-00072-00002",
		"passage": "# 1997년에는 대선을 불과 1개월 앞두고 신한국당과 민주당이 합당했다.\n조순 총재가 이끈 민주당은 의원 15명중 일부가 합당에 반발해 탈당하는 진통속에도 과반수 의석의 거대 여당 신한국당과 합치면서 ‘신설 합당 ’합의를 이끌어냈다.\n합의후 한나라당을 창당하는 데는 10여일밖에 걸리지 않았으며 대선후보였던 신한국당 이회창 총재는 명예총재, 민주당 조순 총재는 총재가 됐다.\n이회창 후보로서는 아들 병역비리 의혹에다 탈당한 이인제 후보의 독자출마 등 잇단 악재들로 지지율이 3위로 밀려난 위기상황을 타개하는 게 시급한 처지였다.\n이 후보는 민주당을 통해 야권 지지기반을 공략함으로써 세 확산이 가능하다고 판단했을 것이다. 조순 총재와 함께 김대중 후보의 DJP연대를 겨냥, 3김정치 청산을 부각시키기도 했다.\n이같은 전략이 주효, 이 후보 지지율은 상승세를 거듭해 이인제 후보를 제치고 DJ 와 접전을 벌였다.\n# 2012 년 대선을 앞두고 성사된 합당은 이전과 다른 방식이었다. 새누리당과 잇따라 통합한 미래희망연대(친박연대 후신)와 선진통일당은 창당이 아닌 ‘흡수’합당의 대상이 됐다.\n친박 인사들을 주축으로 한 미래희망연대의 경우, 당소속 지역구 의원들이 앞서 새누리당에 입당했고 비례대표의원 8명이 뒤따라가는 모양새였던 만큼 흡수방식으로 가닥잡았을 것이다. 박근혜 전 대통령이 당내 유력후보였던 만큼 경선 지원을 위해서도 서둘러 통합해야 할 입장이었다.\n",
		"passage_Cnt": 707
	},
	"Annotation": {
		"summary1": "조 총재가 이끈 민주당은 과반수 의석의 거대 여당 신한국당과 합치면서 신설 합당 합의를 이끌어냈는데 합의 후 한나라당을 창당하는 데 10여일밖에 걸리지 않았다.",
		"summary2": "조순 총재가 이끈 민주당은 의원 15명중 일부가 합당에 반발해 탈당하는 진통속에도 과반수 의석의 거대 여당 신한국당과 합치면서 ‘신설 합당 ’합의를 이끌어냈다. 합의후 한나라당을 창당하는 데는 10여일밖에 걸리지 않았으며 대선후보였던 신한국당 이회창 총재는 명예총재, 민주당 조순 총재는 총재가 됐다.",
		"summary3": null,
		"summary_3_cnt": null
	}
}