{
	"Meta(Acqusition)": {
		"doc_id": "REPORT-edit-20058",
		"doc_category": "REPORT",
		"doc_type": "edit",
		"doc_name": "쇄국 외교의 한국, 글로벌 플레이어 일본",
		"author": null,
		"publisher": null,
		"publisher_year": null,
		"doc_origin": "월간조선"
	},
	"Meta(Refine)": {
		"passage_id": "REPORT-edit-20058-00005",
		"passage": " 한국이 일본의 수출 규제 문제에 올인(all in)하는 동안, 일본은 한반도를 넘어선 글로벌 차원으로 대응하고 있다. 그 같은 변화를 알지도 못하고, 알려고 하지도 않는 곳이 한국이다. 7월 초 들려온 ‘나쁜 볼턴, 추한 아베, 괜찮은 트럼프’란 말은 그 같은 증거 중 하나다. 언제부턴가 북쪽 이웃의 대변인처럼 활동하고 있는 대통령 통일외교안보특보가 발원지다. 존 볼턴 회고록 《그 일이 벌어진 방(The Room Where It Happened)》을 읽고 난 뒤의 소감이라고 한다. 1966년 클린트 이스트우드 주연의 서부영화 〈착한 놈, 나쁜 놈, 추한 놈(The Good, the Bad and the Ugly)〉에서 가져온 패러디인 듯하다.\n 그러나 통일외교안보특보의 소감은 책 속 한반도 문제 핵심 주인공이 누구인지 헷갈리게 만드는 음치(音癡) 소감으로 비친다. 굳이 영화에서처럼 3개의 영역으로 나눈다면, ‘트럼프, 김정은, 문재인’이 주인공이다. ‘나쁘고, 추하고, 착한’ 평가의 영역에 들어갈 세 사람이다. 그러나 통일외교안보특보는 정작 김정은·문재인은 쏙 빼고, 무대 밖 인물들을 전면에 내세우면서 비판한다. 클린트 이스트우드 영화 타이틀처럼 만든다고 할 때, 김정은·문재인에 어울리는 수식어는 무엇일까? 평범한 한국인이라면, ‘나쁘고, 추하고, 착한’이라는 형용사만이 아니라 또 다른 ‘험악한’ 수식어들도 수없이 떠올릴 수 있을 것이다.\n",
		"passage_Cnt": 705
	},
	"Annotation": {
		"summary1": "한국은 일본이 글로벌 차원으로 대응하는 변화를 알려고 하지도 않고 알지도 못한다.",
		"summary2": "한국이 일본의 수출 규제 문제에 올인(all in)하는 동안, 일본은 한반도를 넘어선 글로벌 차원으로 대응하고 있다. 그 같은 변화를 알지도 못하고, 알려고 하지도 않는 곳이 한국이다.",
		"summary3": null,
		"summary_3_cnt": null
	}
}