{
	"Meta(Acqusition)": {
		"doc_id": "REPORT-edit-20006",
		"doc_category": "REPORT",
		"doc_type": "edit",
		"doc_name": "‘외계인이 인종 개량을 위해 납치!’",
		"author": null,
		"publisher": null,
		"publisher_year": null,
		"doc_origin": "월간조선"
	},
	"Meta(Refine)": {
		"passage_id": "REPORT-edit-20006-00007",
		"passage": " ― 외계인들이 하이브리드 아기를 만들고 있다고 생각하는 이유는 뭔가.\n “이들은 내게 작은 아기 한 명을 보여줬다. 꿈을 꾸고 있는 것 같은 상황이었기 때문에 이를 증명할 수는 없지만 하이브리드 아기를 봤다. 내 정자(精子)를 채취해갔던 것 같은 느낌이 들었다. 이날 사건으로 내 인생은 완전히 바뀌게 됐다. 나는 이 문제가 우리 시대의 가장 큰 미스터리라고 생각한다. 어느 누구도 이에 대한 답을 갖고 있지 않다.”\n 그는 인터뷰가 끝난 뒤 내게 일기(日記)에 썼던 글을 하나 보내줬다. 그는 1985년, 즉 납치를 경험하기 2년 전 어느 날 이상한 꿈을 꾼 뒤 이를 일기장에 적었다. 당시에는 그냥 이상한 꿈을 꿨다고 생각했으나 납치를 경험하고 UFO를 연구하다 보니 꿈이 무엇을 의미하는지 알 것 같다고 했다. 납치 경험을 1987년에 한 번만 한 것이 아니라 여러 차례에 걸쳐 겪은 것 같다고 했다. 그가 보내준 일기장에 적힌 내용이다.\n 〈나는 유람선에 있었다. 사람들이 춤을 추는 쇼를 보고 있었다. 금발 머리의 여성도 나와 함께 관람하고 있었는데 그녀의 얼굴이 계속 바뀌었다. 총 세 번 정도 바뀌었는데 매번 다른 여성의 모습을 하고 있었다. 우리 둘은 점점 더 친밀한 사이가 됐다. 이후 나는 대학교 기숙사 같은 곳으로 가게 됐다. 이 여성은 내게 그녀의 아기를 봐달라고 했다. 이 아기는 약 한 살쯤 됐는데 여느 아이들처럼 귀여웠다. 나는 아기와 함께 차를 타고 가기 시작했다. 유람선 출구로 나가고 있었다. 그런 뒤 다시 배로 돌아와 아기 엄마에게 돌려줬다. 아기는 내게 말을 하기 시작했는데 차를 태워줘서 고맙다고 했다. 무언가 나와 연결돼 있다는 느낌을 받았다.〉\n",
		"passage_Cnt": 833
	},
	"Annotation": {
		"summary1": "외계인들이 하이브리드 아기를 만들고 있다고 생각하는 이유가 무엇인지 묻는 질문에 증명할 수는 없지만 정자를 채취해갔던 것 같은 느낌이 들었다고 답했다.",
		"summary2": "― 외계인들이 하이브리드 아기를 만들고 있다고 생각하는 이유는 뭔가. 꿈을 꾸고 있는 것 같은 상황이었기 때문에 이를 증명할 수는 없지만 하이브리드 아기를 봤다. 내 정자(精子)를 채취해갔던 것 같은 느낌이 들었다.",
		"summary3": null,
		"summary_3_cnt": null
	}
}