{
	"Meta(Acqusition)": {
		"doc_id": "REPORT-edit-20057",
		"doc_category": "REPORT",
		"doc_type": "edit",
		"doc_name": "-하노이에서 김정은은 애원하며 매달렸다",
		"author": null,
		"publisher": null,
		"publisher_year": null,
		"doc_origin": "월간조선"
	},
	"Meta(Refine)": {
		"passage_id": "REPORT-edit-20057-00003",
		"passage": " 회고록에서 볼턴은 자신의 싱가포르 회담 사보타주 공작을 솔직하게 적고 있다. 그는 북한의 비핵화는 리비아 모델을 참고해야 한다고 말했는데, 이는 핵개발 포기 후 ‘아랍의 봄’ 사태를 만나 군중에게 맞아 죽은 카다피를 연상시켜 북한 정권의 신경질적인 반발을 샀다. 볼턴은 이 책에서 그런 뜻이 아니었다고 변명하지만 다분히 의도적이었던 것 같다. 싱가포르 준비 회담에 북한 측이 나타나지 않고 욕설을 계속하자 볼턴은 트럼프를 설득, 회담을 취소시키는 데 성공한다. 이때가 함정에서 벗어날 수 있는 찬스였지만 일생일대의 쇼를 놓친 데 대한 트럼프의 아쉬움에 김계관 외무성 제1부상(副相·차관)의 성명서가 파고들었다. 5월 25일 조선중앙통신사를 통해 발표된 이 글은 외교적 명문(名文)이다.\n 〈24일 미합중국 트럼프 대통령이 불현듯 이미 기정사실화되여 있던 조미수뇌 상봉을 취소하겠다는 공식립장을 발표하였다. 트럼프 대통령은 그 리유에 대하여 우리 외무성 최선희 부상의 담화 내용에 《커다란 분노와 로골적인 적대감》이 담겨져 있기 때문이라고 하면서 오래전부터 계획되여 있던 귀중한 만남을 가지는 것이 현시점에서는 적절치 않다고 밝히였다. 트럼프 대통령이 거론한 《커다란 분노와 로골적인 적대감》이라는 것은 사실 조미수뇌 상봉을 앞두고 일방적인 핵폐기를 압박해온 미국 측의 지나친 언행이 불러온 반발에 지나지 않는다. 력사적인 조미수뇌 상봉에 대하여 말한다면 우리는 트럼프 대통령이 지난 시기 그 어느 대통령도 내리지 못한 용단을 내리고 수뇌 상봉이라는 중대사변을 만들기 위해 노력한 데 대하여 의연 내심 높이 평가하여왔다.\n",
		"passage_Cnt": 796
	},
	"Annotation": {
		"summary1": "볼턴이 회고록에서 북한의 비핵화는 리비아 모델을 참고해야 한다고 말한 것이 북한 정권의 반발을 사자 그런 뜻이 아니었다고 변명했다. ",
		"summary2": "회고록에서 볼턴은 자신의 싱가포르 회담 사보타주 공작을 솔직하게 적고 있다. 그는 북한의 비핵화는 리비아 모델을 참고해야 한다고 말했는데, 이는 핵개발 포기 후 ‘아랍의 봄’ 사태를 만나 군중에게 맞아 죽은 카다피를 연상시켜 북한 정권의 신경질적인 반발을 샀다. 볼턴은 이 책에서 그런 뜻이 아니었다고 변명하지만 다분히 의도적이었던 것 같다.",
		"summary3": null,
		"summary_3_cnt": null
	}
}