{
	"Meta(Acqusition)": {
		"doc_id": "REPORT-edit-00015",
		"doc_category": "REPORT",
		"doc_type": "edit",
		"doc_name": "【이상곤의 ‘흐름’】 예능 ‘집사부일체’로 본 윤석열과 이재명...“그들은 너무 달랐다”",
		"author": null,
		"publisher": null,
		"publisher_year": null,
		"doc_origin": "월간조선"
	},
	"Meta(Refine)": {
		"passage_id": "REPORT-edit-00015-00002",
		"passage": "윤 후보‘트레이드마크’인 공정과 상식,원칙이 이 대목에서 거론되는 것은 당연했다.그는“권력에 대한 수사는 선택의 여지가 없다.국민들이 보고 있기 때문에 무조건 원칙대로 하는 것이다.권력 수사는 원칙 수사”라고 말했다.그는 결국 지난3월 검찰총장직에서 물러났다.그는“임기2년은 국민과의 약속이지만 더 이상 자리에 있는 것은 굴욕이었다”고 말했다.윤석열의 야당 대선후보로의 변신은 이렇게 이뤄졌다.\n이재명 편은 뼈저린 가난에서 인생역전을 이룬‘이재명의 성공스토리’에 방점이 찍혔다.시장에서 청소 일을 하던 부친,아버지가 가져온 버려지기 직전의 과일,돈이 없어 중학교에 못가고‘소년공’이 된 사연.이 모든 가난이 그의 성공 스토리 원동력이 됐다.그는 전국3500등 안에 들면 장학금을 받을 수 있다는 말에 대입 검정고시를 거쳐 학력고사를 치러 대학에서20만원 장학금을 받았다.첫 성공경험으로 입이 쩍 벌어질 정도로 기뻤단다.당시 공장 월급이7만원,학원비가7000원~1만원이었다니 소년 이재명의 첫 성공체험이었음이 분명하다.\n그의 성공의 정점은 성남시장 당선과 경기지사 당선일 것이다. “장차 대성(大成)할 것”이라는 어머니가 전해준‘점쟁이’말을 믿고 한달음 달려왔다는 그는 이 과정을 거치면서 어느 새 주류 기득권 세력의 대표 주자가 됐다.지난2017년 성남시장 시절 문재인 대통령과 대선후보 경쟁을 벌인 것은 그에게 가장 큰 성공 모멘텀이었다.그는“수업료(?)도 엄청났지만 사실 후회했다”고 말했다.하지만 그는 곧 여당의 대선후보가 될 순간에 와 있다.그는“스스로 어느 날 이 자리에 와 있더라.어쩔 수 없었다.피할 수 없는 운명이었고 운명으로 알고 있다”고 말했다.비주류 이재명의 주류 선언은 이렇게 운명적으로 이뤄졌다.\n",
		"passage_Cnt": 851
	},
	"Annotation": {
		"summary1": "윤 후보는 권력에 대한 수사는 선택의 여지가 없다며 검찰총장직에서 물러났다.",
		"summary2": "윤 후보‘트레이드마크’인 공정과 상식,원칙이 이 대목에서 거론되는 것은 당연했다. 그는“권력에 대한 수사는 선택의 여지가 없다.국민들이 보고 있기 때문에 무조건 원칙대로 하는 것이다.권력 수사는 원칙 수사”라고 말했다. 그는 결국 지난3월 검찰총장직에서 물러났다.",
		"summary3": null,
		"summary_3_cnt": null
	}
}