{
	"Meta(Acqusition)": {
		"doc_id": "REPORT-edit-00044",
		"doc_category": "REPORT",
		"doc_type": "edit",
		"doc_name": "【서봉대의 ‘되짚기’】 대선 폭로전은 ‘진실게임’ 아니다... 의혹에 어떻게 대응할지가 관건",
		"author": null,
		"publisher": null,
		"publisher_year": null,
		"doc_origin": "월간조선"
	},
	"Meta(Refine)": {
		"passage_id": "REPORT-edit-00044-00002",
		"passage": "아들 병역의혹은2002년 대선에서 또 터졌다.이 후보의 대세론이1997년 당시보다 더욱 견고했을 때였다.군병원 부사관 출신의 김대업이 한나라당 의원들과 병무청 간부 간에 이 후보 아들의 병역비리 의혹을 은폐하기 위한 대책회의가 열렸다는 의혹을 폭로했고,여론지지율은 폭락했다.\n그러나 이 후보 측이5년 전과 달리 적극적인 대응에 나섰고 여론 지지율을 어느 정도 만회할 수 있었으나,일반 국민들의 의혹을 불식시키는 데는 한계가 있었다.투표일 한 달을 앞두고 노무현-정몽준 후보단일화에 밀리다 접전 끝에 패했다.\n이 후보 아들 병역비리의혹은 나중에 대법원 판결을 통해 허위임이 드러났으나 대선을 치른 지3년이나 지난 때였다.두 차례 대선 모두에서 유력 후보로 꼽혔던 이 후보로선 억울했을 것이다.\n2017년 대선에서도 마찬가지였다.안철수 국민의당 후보를 겨냥, ‘MB(이명박 전 대통령)아바타’로 공격한 인터넷 댓글이 판세를 흔들었다.선거전 막판까지 안 후보는 더불어민주당 문재인 후보와 양강 구도를 형성했으나 이 문제가 부각되면서 지지율 하락세로 돌아섰고 문 후보와 맞섰던 호남권에서도 곤두박질쳤던 것.개표결과 홍준표 자유한국당 후보에게도 밀린3위로 뒤쳐졌다.\n하지만 문재인 정부 출범 후‘MB아바타’라고 인터넷 댓글로 공격했던 실체가 드러났다.민주당 권리당원3명이 주축이었던‘드루킹 댓글조작 사건’이다.하루 수백 건씩 댓글을 올려 여론을 조작했다는 것이다. ‘MB아바타’란 프레임에서는 벗어나게 됐으나 대선은 이미 끝나버린 상황이었다.\n",
		"passage_Cnt": 747
	},
	"Annotation": {
		"summary1": "2017년 대선에서 안 후보를 MB아바타로 공격한 드루킹 댓글조작 사건은 민주당 권리당원 3명이 주축이었다.",
		"summary2": "2017년 대선에서도 마찬가지였다. 안철수 국민의당 후보를 겨냥, ‘MB(이명박 전 대통령)아바타’로 공격한 인터넷 댓글이 판세를 흔들었다. 민주당 권리당원3명이 주축이었던‘드루킹 댓글조작 사건’이다.",
		"summary3": null,
		"summary_3_cnt": null
	}
}