{
	"Meta(Acqusition)": {
		"doc_id": "REPORT-edit-20002",
		"doc_category": "REPORT",
		"doc_type": "edit",
		"doc_name": "박유미, 김유미, 그리고 유미 호건",
		"author": null,
		"publisher": null,
		"publisher_year": null,
		"doc_origin": "월간조선"
	},
	"Meta(Refine)": {
		"passage_id": "REPORT-edit-20002-00005",
		"passage": " 래리 호건의 주요 업적으로는 경제성장이 꼽힌다. 무엇보다 소기업 활성화에 주력했다. ‘비즈니스에 개방된 메릴랜드’라는 기치를 내걸었다. 경제성장에 걸림돌이 되는 불필요한 규제들은 완화, 폐지했다.\n 유미 여사는 남편의 ‘빈 곳’을 조용히 채워나갔다. 이민자, 싱글 맘, 홈리스, 가정폭력 피해자들을 찾아다녔고, 손을 잡아줬다. 본격적인 기지는 코로나19 때 발휘됐다. 2020년 3월. 메릴랜드주에 첫 확진자가 발생했다. 사흘 만에 그 수는 급속히 늘었다. 진단 키트가 필요한데, 미국 내에는 부족했다. 연방정부와의 조율도 녹록지 않았다. 유미 여사는 한국의 진단 키트를 살펴보기로 했다. 메릴랜드주 코로나19 대응팀과 정보를 공유하는 동시에 한국 정부 핵심 인사와 연락을 타진했다. 그 과정은 ‘작전’을 방불케 했다. 그 결과 22일 만인 3월 말 전세기를 띄워 50만 회 검사 분량의 한국산 진단 키트를 공수할 수 있었다. 래리 호건은 “아내가 이번 작전의 챔피언”이라고 했다.\n 팬데믹 상황에서 호건 주지사의 결단력도 빛을 발했다. 첫 감염자가 나오자 빠르게 비상사태를 선포했다. 늑장 대응으로 질타받던 트럼프 전 대통령과는 달랐다. 휴교령, 식당·술집·영화관 등 폐쇄, 50명 이상 모임 금지 등의 조치를 잇달아 시행했다. 자택 대피령을 내리며 “더는 집에 머물라고 요청하거나 권고하지 않는다. 이제부턴 명령이다”라고 경고한 뒤, 고의로 위반하는 사람은 1년 이하 징역형이나 5000달러 이하 벌금형에 처하겠다고도 했다. 그때 《뉴욕타임스》는 “그의 발 빠른 조치에 메릴랜드주의 일부 민주당원마저도 지지 의사를 표했다”고 보도했다. 실제로 당시 민주당 지지자의 70%가 “그의 초당(超黨)적 주정(州政) 운영을 지지한다”고 했다.\n",
		"passage_Cnt": 862
	},
	"Annotation": {
		"summary1": "래리 호건은 소기업 활성화에 주력해 경제성장에 걸림돌이 되는 불필요한 규제들을 완화, 폐지했다.",
		"summary2": "래리 호건의 주요 업적으로는 경제성장이 꼽힌다. 무엇보다 소기업 활성화에 주력했다. 경제성장에 걸림돌이 되는 불필요한 규제들은 완화, 폐지했다.",
		"summary3": null,
		"summary_3_cnt": null
	}
}