{
	"Meta(Acqusition)": {
		"doc_id": "REPORT-edit-00069",
		"doc_category": "REPORT",
		"doc_type": "edit",
		"doc_name": "【이상곤의 ‘흐름’】 오세훈, 박형준 청와대 회동도 결국 문재인의 ‘쇼통’(?)",
		"author": null,
		"publisher": null,
		"publisher_year": null,
		"doc_origin": "월간조선"
	},
	"Meta(Refine)": {
		"passage_id": "REPORT-edit-00069-00002",
		"passage": "그렇게 ‘불통 대통령’으로 각인됐던 문 대통령이 갑자기 소통하는 대통령으로 변신했다. 문 대통령이 21일 이번에 보궐선거로 당선된 오세훈 서울시장, 박형준 부산시장과 청와대에서 오찬회동을 한 것이다. 이번에 바뀐 청와대 참모들의 건의와 중재가 주효했겠지만 문 대통령의 성격상 이례적인 회동이 아닐 수 없다.\n그만치 4.7 보궐선거 참패가 뼈아팠던 모양이다. 선거를 앞두고 수십조에 달하는 코로나 재난지원금과 재난위로금을 언급하며 진두지휘하고 당정과 혼연일체가 돼 가덕도 신공항을 밀어붙였으나 선거는 압도적인 표차로 패배했다. 곧바로 대통령 지지율도 곤두박질을 쳐 30%대 초반으로 하락했다. 본격적인 레임덕이 시작됐고 이대로 가다가는 내년 대선 정권 재창출도 기약이 어렵다. 내심 절치부심하며 반전의 기회를 노렸던 모양이다.\n그래서 나온 것이 야당 당선자들과의 청와대 회동이었다. 하지만 ‘소통’도 해본 사람이 한다고, 4년 내내 야당과의 협치는 ‘말로만’(?) 했던 대통령이 야당 지방자치단체장을 얼마나 대우했을까. 당연히 ‘소통‘보다는 불통의 이미지만 더 키웠다.\n두 시장이 전한 내용은 이런 관측을 뒷받침했다. 알려진 바에 따르면 오 시장은 재건축 규제 완화를, 박 시장은 박근혜, 이명박 전 대통령의 사면복권을 건의했다고 한다. 하지만 재건축 문제는 ‘멀쩡한 아파트’ ‘낭비’라며 반대하고, 두 전직 대통령 사면도 “국민 공감” 운운하며 어물쩍 넘어갔다. 두 시장이 기모란 청와대 방역기획관의 전문성을 문제 삼는 대목에서는 “유명희 통상교섭본부장 남편은 야당 의원이고, 김부겸 총리 후보 처남은 이영훈 교수(책 반일종족주의 저자)”라며 기 기획관 남편이 여당 출신이라는 것도 문제가 없다고 했다. 기 기획관과 남편은 같은 여권인데 특유의 동문서답으로 얼버무린 것이다.\n",
		"passage_Cnt": 882
	},
	"Annotation": {
		"summary1": "문 대통령이 오 서울시장, 박 부산시장과 청와대에서 오찬 회동을 한 것은 청와대 참모들의 건의와 중재가 주효했겠지만 문 대통령의 성격상 이례적인 회동이다.",
		"summary2": "문 대통령이 21일 이번에 보궐선거로 당선된 오세훈 서울시장, 박형준 부산시장과 청와대에서 오찬회동을 한 것이다. 이번에 바뀐 청와대 참모들의 건의와 중재가 주효했겠지만 문 대통령의 성격상 이례적인 회동이 아닐 수 없다.",
		"summary3": null,
		"summary_3_cnt": null
	}
}