{
	"Meta(Acqusition)": {
		"doc_id": "REPORT-edit-20007",
		"doc_category": "REPORT",
		"doc_type": "edit",
		"doc_name": "코로나와 같이 살기로 작심한 유럽 종횡무진 45일간 여행기!",
		"author": null,
		"publisher": null,
		"publisher_year": null,
		"doc_origin": "월간조선"
	},
	"Meta(Refine)": {
		"passage_id": "REPORT-edit-20007-00007",
		"passage": " 파리는 다 좋은데 소매치기가 많고 택시가 문제다. 파리 북역에 내릴 때부터 긴장 상태로 들어간다. 승객들의 앞을 경찰이 막고 예방접종증명서 검사를 하기 시작했다. 한국에서 발급한 증명서엔 바코드가 없어 서류의 영문(英文)을 보여주면서 설명하니 통과시켜주었다. 네덜란드와 달리 프랑스에선 앵발리드(군사박물관), 팡테옹 등에 들어갈 때 접종증명서를 보여야 했다. 15일 뒤 스당에 갔을 때는 식당에서도 검사를 했다.\n 올해는 나폴레옹이 세인트헬레나섬에서 죽은 지 200주년이 되는데, 나는 브뤼셀 근교의 워털루를 다녀온 연장선상에서 그의 유해가 안치된 앵발리드를 찾았다. 200주년 전시가 진행 중이었다. 나폴레옹의 유해는 죽은 지 19년이 지난 1840년 파리로 돌아왔고, 그 21년 뒤 앵발리드의 돔 교회에 안치되었다. 인물의 크기에 맞는 장엄한 석관과 회랑을 돌면서 히틀러를 생각했다.\n 미술가를 꿈꾸던 그는 빈에서 노숙자 생활을 하면서 미술대학에 두 번 입학시험을 쳤으나 낙방한다. 그때 합격시켜주었더라면 역사가 바뀌었을 수도 있다. 제2차 세계대전이나 유대인 학살은 필연적인 사건이 아니라 히틀러의 개인적 야망과 편견에서 비롯된 면이 훨씬 크다. 아르덴 돌파전으로 세계 최강으로 평가받던 프랑스군의 항복을 6주 만에 받아낸 직후, 1940년 6월 28일 새벽에 그는 알베르트 슈페르(건축가, 뒤에 군수장관) 등 건축 전문가들을 데리고 비행기로 파리 근교에 도착해서 3시간 파리 관광을 하고 돌아갔다.\n",
		"passage_Cnt": 732
	},
	"Annotation": {
		"summary1": "파리 북역에 내리자 경찰이 승객들의 앞을 막고 예방접종 증명서 검사를 하기 시작했고 한국에서 발급한 증명서의 영문 서류를 보여주며 설명하니 통과시켜줬다.",
		"summary2": "파리 북역에 내릴 때부터 긴장 상태로 들어간다. 승객들의 앞을 경찰이 막고 예방접종증명서 검사를 하기 시작했다. 한국에서 발급한 증명서엔 바코드가 없어 서류의 영문(英文)을 보여주면서 설명하니 통과시켜주었다.",
		"summary3": null,
		"summary_3_cnt": null
	}
}