{
	"Meta(Acqusition)": {
		"doc_id": "REPORT-edit-10061",
		"doc_category": "REPORT",
		"doc_type": "edit",
		"doc_name": "대선 패배 후 ‘트럼프 일가’에 다가오는 암운(暗雲)",
		"author": null,
		"publisher": null,
		"publisher_year": null,
		"doc_origin": "월간조선"
	},
	"Meta(Refine)": {
		"passage_id": "REPORT-edit-10061-00001",
		"passage": "도널드 트럼프 미국 대통령의 장남인 트럼프 주니어가 20일(현지 기준) 저녁 신종 코로나바이러스 감염증(코로나19) 양성 판정을 받고 자가 격리에 들어갔다는 보도가 나왔다.\n미국 블룸버그와 CNBC 방송 보도에 따르면, 트럼프 주니어 측은 그가 이번 주 초 코로나19에 감염됐으며 증상은 없는 상태라 밝혔다.\n트럼프 대통령 일가에서 코로나19에 걸린 사람은 트럼프 대통령과 트럼프 주니어까지 총 네 명이다. 지난 10월 트럼프 대통령이 코로나19에 걸렸으며, 부인 멜라니아 여사와 막내아들 배런도 잇따라 양성 판정을 받았다.\n트럼프 대통령의 개인 변호사 루디 줄리아니의 아들이자 백악관 참모인 앤드루가 코로나19에 감염된 사실이 보도됐다. CNBC 방송은 최근 몇 달간 코로나19에 걸린 백악관 관계자가 최소 45명에 이른다고 덧붙였다.\n트럼프그룹이 재무적 타격을 받을지 모른다는 보도도 나왔다. 월스트리트저널(WSJ)은 같은 날 트럼프그룹의 사업 파트너인 '보나도 리얼티'가 샌프란시스코와 뉴욕의 오피스 빌딩 2개 매각 절차를 보류했다고 현지 브로커 등을 인용해 보도했다. 해당 오피스 빌딩들은 보나도와 트럼프그룹이 공동 소유한 건물이다.\n보도에 따르면 보나도는 2개 빌딩을 50억 달러(5조5850억원)에 팔기를 원하지만, 비슷한 가격을 제시하는 구매 희망자가 없는 것으로 전해졌다. 만약 50억 달러에 매도한다면, 2개 빌딩의 30% 지분을 소유한 트럼프그룹은 15억 달러(1조 6755억원)를 받을 수 있다.\n",
		"passage_Cnt": 737
	},
	"Annotation": {
		"summary1": "트럼프 대통령 일가에서 코로나19에 걸린 사람은 트럼프 대통령과 트럼프 주니어와 멜라니 여사와 배런까지 총 네 명이다.",
		"summary2": "트럼프 대통령 일가에서 코로나19에 걸린 사람은 트럼프 대통령과 트럼프 주니어까지 총 네 명이다. 지난 10월 트럼프 대통령이 코로나19에 걸렸으며, 부인 멜라니아 여사와 막내아들 배런도 잇따라 양성 판정을 받았다.",
		"summary3": null,
		"summary_3_cnt": null
	}
}