{
	"Meta(Acqusition)": {
		"doc_id": "REPORT-edit-20050",
		"doc_category": "REPORT",
		"doc_type": "edit",
		"doc_name": "“민주주의적 가치관보다 同族 개념 우선하는 건 위험”",
		"author": null,
		"publisher": null,
		"publisher_year": null,
		"doc_origin": "월간조선"
	},
	"Meta(Refine)": {
		"passage_id": "REPORT-edit-20050-00008",
		"passage": " ― 그래도 통일된 지 불과 15년 만에 동독 출신 앙겔라 메르켈이 총리가 되어 15년이나 집권하고 있는 것은 대단한 일 아니겠습니까.\n “그건 그 사람 능력이겠지요.”\n 이렇게 말하는 박 교수의 말투에서는 마뜩잖아하는 기색이 느껴졌다.\n “독일에는 연방의원, 주정부 총리, 연방장관, 정당 지도부 등 총리가 되려면 밟아야 하는 일정한 코스가 있습니다. 메르켈 총리는 상당히 우연에 힘입어 총리까지 올라갔습니다. 동독 시절에는 베를린의 물리화학연구소에서 일했다고 하는데, 근래 스위스의 유튜브 등을 보면 그 시절 행적이 불투명하다는 얘기들이 있어요. 통일 직후 콜이 내각에 동독 출신 여성 각료가 있으면 좋겠다는 생각에서 당시 37세던 메르켈을 여성청소년부 장관으로 발탁해준 덕분에 정치적으로 크기 시작했죠. 1999년 콜 총리의 정치자금 스캔들로 콜 총재와 볼프강 쇼이블레(현 하원의장) 등 상사(上司)들이 낙마(落馬)하자 동독 체제하에서 배운 정치적 술책으로 당권(黨權)을 장악하고, 총리 자리까지 오른 거죠.”\n ― 메르켈 총리를 별로 좋게 보지 않는 것 같습니다.\n “메르켈 총리는 동독이라는 비(非)경쟁 사회에서 성장해서 그런지 독일 정당 내에서의 경쟁, 정당 간의 경쟁이라는 걸 잘 몰라요. 당내에서도 경쟁자가 될 만한 사람을 키우지 않아요.\n 유럽연합이나 미국과의 관계는 잘 하고 있고, 유럽 재정위기를 잘 넘겼다고 하지만, 독일 경제에 대해서도 잘 모릅니다. 독일의 경제침체에 대한 책임이 메르켈 총리에게 있다고 보는 사람도 있습니다. 독일은 제2차 산업혁명 시대의 산업인 자동차·기계·부품·제약 등에서는 여전히 경쟁력을 인정받고 있지만, 제4차 산업혁명, 즉 디지털화·인공지능(AI)·브로드밴드 등의 분야에서는 한국보다도 뒤처져 있어요. 제4차 산업혁명 시대에 맞는 경제혁신을 하지 못하고 있습니다.”\n",
		"passage_Cnt": 906
	},
	"Annotation": {
		"summary1": "동독에서 성장한 메르켈 총리는 유럽연합이나 미국과의 관계는 잘 하고 있으나 독일 경제에 대해 잘 모르며 독일의 경제침체에 대한 책임이 총리에게 있다고 보는 사람도 있다.",
		"summary2": "메르켈 총리는 동독이라는 비(非)경쟁 사회에서 성장해서 그런지 독일 정당 내에서의 경쟁, 정당 간의 경쟁이라는 걸 잘 몰라요. 유럽연합이나 미국과의 관계는 잘 하고 있고, 유럽 재정위기를 잘 넘겼다고 하지만, 독일 경제에 대해서도 잘 모릅니다. 독일의 경제침체에 대한 책임이 메르켈 총리에게 있다고 보는 사람도 있습니다.",
		"summary3": null,
		"summary_3_cnt": null
	}
}