{
	"Meta(Acqusition)": {
		"doc_id": "REPORT-edit-20004",
		"doc_category": "REPORT",
		"doc_type": "edit",
		"doc_name": "“韓, 日과 분쟁 지속되면 안보 분야에서 영구적 손실”",
		"author": null,
		"publisher": null,
		"publisher_year": null,
		"doc_origin": "월간조선"
	},
	"Meta(Refine)": {
		"passage_id": "REPORT-edit-20004-00013",
		"passage": " ― 미중 격돌의 출발점은 중국의 실크로드 프로젝트[일대일로(一帶一路)]에서 시작된 듯하다. 바다와 육지 양면으로 이뤄지는 실크로드 프로젝트가 과연 성공할까.\n “부분적으로 성공하고 부분적으로 실패할 것이다. 실크로드 계획은 글로벌 차원의 방대한 프로젝트다. 내가 볼 때 실크로드 계획은 ‘브랜드’, 즉 상품의 상표와 같은 개념을 갖고 있다. 어떤 체계적·종합적인 개념이라기보다, 중국 밖에서 벌어지는 도로·기차·항만·인터넷 등 인프라 건설에 관한 것을 총망라해서 실크로드 프로젝트라고 부른다. 세계 곳곳에서 추진되는 동안 갖가지 문제가 터질 수밖에 없다. 실크로드 프로젝트 자체가 아니라, 문제가 터질 경우 ‘과연 중국이 해결할 수 있고 책임을 질 것인가’라는 것이 관건이다. 따라서 실크로드 프로젝트는 성공이냐 아니냐가 아니라, 영원히 지속될 문제아(問題兒)로 남을 것이다.” \n 카플란과의 인터뷰가 끝난 후 시계를 보기 위해 휴대폰을 열자 곧바로 도쿄발(發) 속보(速報) 하나가 뜬다. ‘지정학적 리스크를 고려한 반도체 투자’라는 뉴스다. 타이완 반도체 회사 TSMC와 일본 소니가 80억 달러 규모의 자동차용 반도체 개발에 합의했다는 소식이다. 불과 3년 뒤인 2024년 이전에 생산에 들어간다고 한다. 중국 디커플링(decoupling)을 전제로 한, 일본-타이완 초고속 반도체 연합전선인 셈이다. 싫든 좋든, 원하든 원치 않든, 한국이 미중 간에 양자택일을 해야 하는 순간은 이미 초읽기에 접어든 느낌이다.⊙\n",
		"passage_Cnt": 739
	},
	"Annotation": {
		"summary1": "바다와 육지 양면으로 이뤄지는 중국의 일대일로가 성공할지 묻는 말에 부분적으로 성공과 실패를 할 것이라고 답했다.",
		"summary2": "― 미중 격돌의 출발점은 중국의 실크로드 프로젝트[일대일로(一帶一路)]에서 시작된 듯하다. 바다와 육지 양면으로 이뤄지는 실크로드 프로젝트가 과연 성공할까. 부분적으로 성공하고 부분적으로 실패할 것이다.",
		"summary3": null,
		"summary_3_cnt": null
	}
}