{
	"Meta(Acqusition)": {
		"doc_id": "REPORT-edit-00023",
		"doc_category": "REPORT",
		"doc_type": "edit",
		"doc_name": "【이상곤의 ‘흐름’】 흑석 선생의 ‘제 발등 찍기’",
		"author": null,
		"publisher": null,
		"publisher_year": null,
		"doc_origin": "월간조선"
	},
	"Meta(Refine)": {
		"passage_id": "REPORT-edit-00023-00002",
		"passage": "당시 정부가 부동산 투기로 골머리를 앓는 와중에 청와대 대변인이 거액의 빚을 내 투기를 한 데 대한 사과는 끝내 없었다.이후에 본인이 직접 은행 대출서류에 서명한 사실이 알려졌지만 그는 끝까지 견뎠다.\n그렇게2020년4·15총선을 앞두고 민주당에 공천을 신청했지만 결국엔 위성정당인 열린민주당으로 말을 갈아탔다.비례4번으로 김진애 의원 뒤를 이어 국회에 들어간 뒤에는 여당을 대신해 굳은 일을 마다하지 않았다.\n그렇게 나온 것이 지난6월“흑석 김의겸부터 조사 받겠다”는 국민의힘에 대한 역공이었다.당시는 권익위가 더불어민주당 의원12명을 부동산 투기 의혹 대상으로 발표한 직후였다.민주당 윤호중 원내대표도“국민의힘도 권익위 전수조사를 받아야 한다”고 야당을 압박하고 있었다.그 때 김 의원이 여당을 대신해 총대를 맸다.당시는 전현희 권익위원장이 민주당 재선의원 출신이어서 국민의힘이 권익위 조사를 꺼리던 때였다.\n그러나 김 의원의 이 역공은 회심의 일격이 아니라 제 발등을 찍는 자책골이 돼 버렸다.권익위 발표 결과 국민의힘 부동산 투기의혹 의원들이 문제가 되는 대신 본인의 과거 흑석동 투기 의혹이 더 주목을 받게 돼 버린 것이다.이 정부 사람들이 자주 범하는 실수(?)에서 김 의원은 한 치도 벗어나지 않았다.근거 없이 야당을 끌어들여 우월감을 내세우려다 비난과 수모만 자초한 꼴이 됐다.\n권익위 발표 결과 김 의원은 업무상 비밀을 이용한 투기 의혹을 받고 있다.그는 자신의 해명글에서“흑석 재개발은9구역은2017년6월 사업시행인가가 났고2018년5월 롯데건설을 시공사로 선정하는 등 누구나 접할 수 있는 정보였다”고 반박했다.\n",
		"passage_Cnt": 802
	},
	"Annotation": {
		"summary1": "청와대 대변인의 부동산 투기 사실이 알려졌지만 그는 끝까지 견뎠다.",
		"summary2": "당시 정부가 부동산 투기로 골머리를 앓는 와중에 청와대 대변인이 거액의 빚을 내 투기를 한 데 대한 사과는 끝내 없었다. 이후에 본인이 직접 은행 대출서류에 서명한 사실이 알려졌지만 그는 끝까지 견뎠다.",
		"summary3": null,
		"summary_3_cnt": null
	}
}