{
	"Meta(Acqusition)": {
		"doc_id": "REPORT-edit-20054",
		"doc_category": "REPORT",
		"doc_type": "edit",
		"doc_name": "“자유를 사랑하는 국가들이 힘 합쳐 中 변화 도출하자” (폼페이오 美 국무장관)",
		"author": null,
		"publisher": null,
		"publisher_year": null,
		"doc_origin": "월간조선"
	},
	"Meta(Refine)": {
		"passage_id": "REPORT-edit-20054-00001",
		"passage": "2020년 8월 현재 미국과 중국의 관계는 가히 전쟁을 방불케 하는 상황이라고 말할 수 있다. 미국의 헌법은 미국 의회가 전쟁을 선포(宣布)할 권한을 가진다는 규정을 하고 있지만, 이 규정은 거의 잘 지켜지지는 않았다. 미국 헌법 제1장 8절 11항에 ‘의회는 선전포고(宣戰布告)를 한다’는 문구가 간단히 쓰여 있기는 하지만 선전포고가 헌법상의 의무조항은 아니다. 미국은 1942년 12월 7일 일본으로부터 진주만 기습공격을 당한 직후 제2차 세계대전에 뒤늦게 개입하며 독일과 일본을 향해 선전포고를 한 적이 있었는데, 그것이 미국이 행한 마지막 선전포고였다. 제2차 세계대전 이후 미국은 수많은 전쟁을 치렀지만 공식적으로 선전포고를 한 경우는 없었다. \n 지금 미국과 중국은 아직 총탄을 쏘아대는 수준까지는 아니지만 미국의 전략(戰略)군사력과 중국의 군사력이 중국 앞바다에 대거 동원・배치되어 있는 상황이다. ‘상당 수준의 병력이 동원된 사건일 경우, 직접 전투가 발발하지 않을 경우라도 그것을 전쟁으로 보아야 한다’는 학자가 있었다. 평화연구의 세계적인 권위자였던 퀸시 라이트(1890~1970) 교수가 그 사람이다. 그의 정의에 따르면, 현재 진행 중인 미중(美中) 갈등은 가히 전쟁이라고 말할 수 있다.\n 그런데 이번 미중 갈등에 나타내는 특이한 상황은, 미국 정부가 중국공산당과 싸워야만 할 이유를 여러 차례에 걸쳐 구체적으로 분명하게 밝히고 있다는 점이다. 물론 트럼프 미국 대통령은 대통령에 당선되기 5년 전 간행한 책에서 ‘중국은 미국의 적(China is our Enemy)’이라고 단언했지만, 중국을 제압하겠다는 것이 본격적으로 미국의 정책이 된 것은 2018년 10월 4일 허드슨연구소에서 행해진 펜스 부통령의 연설 이후의 일이다.\n",
		"passage_Cnt": 869
	},
	"Annotation": {
		"summary1": "미중 갈등에 나타나는 특이한 상황은 미국 정부가 2018년 10월 4일 펜 부통령의 연설 이후로 중국 공산당과 싸워야만 할 이유를 구체적으로 밝히고 있다는 것이다.",
		"summary2": "그런데 이번 미중 갈등에 나타내는 특이한 상황은, 미국 정부가 중국공산당과 싸워야만 할 이유를 여러 차례에 걸쳐 구체적으로 분명하게 밝히고 있다는 점이다. 물론 트럼프 미국 대통령은 대통령에 당선되기 5년 전 간행한 책에서 ‘중국은 미국의 적(China is our Enemy)’이라고 단언했지만, 중국을 제압하겠다는 것이 본격적으로 미국의 정책이 된 것은 2018년 10월 4일 허드슨연구소에서 행해진 펜스 부통령의 연설 이후의 일이다.",
		"summary3": null,
		"summary_3_cnt": null
	}
}