{
	"Meta(Acqusition)": {
		"doc_id": "REPORT-edit-00038",
		"doc_category": "REPORT",
		"doc_type": "edit",
		"doc_name": "【이상곤의 ‘흐름’】 ‘따릉이’는 안녕한가!",
		"author": null,
		"publisher": null,
		"publisher_year": null,
		"doc_origin": "월간조선"
	},
	"Meta(Refine)": {
		"passage_id": "REPORT-edit-00038-00003",
		"passage": "이 대표나 국민의힘 일각에서는 현재 여론조사1위를 달리고 있는‘윤석열의 중도하차’가능성을 거론한다고 한다. ‘처가 리스크‘나 여권의 검증 러시를 견딜 수 있겠느냐는 것이다.그래서 최재형 전 감사원장을 대안으로 거론한다.그러나 대선은8개월도 남지 않았다.덩달아 윤 전 총장에 대한 여론조사 지지율은 거의 변동이 없다.게다가 윤 전 총장’뱃심‘과’뚝심’은 이미 지난해1년 소위‘추.윤 갈등’에서 보지 않았나.설령 지지율이 조금 움직인다고 해도 도중에 그만둘 사람이 아니다.그렇게 오판만 거듭하면 그 피해는 고스란히 정권 교체를 열망하는 야권 지지자 몫이다.\n그래서 이 대표 멘토인 김종인 전 비상대책위원장의 최근 언론 인터뷰가 눈에 들어온다.그는“윤 전 총장이 지지율을 유지할 수만 있다면(무소속인)지금 상태로 갈 수밖에 없다”며“(윤 전 총장이)굳이 지금 당에 들어가 다른 후보들과 옥신각신하는 상황을 만들지 않을 것”이라고 했다.이준석 대표가“입당이 늦어질수록 윤 전 총장에게는1초마다 손해”라고 한 것은“그건 이준석의 입장”이라고 했다. ‘멘토’와‘멘티’가 이렇게 따로 노는 것을 보면 신기하다.\n이 대표는 야권의 소중한 자원인“유력주자는 당 밖 장외에 있다”는 점을 최우선으로 생각해야 한다.그들과 함께 내년 대선 승리를 거두라는 것이 민심이다.민심으로 당권을 잡은 당 대표가 그 민심을 모른다는 건 말이 안 된다.이 대표를 지금의 주역으로 만든“따릉이는 안녕한지”지금 묻고 싶다\n",
		"passage_Cnt": 719
	},
	"Annotation": {
		"summary1": "국민의힘 일각에서는 윤 씨의 처가리스트 등으로 중도하차 가능성을 거론한다.",
		"summary2": "이 대표나 국민의힘 일각에서는 현재 여론조사1위를 달리고 있는‘윤석열의 중도하차’가능성을 거론한다고 한다. ‘처가 리스크‘나 여권의 검증 러시를 견딜 수 있겠느냐는 것이다.",
		"summary3": null,
		"summary_3_cnt": null
	}
}