{
	"Meta(Acqusition)": {
		"doc_id": "REPORT-edit-00034",
		"doc_category": "REPORT",
		"doc_type": "edit",
		"doc_name": "【서봉대의 ‘되짚기’】 국민의힘과 민주당에 ‘대선 빨간불’... 위기 타개할 후보 나올까?",
		"author": null,
		"publisher": null,
		"publisher_year": null,
		"doc_origin": "월간조선"
	},
	"Meta(Refine)": {
		"passage_id": "REPORT-edit-00034-00001",
		"passage": "국민의힘에는 당을 주도하는 계파가 없다는 게 이번 대선에 어떤 영향을 미칠까. 친유(친 유승민)와 친홍(친 홍준표)에다 친박(친 박근혜), 친이(친 이명박)까지 다시 거론되고는 있지만 당내 계파 파워는 그다지 부각되지 않고 있는 것이다.\n계파에 대해 ‘제 식구 챙기기’ 등 비판들도 많지만 긍정적인 측면들도 있다. 대의제 민주주의를 떠받들고 있는 게 정당인 것처럼 정당 내부의 계파도 순기능을 할 수 있는 것이다. 우리처럼 대통령제를 채택하고 있는 미국 정치판에도 계파란 게 있다.\n대선 정국에서 당을 주도하는 계파가 있을 땐 구심력을 갖고 선거전을 이끌 수 있었다. 고만고만한 계파들이 난립하거나, 주도 계파가 있어도 대선후보 측과 갈등을 빚게 될 경우엔 내분 상황을 초래했고 대권에서 멀어지기 일쑤였다. 역대 대선들이 그랬다.\n이런 측면에서 국민의힘에는 비상등이 켜져있는 셈이다.\n# 1997년 대선에서 DJ(김대중)가 JP(김종필)와 DJP 연대를 성사시킬 수 있었던 것도 자신의 측근세력인 동교동계가 새정치국민회의를 주도하는 계파였기 때문이다.이런 계파가 있었기에 \"유신 잔당(자민련)과의 야합\"이라는 등 DJ를 겨냥한 당 안팎의 거센 비난에 맞서 연대를 추진할 수 있었고 결국 대권을 차지했다.\n3당 합당(민주정의당+통일민주당+신민주공화당) 2년 후인 1992년 대선을 앞두고 YS(김영삼)는 당내 역학구도에서 밀렸으나 김윤환 의원을 비롯해 노태우 대통령 세력인 민정계와 JP의 공화계 인사들을 자신 편으로 설득하는 데 잇따라 성공, 대권을 거머쥐었다. YS는 측근세력인 상도동계를 기반으로 대선국면에서 자신을 지지했던 민정계와 공화계 일부 인사들(이들은 신민주계로 지칭)까지 망라한 세력화에 성공함으로써 당 주도권을 잡게 됐고 후보자리까지 꿰찼던 것이다. 민정계와 공화계 인사들 중 일부가 YS에 맞서다가 대선 정국에서 탈당했으나, 이 때문에 당내 반발세력은 오히려 약화됐던 셈이다.\n",
		"passage_Cnt": 949
	},
	"Annotation": {
		"summary1": "계파에 대해 비판들이 많지만 정당 내부의 계파도 순기능을 할 수 있다.",
		"summary2": "계파에 대해 ‘제 식구 챙기기’ 등 비판들도 많지만 긍정적인 측면들도 있다. 대의제 민주주의를 떠받들고 있는 게 정당인 것처럼 정당 내부의 계파도 순기능을 할 수 있는 것이다.",
		"summary3": null,
		"summary_3_cnt": null
	}
}