{
	"Meta(Acqusition)": {
		"doc_id": "REPORT-edit-20040",
		"doc_category": "REPORT",
		"doc_type": "edit",
		"doc_name": "미국 大選 구경하기",
		"author": null,
		"publisher": null,
		"publisher_year": null,
		"doc_origin": "월간조선"
	},
	"Meta(Refine)": {
		"passage_id": "REPORT-edit-20040-00008",
		"passage": " 대한민국의 독립·건국·호국·경제발전에 결정적 기여를 한 우드로 윌슨, 해리 트루먼, 린든 존슨 대통령은 민주당 출신이다. 일본의 조선병합을 묵인하고, 1949년 주한미군 철수를 주장했던 사람, 1970년에 주한미군 7사단을 뺀 미국 대통령은 공화당이었다. 카터는 주한미군 철수를 추진하다가 포기하였다. 한국은 민주당 대통령과 대체로 잘 지냈다. 여기서 미국 대통령과 한국의 인연을 정리해본다.\n ▲1905년 공화당 시어도어 루스벨트 대통령 시절, 미국의 육군 장관 윌리엄 하워드 태프트와 일본 총리 가쓰라 다로가 만나 필리핀을 미국이, 조선반도를 일본이 통치하는 것을 서로 양해한다는 합의를 했다. 이미 러일전쟁이 일본의 승리로 귀착되어 미국 포츠머스에서 강화회담이 예정되어 있는 시점이었다.\n ▲1905년 8월 5일, 서른 살의 이승만은 미국 감리교 선교회의 도움을 받아 당시 미 국무장관의 소개장을 가지고, 롱아일랜드에서 휴양 중이던 루스벨트 대통령을 찾아가서 재미(在美) 한인들의 청원서를 전달했다. 조미(朝美)조약상의 거중조정(居中調整) 조항에 근거, 조선의 독립을 미국이 보장해달라는 내용이었다. 효과는 없었지만 미래의 한국 대통령이 현직 미국 대통령을 만난 역사적 의미가 있다. 이승만은 생애를 통해 4명의 미국 대통령을 직접 상대하였다. 시어도어 루스벨트, 우드로 윌슨, 해리 트루먼, 드와이트 아이젠하워로 이들은 미국 역대 대통령 랭킹 톱10(Top ten)에 드는 위인이다.\n",
		"passage_Cnt": 724
	},
	"Annotation": {
		"summary1": "윌슨, 트루먼, 존슨 대통령은 민주당 출신으로 한국의 독립·경제발전 등에 결정적 기여를 했으며 한국은 민주당 대통령과 대체로 잘 지냈다.",
		"summary2": "대한민국의 독립·건국·호국·경제발전에 결정적 기여를 한 우드로 윌슨, 해리 트루먼, 린든 존슨 대통령은 민주당 출신이다. 한국은 민주당 대통령과 대체로 잘 지냈다.",
		"summary3": null,
		"summary_3_cnt": null
	}
}