{
	"Meta(Acqusition)": {
		"doc_id": "REPORT-edit-00007",
		"doc_category": "REPORT",
		"doc_type": "edit",
		"doc_name": "【이상곤의 ‘흐름’】 이재명 후보의 역(逆)컨벤션 효과, 이유가 있었네",
		"author": null,
		"publisher": null,
		"publisher_year": null,
		"doc_origin": "월간조선"
	},
	"Meta(Refine)": {
		"passage_id": "REPORT-edit-00007-00001",
		"passage": "유교 최고의 경전 논어를 관통하는 것을 꼽으라면 공자의‘인물평’이 있다.공자는 왕과 제후,제자들에 이르기까지 인물평에서 한 치의 양보가 없다.군자와 소인을 엄격한 잣대로 나누고 성인의 도를 실천하지 않는 소인들은 가차 없이 비판했다.\n스스로“남의 단점을 말하는 것을 싫어한다”면서도 소인배 비판에는 거침이 없다.공자는 사람을 꿰뚫어보는 법을 알았다. “그가 하는 행동을 관찰하며(視其所以)그 이유를 살펴보고(觀其所由)그 편안히 여기는 것을 살펴보면(察其所安)어찌 자신을 숨길 수 있겠느냐”라고 했다.이런 공자 앞에서 그 속내를 숨길 수 있는 사람이 과연 얼마나 있을까?\n공자가 가장 싫어한 유형은 말재주를 앞세우는 부류였다. “말에 꾸밈이 많고 남의 비위나 살살 맞추는 사람(巧言令色)은 사람다운 사람이 적다”며 질색을 했다.그러면서 교만하고 인색한 소인배들을 질타하고“한때의 분(一朝之忿)을 참지 못해 포악한 짓을 하다 자신을 망치는 소인배들”을 경계했다.\n또 정치의 핵심을 다룬 안연(顔淵)편에서는 제자 자공이 정치에 대해 묻자 공자는“군량과 병사를 풍족하게 해 백성들이 믿도록 해야 한다”며 민심(民心)을 얻는 것을 정치의 요체로 꼽고“정치는 바르게 해야 한다(政者 正也)”고 신신당부했다.이런 당부에도 노(魯)나라 대부 계강자와 같은 무도한 자들이 반성을 않는 것을 통렬히 비판하고“천박한 자(鄙夫)들은 못하는 짓이 없다”고 우려했다.\n내년3.9대선을 앞두고 여야의 대선 후보가 모두 선출됐는데 여야의 명암이 엇갈리고 있다.이달5일 후보로 선출된 국민의힘 윤석열 후보가 지지율 고공행진을 벌이면서 컨벤션 효과를 누리는 반면 지난달10일 일찌감치 후보가 된 민주당 이재명 후보는 역(逆)컨벤션 효과로 허덕이고 있다.\n",
		"passage_Cnt": 852
	},
	"Annotation": {
		"summary1": "논어를 관통하는 것을 꼽으라면 공자의 인물평이 있고 공자는 인물평에서 한치의 양보가 없다.",
		"summary2": "유교 최고의 경전 논어를 관통하는 것을 꼽으라면 공자의‘인물평’이 있다. 공자는 왕과 제후,제자들에 이르기까지 인물평에서 한 치의 양보가 없다.",
		"summary3": null,
		"summary_3_cnt": null
	}
}