{
	"Meta(Acqusition)": {
		"doc_id": "REPORT-edit-10392",
		"doc_category": "REPORT",
		"doc_type": "edit",
		"doc_name": "미북정상회담 전격 취소한 트럼프의 속내",
		"author": null,
		"publisher": null,
		"publisher_year": null,
		"doc_origin": "월간조선"
	},
	"Meta(Refine)": {
		"passage_id": "REPORT-edit-10392-00006",
		"passage": "7. 언론을 이용하라\n〈언론은 항상 좋은 기삿거리에 굶주려 있고, 소재가 좋을수록 대서특필하게 된다. 당신이 조금 색다르거나 용기가 뛰어나거나 무언가 대담하고 논쟁거리가 되는 일을 하면 신문은 당신의 기사를 쓰게 된다.… 개인적으로 피해를 입게 되는 비판적 기사일지라도 사업적인 측면에서는 크게 도움이 된다.〉\n트럼프 대통령의 대북 발언은 오래전부터 ‘화염과 분노’와 ‘김정은과 햄버거를 먹으며 핵협상’으로 극과 극을 오갔었다. 미북정상회담이 결정된 다음에도 트럼프 대통령은 미북회담장소 발표를 비롯해 관련 소식들을 트윗을 통해 계속 흘렸다. 지난주부터는 미북정상회담 연기 내지 취소 가능성을 계속 비추었다. 이는 긴장을 극도로 끌어올려 언론의 관심을 모으고, 다른 한편으로는 자신의 진의가 어디 있는지를 감추기 위한 것이었을 것이다.\n8. 신념을 위해 저항하라\n〈신념을 위해 싸우면 때로 본래의 의도에서 벗어나는 일이 있기는 해도 대개는 최선의 결과를 낳게 된다.〉\n우리나라에서는 미국 리버럴 언론들의 영향으로 트럼프 대통령을 ‘또라이’라고 생각하는 경향이 강하다. 하지만 그는 미국적 가치에 대해 강한 신념을 가진 사람이다. ‘신념을 위해 저항하라’는 말로 미루어볼 때 그는 김정은과의 회담을 원칙을 무너뜨려가면서까지 ‘협상을 위한 협상’으로 끌고 가지는 않을 것으로 보였다. 결국 그는 북한이 실질적인 비핵화 의지가 없다고 보이자 전격적으로 미북정상회담을 취소해 버렸다.\n",
		"passage_Cnt": 715
	},
	"Annotation": {
		"summary1": "트럼프 대통령이 미북정상회담 발표를 비롯해 관련 소식을 트윗에 흘리고 미북정상회담의 취소 가능성을 비추는 것은 긴장을 끌어올려 언론의 관심을 모으기 위한 것으로 보인다.",
		"summary2": "미북정상회담이 결정된 다음에도 트럼프 대통령은 미북회담장소 발표를 비롯해 관련 소식들을 트윗을 통해 계속 흘렸다. 지난주부터는 미북정상회담 연기 내지 취소 가능성을 계속 비추었다. 이는 긴장을 극도로 끌어올려 언론의 관심을 모으고, 다른 한편으로는 자신의 진의가 어디 있는지를 감추기 위한 것이었을 것이다.",
		"summary3": null,
		"summary_3_cnt": null
	}
}