{
	"Meta(Acqusition)": {
		"doc_id": "REPORT-edit-20023",
		"doc_category": "REPORT",
		"doc_type": "edit",
		"doc_name": "“중국의 위구르 정책은 제노사이드”",
		"author": null,
		"publisher": null,
		"publisher_year": null,
		"doc_origin": "월간조선"
	},
	"Meta(Refine)": {
		"passage_id": "REPORT-edit-20023-00013",
		"passage": " ― 중국 베이징의 민족중앙대학 교수로 작년에 노벨평화상 후보에 올랐던 위구르인 일함 토티(Ilham Tohti)의 근황에 대해 알고 있는가.\n “아직 생존해 있는 것으로 알고 있다. 중국은 토티를 중국 분열을 꾀한 반동(反動) 분리주의자라고 비난하면서 2014년 체포했다. 이후 그는 종신형(終身刑)을 선고받고 특별시설에 수감되어 있는 상태다.\n 원래 토티는 위구르의 독립이나 분리를 주장하던 인물이 아니다. 내가 보기에는 오히려 위구르의 독립에 반대하면서 중국 측 생각에 동조한 학자다. 한족과의 평화공존이 원래 토티의 지론(持論)이다. 위구르의 완전독립을 주장하는 나와는 생각이 많이 다르다. 그런 중도적·평화적 인물까지도 분리주의자로 몰아가는 것이 중국이다. 위구르 제노사이드를 계속하겠다는 의지의 표명이라고 볼 수 있다.”\n ― 위구르 문제에 관련된, 미국과 유럽의 중국에 대한 정책의 차이가 있다면 어떤 것일까.\n “미국은 좀 더 풀뿌리 민주주의에 기초한 대응에 나선다. 인권이라는 기준하에, 미국 국민이 납득할 경우 정부 방침으로 결정된다. 유럽은 인권이란 점도 중시하지만, 중국과의 경제적 협력 문제를 배제하지 않고 있다. 위구르에 무슨 일이 벌어지는지 유럽인 모두가 잘 알고 있다.\n 예를 들어 유럽 내 중국의 최대 우방국이라는 독일을 보자. 많은 사람이 잘 모르고 있을 것 같은데, 신장 우루무치에는 독일 자동차의 대명사 폴크스바겐 공장이 들어서 있다. 600명 종업원이 연간 2만 대의 자동차를 생산하는 최첨단 공장이다. 독일이 위구르 집단학살 문제에 대해 머뭇거리게 되는 이유 중 하나가 바로 폴크스바겐 자동차 공장이다. 흥미롭게도 폴크스바겐은 독일 나치에 의해 탄생된 자동차다. 그런 회사가 위구르 집단학살이 이뤄지고 있는 심장부에 들어서 있다는 것이 외부에 어떻게 비칠까.”\n",
		"passage_Cnt": 896
	},
	"Annotation": {
		"summary1": "노벨평화상 후보에 올랐던 토티는 반동 분리주의자로 2014년에 체포되어 종신형을 선고받고 수감되어 있다.",
		"summary2": "― 중국 베이징의 민족중앙대학 교수로 작년에 노벨평화상 후보에 올랐던 위구르인 일함 토티(Ilham Tohti)의 근황에 대해 알고 있는가. 중국은 토티를 중국 분열을 꾀한 반동(反動) 분리주의자라고 비난하면서 2014년 체포했다. 이후 그는 종신형(終身刑)을 선고받고 특별시설에 수감되어 있는 상태다.",
		"summary3": null,
		"summary_3_cnt": null
	}
}