{
	"Meta(Acqusition)": {
		"doc_id": "REPORT-edit-00038",
		"doc_category": "REPORT",
		"doc_type": "edit",
		"doc_name": "【이상곤의 ‘흐름’】 ‘따릉이’는 안녕한가!",
		"author": null,
		"publisher": null,
		"publisher_year": null,
		"doc_origin": "월간조선"
	},
	"Meta(Refine)": {
		"passage_id": "REPORT-edit-00038-00002",
		"passage": "그런데 그렇게‘민심’때문에 당 대표가 된 이준석에게 최근‘민심’이 보이지를 않는다. 20대 당 대변인을 배출한‘나는 국대다’같은 이벤트도 있지만 철저히 개인기 위주로 당을 이끌어가고 있다.매일 쉴 새 없이 뱉어내는 당 대표 메시지도 거의 모두 따로 논다.여성가족부나 통일부 폐지 주장은 본인이 당대표가 아니라 대선후보라 착각하는 듯하다.그러다보니 최고위원이나 당직자 가운데 이 메시지를 뒷받침하는 사람을 찾기가 어렵다.당선소감에서 표방한‘비빔밥 정당’이 점점‘따로 국밥‘이 돼 가고 있다.\n특히 내년 대선은8개월도 안 남았는데 야권 대통합 행보는 눈을 씻고 찾아봐도 없다.안철수 대표의 국민의당과의 당대당 통합 움직임은 잠시 시늉만 하다 온 데 간 데 없다.야권 최대 주자인 윤석열 전 검찰총장 영입도 어찌 보면 관심 밖이다. “오면 오고 말면 말아라”는 식이다.심지어는 협박도 서슴지 않는다.윤 전 총장과 최재형 전 감사원장 입당은“본인의 무한책임”이라며“대선 경선버스는8월말 정시 출발 한다”며 수시로 못을 박는다.그러면서 국정에 거의 손을 놓고 있는 문재인 대통령에게는‘영수회담’을 하자며 애걸복걸이다.정말 무엇 때문에 자신이 당 대표가 됐는지 그‘민심’의 현주소를 몰라도 한참 모른다.\n정작 이 대표가 이처럼 단독플레이로 뒤뚱거리면서 장외주자들도 제 갈 길을 가고 있다.윤 전 총장은12일 유력주자 가운데 제일 먼저 예비후보 등록을 마쳤다.이 대표가“(윤 전 총장도)국민의힘 경선 버스 출발시간을 알고 있을 것”이라고 손을 놓고 있는 사이 윤 전 총장도‘여차하면 마이웨이‘라고 선언한 것이나 마찬가지다.지난번 안철수 대표와 윤 전 총장 회동도 눈여겨봐야 한다.국민의힘이 눈길을 주지 않아 별도의 중도정당이라도 생기면 그 책임은 누가 질 건가.그렇게 보수정당의 집권이 가능하다고 보는지 되묻고 싶다.\n",
		"passage_Cnt": 899
	},
	"Annotation": {
		"summary1": "이 씨에게 최근 민심이 보이지 않고 철저히 개인기 위주로 당을 이끌어가고 있다.",
		"summary2": "그런데 그렇게‘민심’때문에 당 대표가 된 이준석에게 최근‘민심’이 보이지를 않는다. 20대 당 대변인을 배출한‘나는 국대다’같은 이벤트도 있지만 철저히 개인기 위주로 당을 이끌어가고 있다.",
		"summary3": null,
		"summary_3_cnt": null
	}
}