{
	"Meta(Acqusition)": {
		"doc_id": "REPORT-edit-20046",
		"doc_category": "REPORT",
		"doc_type": "edit",
		"doc_name": "사실상 한국에 대한 언급은 없었다",
		"author": null,
		"publisher": null,
		"publisher_year": null,
		"doc_origin": "월간조선"
	},
	"Meta(Refine)": {
		"passage_id": "REPORT-edit-20046-00008",
		"passage": " 특위 판단으론, WHO가 중국으로부터 독립성을 입증할 수 있는 조치는 대만을 참관국으로 인정하는 것이다. 중국은 2015년 대만의 WHO 회원국 가입을 막았다. 그럼에도 대만은 코로나19 사태에서 WHO의 대응을 도우려 했다. WHO는 코로나19가 인간 대(對) 인간 감염으로 전파된다는 대만의 경고를 무시했다. 특위는 대만이 WHO 참관국의 지위를 회복하도록 국무부가 전략을 강구할 것을 지시한 테드 요호(Ted Yoho) 의원(공화당·플로리다주)의 법안을 지지한다.\n 홍콩 사태는 자유와 권위주의 사이의 전쟁에서 분수령이 되는 순간이다. 홍콩을 강제로 장악하려는 중국의 최근 조치는 홍콩의 자치권과 민주주의를 훼손하며, 중국이 과거에 맺은 협약에도 위배된다.\n 의회는 천취안궈와 우잉제를 비롯해 신장과 티베트 및 홍콩에서 벌어진 인권 유린에 책임이 있는 중국 공산당 고위 간부와 중국 정부 관료에 대한 제재를 지시해야 한다.\n 중국은 주요 국제기준 제정기구와 다른 국제기구를 통제하려 하고 있다. 의회는 국무부가 대응 전략을 마련하도록 요구해야 한다.\n 중국은 세계지식재산기구(WIPO) 같은 국제기준 제정기구도 통제하려 한다. 미국의 경제와 국가안보에 장기적인 위협이다. 중국이 WIPO를 통제하게 된다면 미국의 지식재산을 절도할 수 있게 된다. WIPO가 지식재산 체계를 연결하는 국제 기술 기반을 책임지며, 지식재산 정보에 대한 전 세계 참고자료의 출처 역할을 하기 때문이다.\n",
		"passage_Cnt": 721
	},
	"Annotation": {
		"summary1": "홍콩을 강제로 장악하려는 중국의 조치는 홍콩의 자치권과 민주주의를 훼손하는데 의회는 인권 유린에 책임 있는 중국 공산당 고위 간부와 중국 정보 관료에 대한 제재를 지시해야 한다.",
		"summary2": "홍콩을 강제로 장악하려는 중국의 최근 조치는 홍콩의 자치권과 민주주의를 훼손하며, 중국이 과거에 맺은 협약에도 위배된다. 의회는 천취안궈와 우잉제를 비롯해 신장과 티베트 및 홍콩에서 벌어진 인권 유린에 책임이 있는 중국 공산당 고위 간부와 중국 정부 관료에 대한 제재를 지시해야 한다.",
		"summary3": null,
		"summary_3_cnt": null
	}
}