{
	"Meta(Acqusition)": {
		"doc_id": "REPORT-edit-10040",
		"doc_category": "REPORT",
		"doc_type": "edit",
		"doc_name": "군사쿠데타 일어난 미얀마 ... 네윈과 박정희와 전두환",
		"author": null,
		"publisher": null,
		"publisher_year": null,
		"doc_origin": "월간조선"
	},
	"Meta(Refine)": {
		"passage_id": "REPORT-edit-10040-00004",
		"passage": "탄쉐는 2007년 승려와 학생, 시민들의 민주화요구시위(샤프론혁명)을 유혈진압했지만, 국제사회의 압력에 밀려 2010년부터 점차 민주화의 길을 모색하기 시작했다. 결국 군부와 아웅산 수치 세력의 타협에 의해 앞에서 말한 것처럼 군부의 기득권을 보장해주는 헌법개정이 이루어졌고, 2015년 문민정권이 들어섰다. 배우자가 외국인인 경우 대통령에 출마하지 못한다는 헌법 규정 때문에 대통령으로 출마하지 못한 아웅산 수치는 측근인 윈 민에게 대통령직을 맡기고, 자신은 국가최고고문 겸 외무부 장관으로 실권을 행사했다. 하지만 아웅산 수치는 군부의 눈치를 보느라 로힝야족 학살 등에 대해 눈을 감는다는 비판을 받아왔다.\n네윈의 쿠데타와 통치기법은 군 출신 한국 대통령들에게도 영향을 줄 뻔 했다. 박정희 전 대통령은 5·16 이전부터 쿠데타에 동참할 만한 장교들에게 ‘네윈식 쿠데타’에 대해 이야기하곤 했다. “그게 뭐냐?”고 물어보면 “군부가 나서서 사회 혼란을 수습한 후 병영으로 복귀하되, 이후 민간정부을 감시·감독하는 것”이라고 설명했다. 이러한 생각은 5·16혁명공약 제6조 “이와 같은 우리의 과업이 성취되면 참신하고도 양심적인 정치인들에게 언제든지 정권을 이양하고 우리들은 본연의 임무에 복귀할 준비를 갖춘다”는 규정으로 현실화됐다. 5·16 혁명 후 중앙정보부는 민정(民政)이양을 앞두고 정권을 민간정부에게 넘겨준 후에도 박정희 국가재건최고회의 의장이 원수(元帥)계급을 달고 군부 최고지도자로 막후에서 영향력을 행사하는 방안을 연구하기도 했다. 물론 이 방안은 한국 현실에는 맞지 않는다고 해서 폐기되었고, 박정희 장군은 군복을 벗고 대선에 출마, 대통령으로 당선됐다.\n",
		"passage_Cnt": 826
	},
	"Annotation": {
		"summary1": "군 출신 한국 대통령에게도 영향을 줄 뻔한 네윈식 쿠데타를 박 전 대통령은 군부가 나서서 사회 혼란을 수습한 후 병영으로 복귀하되 이후 민간정부를 감시·감독하는 것이라 설명했다.",
		"summary2": "네윈의 쿠데타와 통치기법은 군 출신 한국 대통령들에게도 영향을 줄 뻔 했다. 박정희 전 대통령은 5·16 이전부터 쿠데타에 동참할 만한 장교들에게 ‘네윈식 쿠데타’에 대해 이야기하곤 했다. “그게 뭐냐?”고 물어보면 “군부가 나서서 사회 혼란을 수습한 후 병영으로 복귀하되, 이후 민간정부을 감시·감독하는 것”이라고 설명했다.",
		"summary3": null,
		"summary_3_cnt": null
	}
}