{
	"Meta(Acqusition)": {
		"doc_id": "REPORT-edit-10343",
		"doc_category": "REPORT",
		"doc_type": "edit",
		"doc_name": "모사드, 전설적인 스파이 엘리 코헨의 유품인 오메가 시계 53년 만에 회수",
		"author": null,
		"publisher": null,
		"publisher_year": null,
		"doc_origin": "월간조선"
	},
	"Meta(Refine)": {
		"passage_id": "REPORT-edit-10343-00004",
		"passage": "이렇게 해서 시리아군의 무기도입, 골란고원의 병력배치, 이스라엘로 흘러들어가는 강물의 수로변경공사 계획, 시리아 공군조종사들의 리스트 등이 코헨의 손을 거쳐 이스라엘로 흘러들어갔다. 특히 이때 넘어간 골란고원의 군사력에 대한 정보는 1967년 6일 전쟁 당시 이스라엘군이 골란고원을 점령하는 데 결정적인 기여를 했다. 덕분에 이스라엘은 골란고원에서 가해지는 북부전선의 위협을 제거할 수 있었을 뿐만 아니라, 골란고원에서 발원(發源)하는 식수원을 확보할 수 있게 됐다.\n“나는 텔아비브에서 온 이스라엘의 군인입니다”\n1965년 코헨은 시리아군 방첩기관에 체포됐다. 코헨이 이스라엘로 발신하는 무전(無電)이 꼬리가 잡힌 것이다. 500여 명의 시리아인들이 그와 연루된 혐의로 체포됐다.\n엘리 코헨을 체포한 시리아 방첩기관 책임자 아메드 수웨이다니 대령은 처음에는 그를 이용해 역공작(逆工作)을 펴보려 했다. 수웨이다니 대령은 코헨에게 거짓 정보를 발신하라고 요구했다. 행여 딴짓을 못하도록 감시를 붙였음은 물론이다. 하지만 그들은 코헨이 타전하면서 평소와는 달리 속도와 리듬에 미묘한 변화를 주어 ‘나는 체포되었다’는 메시지를 본부에 전달하는 것을 눈치채지 못했다.\n한때 후계자로까지 생각했던 절친이 이스라엘의 스파이라는 것이 밝혀지자 하페즈 대통령은 경악했다. 그의 아내가 입고 있는 코트도 '터베스'가 선물한 것이었다. 하페즈는 ‘터베스’와 직접 대면했다. 일말의 변명을 기대하는 대통령에게 ‘터베스’는 담담하게 말했다.\n",
		"passage_Cnt": 740
	},
	"Annotation": {
		"summary1": "하페즈 대통령은 절친이었던 터베스가 이스라엘의 스파이였다는 것이 밝혀지자 경악했다.",
		"summary2": "한때 후계자로까지 생각했던 절친이 이스라엘의 스파이라는 것이 밝혀지자 하페즈 대통령은 경악했다. 그의 아내가 입고 있는 코트도 '터베스'가 선물한 것이었다.",
		"summary3": null,
		"summary_3_cnt": null
	}
}