{
	"Meta(Acqusition)": {
		"doc_id": "REPORT-edit-20051",
		"doc_category": "REPORT",
		"doc_type": "edit",
		"doc_name": "독일 통일은 미국의 ‘힘의 정치’의 소산",
		"author": null,
		"publisher": null,
		"publisher_year": null,
		"doc_origin": "월간조선"
	},
	"Meta(Refine)": {
		"passage_id": "REPORT-edit-20051-00006",
		"passage": " 미국이 독일을 통일시켜도 될 것 같다고 생각하게 된 중요한 이유가 몇 가지 있다.\n 첫 번째 요인은 제2차 세계대전 이후 45년이 지난 시점에서 독일이 과거를 뉘우친 진정한 자유민주주의 국가로 체제 변환한 나라가 되었다는 확신이다. 물론 프랑스와 영국은 통일 독일의 막강함이 초래할 힘을 두려워했고 그 두려움의 근거가 독일이 야기한 두 차례의 세계대전이었지만, 미국은 독일이 이제 변했다는 사실에 더 큰 방점을 두었다.\n 두 번째 요인은 자유민주주의 국가 독일이 통일되어 나토 일원이 되는 경우 소련을 완전히 제압할 수 있으리라는 전략적 계산이었다. 통일 독일이 나토 회원국이 되었다는 사실을 현재 러시아가 ‘분노하는 강대국’으로 다시 출현하는 중요한 원인으로 보는 학자들이 많이 있다. 하지만 냉전이 끝나가는 마당에 승리를 만끽하고 있던 미국의 정책 결정자들은 통일 독일을 나토에 편입시키는 정책을 완전한 승리의 지름길로 생각했던 것이다.\n 미국이 독일을 통일시키겠다고 결심을 하게 된 가장 큰 이유는 무엇보다도 미국의 압도적인 힘이라고 말해야 할 것이다. 소련을 붕괴시키는 데 성공한 미국은 상대적으로 국력이 대폭 증강한 것이나 마찬가지였다. 이제 미국의 힘은 거칠 것이 없었다. 미국의 힘을 발목 잡았던 소련이라는 힘은 와해되었다. 양극(兩極) 체제는 미국 주도의 일극(一極) 체제가 되었다. 미국은 이제 꿈에도 그리던 패권국(hegemonic power)이 된 것이다. 미국 사람들은 통일을 이룩한 독일이 20세기 초반과 같은 야욕을 가지게 될 경우, 그것은 막강한 미국의 힘으로 쉽게 제압할 수 있을 것으로 믿었다. 실제로 독일이 통일한 후 오늘에 이르기까지 약 30년 동안 미국은 4만명 이상의 미군을 독일에 지속적으로 주둔시켜오고 있다. \n",
		"passage_Cnt": 870
	},
	"Annotation": {
		"summary1": "미국이 독일을 통일시켜도 될 것 같다고 생각하게 된 요인은 독일이 과거를 뉘우친 진정한 자유민주주의 국가로 체제 변환한 나라가 되었다는 확신이다.",
		"summary2": "미국이 독일을 통일시켜도 될 것 같다고 생각하게 된 중요한 이유가 몇 가지 있다. 첫 번째 요인은 제2차 세계대전 이후 45년이 지난 시점에서 독일이 과거를 뉘우친 진정한 자유민주주의 국가로 체제 변환한 나라가 되었다는 확신이다.",
		"summary3": null,
		"summary_3_cnt": null
	}
}