{
	"Meta(Acqusition)": {
		"doc_id": "REPORT-edit-20044",
		"doc_category": "REPORT",
		"doc_type": "edit",
		"doc_name": "전쟁도 전염된다",
		"author": null,
		"publisher": null,
		"publisher_year": null,
		"doc_origin": "월간조선"
	},
	"Meta(Refine)": {
		"passage_id": "REPORT-edit-20044-00004",
		"passage": " 두 나라의 다툼은 피그미 수준의 분쟁이었지만 전쟁을 공부하는 모든 사람이 당면하는 문제 중 상당 부분이 그대로 노정(露呈)되었다. 물론 작은 전쟁이지만 큰 전쟁처럼 모호한 부분이 너무 많다. 지난 7월 12일부터 양국 간 전투가 발발하기 시작했는데, 그 원인이 우선 애매하다. 양측 모두 상대방에게 도발의 책임을 묻는다는 점도 큰 전쟁들과 유사하다. 수많은 전쟁의 경우 전투가 언제 시작되었는지, 언제 끝났는지를 밝히는 일이 쉽지 않았다. 시작과 끝이 분명한 전쟁을 찾는 일이 오히려 어려울 정도다.\n 예를 들면 많은 학자는 1990년 8월 이라크가 쿠웨이트를 점령함으로써 야기된 걸프전쟁의 발발 시점에 대해 논쟁을 벌이고 있다. 이라크가 쿠웨이트를 침공한 날(1990년 8월 2일)을 전쟁의 시작이라고 보아야 한다는 학자들도 있고, 미국이 직접 이라크 폭격을 행한 ‘사막의 폭풍 작전(Operation Desert Storm)’이 시작된 1991년 1월 17일을 전쟁의 시작으로 보는 학자들도 있다.\n 전쟁이 끝난 날에 대해서도 견해가 일치하지 않는 경우가 왕왕 있다. 총성이 멈춘 날을 종전일로 보아야 한다는 견해가 있고, 항복조인을 한 날 비로소 전쟁이 끝난 것으로 보아야 한다는 견해도 있다. 제2차 세계대전이 끝난 날을 1945년 8월 15일로 치지만 일본이 항복에 조인한 9월 3일을 전쟁이 종식된 날로 보아야 한다는 견해도 있다. 중국은 9월 3일을 전승(戰勝)기념일이라 부른다. 중국이 연합군의 승리에 기여한 바가 무엇인지는 아직도 모호하지만 말이다.\n",
		"passage_Cnt": 766
	},
	"Annotation": {
		"summary1": "걸프전쟁의 발발 시점에 대해 이라크가 쿠웨이트를 침공한 날을 전쟁의 시작이라 봐야한다는 학자도 있고 사막의 폭풍 작전 시작이 전쟁의 시작으로 보는 학자도 있다.",
		"summary2": "예를 들면 많은 학자는 1990년 8월 이라크가 쿠웨이트를 점령함으로써 야기된 걸프전쟁의 발발 시점에 대해 논쟁을 벌이고 있다. 이라크가 쿠웨이트를 침공한 날(1990년 8월 2일)을 전쟁의 시작이라고 보아야 한다는 학자들도 있고, 미국이 직접 이라크 폭격을 행한 ‘사막의 폭풍 작전(Operation Desert Storm)’이 시작된 1991년 1월 17일을 전쟁의 시작으로 보는 학자들도 있다.",
		"summary3": null,
		"summary_3_cnt": null
	}
}