{
	"Meta(Acqusition)": {
		"doc_id": "REPORT-edit-20023",
		"doc_category": "REPORT",
		"doc_type": "edit",
		"doc_name": "“중국의 위구르 정책은 제노사이드”",
		"author": null,
		"publisher": null,
		"publisher_year": null,
		"doc_origin": "월간조선"
	},
	"Meta(Refine)": {
		"passage_id": "REPORT-edit-20023-00003",
		"passage": " ― 점수제라니 무슨 말인가.\n “예를 들어 이슬람 신자의 경우 10점 감점, 외국에 간 적이 있을 경우 20점 감점, 중국에 대한 충성 서약을 할 경우 10점 획득 같은 식이다. 이 모든 과정은 위구르 곳곳에 설치된 디지털 장치를 통해 시행된다. 점수의 총합이 일정 수준을 넘기지 못할 경우 500m 밖으로 나갈 수 없다. 물론 위구르 지역에 사는 한족(漢族)은 그런 제약을 전혀 받지 않는다. 세계 각국의 뉴스 보도를 통해 이미 알려졌지만 이와 함께 어린이 5만명 정도가 부모와 떨어져 살아가고 있다.”\n ― 좀 더 자세히 말해달라.\n “점수가 낮은 소위 ‘불순’ 위구르인으로부터의 보호라는 명목으로 어린이들이 부모와 떨어진 채 살아가고 있다. 어린이들은 한족도 잘 모르는 1000년 전 중국 역사를 공부하고 있다. 부모와 떨어진 위구르 어린이들은 이슬람을 멀리하고, 이름도 중국식으로 바꾸고 있다. 물론 위구르 언어 말살도 동시에 진행되고 있다. 이들은 위구르어를 모르고 한족의 중국어만 배우고 있다.”\n 머리카락이 곤두서고 소름이 끼친다고 할까? 같은 인간으로서 참기 어려울 정도의 분노가 치민다. 인터넷으로 전 세계가 하나가 됐다는 21세기 글로벌 시대에 야만의 광기(狂氣)가 위구르를 지배하고 있다니…. 특히 놀라운 사실은 디지털 기술을 동원한 인간의 노예화가 중국 치하의 위구르에서는 이미 현실로 나타나고 있다는 점이다. 이런 식이라면 위구르인의 머리나 팔에 바코드를 심을 날도 얼마 남지 않은 듯하다.\n",
		"passage_Cnt": 737
	},
	"Annotation": {
		"summary1": "디지털 기술을 동원한 인간의 노예화가 위구르에서는 이미 현실로 나타나고 있어 위구르인의 머리나 팔에 바코드를 심을 날도 얼마 남지 않았을 수도 있다.",
		"summary2": "특히 놀라운 사실은 디지털 기술을 동원한 인간의 노예화가 중국 치하의 위구르에서는 이미 현실로 나타나고 있다는 점이다. 이런 식이라면 위구르인의 머리나 팔에 바코드를 심을 날도 얼마 남지 않은 듯하다.",
		"summary3": null,
		"summary_3_cnt": null
	}
}