{
	"Meta(Acqusition)": {
		"doc_id": "REPORT-edit-20046",
		"doc_category": "REPORT",
		"doc_type": "edit",
		"doc_name": "사실상 한국에 대한 언급은 없었다",
		"author": null,
		"publisher": null,
		"publisher_year": null,
		"doc_origin": "월간조선"
	},
	"Meta(Refine)": {
		"passage_id": "REPORT-edit-20046-00007",
		"passage": " 중국은 미국과 다른 민주주의 국가를 상대로 정치전과 허위 정보 공작을 벌이는 중이다. 학계와 언론, 기업과 문화기관이 표적이다. 중국 공산당에 대한 비판을 억제하고 긍정적 견해를 홍보하는 게 목표다.\n 중국은 미국 대학 내 중국어 어학센터인 ‘공자학원(孔子學院)’을 이용해 대학생들에게 중국 입장의 정치적 서술을 유포한다. 2019년 상원 상임조사소위원회(Permanent Subcommittee on Investigations)에서 발간한 보고서를 보면, 100곳 이상의 미국 대학에 공자학원이 설치되어 있다. 중국 정부는 여기에 1억5000만 달러 이상을 지원했다.\n 중국 공산당에서 정치 공작을 담당하는 기관은 통일전선공작부(통전부)다. 후버연구소의 래리 다이아몬드는 “통전부는 영향 공작에 관여하는 수많은 중국 당·정부 기관 중 하나일 뿐”이라고 말한다. 겉으로는 민간 시민단체나 학문단체, 영화단체, 심지어 종교단체처럼 보이지만 궁극적으로 중국 공산당의 지시를 받는 조직들이 있다. 특위는 통전부와 그 소속 관료, 직계 가족이 미국의 금융 시스템을 이용하고 비자를 발급받는 것을 의회가 금지해야 한다고 믿는다.\n 미국에는 6개 주를 제외한 모든 주에 공자학원이 한 곳 이상 존재한다. 전미학자협회에 의하면 현재 미국에는 86개 공자학원이 존재하며 올해 5곳이 폐쇄될 예정이다.\n 중국 공산당의 미국 내 허위 정보 공작엔 워싱턴DC 싱크탱크에 대한 자금 지원도 포함된다. 미·중 경제안보검토위원회의 보고서는 워싱턴DC의 여러 싱크탱크와 대학이 통전부 지휘 조직인 중국인민정치협상회의 부주석 둥젠화(董建华)로부터 자금 지원을 받았다고 명시했다.\n",
		"passage_Cnt": 813
	},
	"Annotation": {
		"summary1": "중국은 학계와 언론 등을 표적으로 하여 민주주의 국가를 상대로 정치전과 허위 정보 공작을 벌이는 중이다.",
		"summary2": "중국은 미국과 다른 민주주의 국가를 상대로 정치전과 허위 정보 공작을 벌이는 중이다. 학계와 언론, 기업과 문화기관이 표적이다.",
		"summary3": null,
		"summary_3_cnt": null
	}
}