{
	"Meta(Acqusition)": {
		"doc_id": "REPORT-edit-20032",
		"doc_category": "REPORT",
		"doc_type": "edit",
		"doc_name": "“백신 나와도 코로나19 퇴치되지 않는다”",
		"author": null,
		"publisher": null,
		"publisher_year": null,
		"doc_origin": "월간조선"
	},
	"Meta(Refine)": {
		"passage_id": "REPORT-edit-20032-00003",
		"passage": " 필자는 코로나19 경험자다. 지난해 10월 바이러스에 감염되면서 거의 사선(死線)을 넘을 뻔했지만 미리 준비한 스테로이드 덱사메타손 덕분에 살아났다. 감염 장소는 터키다. 이탈리아로 넘어가기 위해 코로나 음성(陰性) 증명서를 떼려다가 현지 병원에서 감염됐다. 치료와 요양을 겸해 아직 터키에 머물고 있다.\n 최근 병원에서 연락이 왔다. 터키는 방역용(防疫用) 추적 앱을 통해 자국(自國) 내 외국인 전부를 관리하고 있다. 병원 측은 필자를 전염시켰던 코로나19 바이러스가 변이일지 모른다고 알려줬다. 나중에 의사에게서 들은 얘기인데, 터키에서도 이미 지난여름에 코로나19 변이가 출현했다고 한다. 이후 주기적으로 병원에 불려가 갖가지 조사를 반복해서 받고 있다. 실험 대상 쥐 같은 존재가 됐다고나 할까? 조사 중 격리 생활은 기본이다. 결국 꼼짝 못 하고 터키 망명(亡命)생활을 계속하고 있다.\n 백신에 대한 얘기로 돌아가자. 전 세계 백신 회사들이 제각각 높은 수치를 자랑하면서 효능 경쟁을 벌이고 있다.\n ― 화이자 백신의 경우, 95% 효능이란 말은 무슨 의미인가.\n “전 세계 모든 사람이 궁금해하는 부분이겠지만, ‘백신을 맞을 경우 바이러스에 감염되지 않을 것인가’라는 부분에 대한 명확한 답이 없다.\n 화이자 백신의 효능이 95%라는 말은 백신 접종자 100명과 백신을 안 맞고 코로나19에 감염된 뒤 중증 사망에 이른 100명을 비교한 결과다. 화이자 백신 접종자 100명 가운데 중증과 사망이 5명에 그친다는 얘기다. 화이자 백신 접종을 하고도 바이러스에 감염된 사람이 몇 명인지에 대한 얘기는 없다. 따라서 백신을 맞아도 코로나19에 걸릴 수 있고, 중증 사망으로 갈 수도 있다.”\n",
		"passage_Cnt": 841
	},
	"Annotation": {
		"summary1": "화이자 백신 접종을 해도 바이러스에 감염된 사람이 몇 명인지 얘기가 없으므로 백신을 맞아도 코로나19에 걸려 중증으로 사망할 수 있다.",
		"summary2": "화이자 백신 접종을 하고도 바이러스에 감염된 사람이 몇 명인지에 대한 얘기는 없다. 따라서 백신을 맞아도 코로나19에 걸릴 수 있고, 중증 사망으로 갈 수도 있다.",
		"summary3": null,
		"summary_3_cnt": null
	}
}