{
	"Meta(Acqusition)": {
		"doc_id": "REPORT-edit-20049",
		"doc_category": "REPORT",
		"doc_type": "edit",
		"doc_name": "“첫째 목표는 자유, 둘째는 평화, 재통일은 세 번째”",
		"author": null,
		"publisher": null,
		"publisher_year": null,
		"doc_origin": "월간조선"
	},
	"Meta(Refine)": {
		"passage_id": "REPORT-edit-20049-00016",
		"passage": " 서독인들의 동독에 대한 시각이 이처럼 왜곡된 데에 결정적 영향을 끼친 사람이 있었다. 페터 크리스찬 루츠라는 동독 전문가가 바로 그 사람이었다. 그는 1960년대 중반부터 “동독을 이해하는 첩경(捷徑)은 마르크스-레닌주의의 입장에 서서 보는 것”이라고 주장해왔다. 그는 “동독 같은 공산주의 국가를 외부의 기준, 즉 자유민주주의의 기준으로 분석하는 것은 공정하지 못하고, 정확할 수도 없으며, 부적합하다”면서 동독을 전체주의 국가라고 보는 관점에 반대했다. 루츠의 제자들이 연구소를 비롯해 서독 내 관련 기관들에서 점차 다수를 차지하면서 동독에 대한 비판적 시각은 사라졌다. 브란트 정권도 1971년부터 루츠의 내재적 접근법에 기초해 독일문제에 대한 연감(年鑑)을 내놓기 시작했다.\n 데니스 L. 바크와 데이비드 R. 그로스는 《도이치현대사》에서 “서독과 서방세계에서 동독에 대한 전문적 분석의 초점과 비중을 이렇게 전환시킨 결과는, 전문가들과 정치인들이 슈타지로 구현되는 이 체제의 실체를 무시하거나 외면하게 된 것이었다. 동독의 실체가 바뀐 것이 아니라 서독의 인식이 변화한 탓으로, 동독은 더 이상 정치사찰(政治査察) 국가가 아닌 루츠의 말대로 ‘잘 돌아가는 구조’가 되었다”고 지적했다. \n 하르무트 예켈은 “마을 지도를 그리면서 어디가 농가이고 어디가 골짜기인지는 그런대로 표시했는지 몰라도, 마을 전체가 물속에 잠겨 있다는 말은 빠뜨린 격”이라고 야유했다.\n",
		"passage_Cnt": 711
	},
	"Annotation": {
		"summary1": "서독인들이 동독에 대해 왜곡된 시각을 갖게 된 것에 루츠라는 동독 전문가의 영향이 결정적이었다.",
		"summary2": "서독인들의 동독에 대한 시각이 이처럼 왜곡된 데에 결정적 영향을 끼친 사람이 있었다. 페터 크리스찬 루츠라는 동독 전문가가 바로 그 사람이었다.",
		"summary3": null,
		"summary_3_cnt": null
	}
}