{
	"Meta(Acqusition)": {
		"doc_id": "REPORT-edit-20023",
		"doc_category": "REPORT",
		"doc_type": "edit",
		"doc_name": "“중국의 위구르 정책은 제노사이드”",
		"author": null,
		"publisher": null,
		"publisher_year": null,
		"doc_origin": "월간조선"
	},
	"Meta(Refine)": {
		"passage_id": "REPORT-edit-20023-00009",
		"passage": " ― 위구르 독립운동 세력과 시리아의 이슬람 국가(IS) 테러조직과의 연계설은 어떻게 된 것인가.\n “2013년부터 본격화된, 시리아에 들어간 위구르 무장세력도 마찬가지다. 중국 측 주장에 따르면, 약 2만명의 알카에다와 이슬람 국가(IS) 지지 위구르 무장세력이 있다고 한다. 이들은 중국 국경을 넘어 몰래 시리아까지 들어갔다고 한다. 중국 국경을 넘어, 파키스탄이나 다른 나라를 통과해 시리아까지 몰래 들어간다는 것은 불가능하다.”\n ― 그럼 그들은 어떻게 해서 시리아까지 들어가 IS에 가담하게 된 것인가.\n “그것은 내가 대학 논문 주제로 다룬 것이기도 하다. 나는 중국이 의도적으로 이들을 통과시키면서 시리아로 몰아넣었다고 판단하고 있다. 터키는 이런 중국 음모에 동조한 핵심 국가다. 위구르 무장세력은 위구르 독립운동에 관심이 있을 뿐, 알카에다나 IS에는 관심이 없다. 무장세력의 독립 의지를 친중(親中) 이슬람권이 악용하면서, 위구르의 이미지를 나쁘게 만든 것이다. 결국 모든 사건의 배후에는 중국이 있다.”\n 흔히들 ‘이슬람 형제’라고 하면 죽음을 각오한 유대(紐帶)관계로 이해하기 쉽다. 개개인의 경우는 그럴 수 있을지 모른다. 하지만 조직·사회·국가 간의 관계는 달라진다. 시아파와 수니파가 철천지 원수 관계인 데서도 보듯, 이슬람의 적(敵)은 바로 이슬람 자신일지도 모른다. 후다야르 총리는 그런 현실을 이해하고 대안(代案)을 모색하는 인물이다. 인터뷰 도중에도 느꼈지만, ‘젊다는 것’은 어제가 아닌 오늘과 내일의 문제에 주목한다는 의미라는 것을 새삼 깨닫게 됐다. 과거를 들먹일수록 늙고 시대착오적이라는 의미다. 워싱턴의 위구르 망명정부는 주변과 상황을 탓하기보다는 독립이란 목표를 향한 내일에 투자하고 있다는 느낌을 받았다.\n",
		"passage_Cnt": 869
	},
	"Annotation": {
		"summary1": "후다야르 총리는 시아파와 수니파가 원수 관계인 데서 보듯 이슬람의 적은 이슬람이라는 현실을 이해하며 대안을 모색하는 인물이다.",
		"summary2": "후다야르 총리는 그런 현실을 이해하고 대안(代案)을 모색하는 인물이다. 시아파와 수니파가 철천지 원수 관계인 데서도 보듯, 이슬람의 적(敵)은 바로 이슬람 자신일지도 모른다.",
		"summary3": null,
		"summary_3_cnt": null
	}
}