{
	"Meta(Acqusition)": {
		"doc_id": "REPORT-edit-20057",
		"doc_category": "REPORT",
		"doc_type": "edit",
		"doc_name": "-하노이에서 김정은은 애원하며 매달렸다",
		"author": null,
		"publisher": null,
		"publisher_year": null,
		"doc_origin": "월간조선"
	},
	"Meta(Refine)": {
		"passage_id": "REPORT-edit-20057-00009",
		"passage": " 볼턴은 2019년 2월 말쯤 예정된 하노이 회담을 앞두고 트럼프가 싱가포르 회담에서와 같은 실수를 하지 않도록 하는 데 집중하였다. 그는 김정은이 핵폐기를 할 생각이 없는 것을 확인한 이상, 두루뭉술한 합의를 막는 게 최선의 국익이란 생각을 하였던 것 같다. 김정은은 다방면으로 미국을 압박해왔다. 2019년 새해가 밝자 1월 8일 시진핑을 찾아가 만났다.\n 10일 뒤 김영철이 워싱턴을 방문해 김정은의 친서를 트럼프에게 전하고 90분 동안이나 만났다. 다행히 트럼프는 김영철에게 북한이 비핵화하기 전엔 제재를 해제해줄 수 없다는 점을 분명히 하였다. 그러지 않으면 자신이 바보가 될 것이라고 했다. 볼턴의 눈엔 대북(對北)특사인 비건이 문제였다. 그는 북한의 술책인 단계적 해결책(행동 대 행동)을 선호하는 듯한 언동을 했다. 폼페이오가 비건을 제대로 통제하지 못하는 게 아닌가 의심했다.\n 볼턴은 국무부의 협상가들이 합의를 이뤄야 한다는 욕심과 언론의 보도에 중독되어 일을 그르칠 수 있다고 판단해 트럼프에게 미리 회담 전략을 브리핑하기로 했다. 2월 12일 첫 보고회가 45분간 진행되었다. 트럼프에게 영상을 틀어주었다. 클린턴, 부시, 오바마 대통령이 북핵 문제에 대해서 큰 성과를 거두었다고 하는 장면과 그 뒤 북한이 합의를 지키지 않는 장면을 대치시켰고, 마지막엔 레이건 대통령이 1986년 아이슬란드 레이캬비크에서 고르바초프와 만났을 때의 장면을 보여주었다. 레이건이 여기서 군축협상을 깸으로써 오히려 그 뒤 협상에서 유리한 고지를 차지하였다는 점을 트럼프에게 각인시키기 위함이었다. 브리핑이 끝나자 트럼프는 세 가지를 명심하겠다고 했다.\n",
		"passage_Cnt": 814
	},
	"Annotation": {
		"summary1": "볼턴은 두루뭉술한 합의를 막는 것이 최선이라고 생각했던지 하노이 회담을 앞두고 트럼프가 싱가포르 회담에서와 같은 실수를 하지 않도록 하는 데 집중했다.",
		"summary2": "볼턴은 2019년 2월 말쯤 예정된 하노이 회담을 앞두고 트럼프가 싱가포르 회담에서와 같은 실수를 하지 않도록 하는 데 집중하였다. 그는 김정은이 핵폐기를 할 생각이 없는 것을 확인한 이상, 두루뭉술한 합의를 막는 게 최선의 국익이란 생각을 하였던 것 같다.",
		"summary3": null,
		"summary_3_cnt": null
	}
}