{
	"Meta(Acqusition)": {
		"doc_id": "REPORT-edit-20027",
		"doc_category": "REPORT",
		"doc_type": "edit",
		"doc_name": "군부 쿠데타로 축출된 미얀마 민주화의 상징",
		"author": null,
		"publisher": null,
		"publisher_year": null,
		"doc_origin": "월간조선"
	},
	"Meta(Refine)": {
		"passage_id": "REPORT-edit-20027-00002",
		"passage": " 시위 전면에 나섰던 그는 이듬해인 1989년 군정으로부터 구금을 당했다. 장장 15년간이었다. 구금 상태던 1991년에는 민주화운동에 기여한 공로로 노벨평화상을 받았다. 남편과 두 아들이 대리 수상하는 상징적 장면에 전 세계가 미얀마를 주목했다. 1995년 가택연금에서 해제된 이후에도 구금과 석방을 반복하다가 2010년 말 전격 석방됐다.\n 2012년 보궐선거에 당선되면서 제도권 정치에 발을 디뎠다. 2015년 11월 총선에서는 NLD가 의회 과반을 차지하며 정권 교체도 이뤄냈다. 국가고문 겸 외교장관에 취임했지만 대통령은 되지 못했다. 군부가 만든 헌법 때문이었다. 헌법에 없는 국가고문(국가자문역)이라는 자리를 만들었고, 대통령 위의 지도자가 됐다.\n 그러나 집권 이후 행보는 인권을 위해 몸 바쳤던 운동가와는 거리가 있었다. 미얀마 내 소수민족인 로힝야족(族)에 대한 군부의 대대적인 탄압을 묵인한 게 대표적이다. 2017년부터 이뤄진 군의 축출 작전으로 로힝야인 수천명이 학살당했고, 수백 개 마을이 불탔다. 그러나 그는 이에 침묵했다. 미얀마 국내 여론이 로힝야족에 비판적인데다가 군부에 정면으로 반대할 수 없었기 때문이다. 2019년 네덜란드 헤이그에 있는 국제사법재판소(ICJ)에서는 직접 군부의 대량 학살 혐의를 부인하는 연설을 하기도 했다. \n 세계의 반발이 커졌다. 노벨평화상 수상을 취소하라는 청원이 이어졌다. 국제앰네스티는 수치에게 2009년 수여한 최고 영예인 양심대사상을 박탈했다. 영국 옥스퍼드시와 아일랜드 더블린시는 그의 명예시민 자격을 철회했다. 이때 ‘아시아의 수치(羞恥)’라는 혹평도 받았다.⊙\n",
		"passage_Cnt": 804
	},
	"Annotation": {
		"summary1": "그는 국제사법재판소에서 군부의 대량 학살 혐의를 부인하는 연설을 했는데 국제앰네스티는 양심대사상을 박탈했고 영국과 아일랜드는 그의 명예시민 자격을 철회했다.",
		"summary2": "2019년 네덜란드 헤이그에 있는 국제사법재판소(ICJ)에서는 직접 군부의 대량 학살 혐의를 부인하는 연설을 하기도 했다. 국제앰네스티는 수치에게 2009년 수여한 최고 영예인 양심대사상을 박탈했다. 영국 옥스퍼드시와 아일랜드 더블린시는 그의 명예시민 자격을 철회했다.",
		"summary3": null,
		"summary_3_cnt": null
	}
}