{
	"Meta(Acqusition)": {
		"doc_id": "REPORT-edit-20056",
		"doc_category": "REPORT",
		"doc_type": "edit",
		"doc_name": "對北제재 피한 北의 돈세탁과 자금 조달 방법 상세히 적시",
		"author": null,
		"publisher": null,
		"publisher_year": null,
		"doc_origin": "월간조선"
	},
	"Meta(Refine)": {
		"passage_id": "REPORT-edit-20056-00006",
		"passage": " 미국의 이번 기소는 대북 압박용 카드라는 분석이 나오고 있다. 실제 북한은 미국이 기소 사실을 공개하자 즉각 반응을 보였다. 하지만 북한은 미국이 아닌 남한을 향해 원색적인 비난을 퍼부었다. 북한은 6월 14일 북한 개성에 위치한 남북공동연락사무소를 일방적으로 폭파했다.\n 북한은 왜 미국이 아닌 대한민국을 향해 강경 발언을 했을까. 이에 대해 전문가들은 북한은 아직 미국과 협상의 여지를 남겨놓은 것이라고 평가했다. 반면 남한과는 대화할 이유가 없기 때문에 문재인 정부를 향해 맹비난한 것으로 풀이된다.\n 국가안보전략연구원의 한 책임연구원은 “북한이 갑자기 발작 증세를 보인 것은 경제적인 문제가 제일 크다”며 “미국이 북한 돈줄을 막으니 이에 대해 화풀이를 한 것”이라고 말했다.\n 여러 대북 소식통에 따르면 현재 북한은 유엔과 미국의 대북제재로 인해 경제적 어려움을 겪고 있다. 여기에 코로나19로 인해 중국이 국경까지 봉쇄한 상태다. 이런 상황에서 미국이 북한의 돈줄을 쥐고 압박하자 북한 입장에선 화풀이 대상이 필요했을 것이다. 그 화풀이 상대가 남한이 된 것이다. 하지만 문재인 정부는 대응 한번 하지 않고, 평화적 해결을 주장하고 있다.\n 한 대북 소식통은 “현재 평양에도 달러가 바닥이 난 상태다. 지난 4월경 북한이 중국으로부터 현금을 원조받았다”며 “당시 북한은 중국에 달러로 줄 것을 요구했지만, 중국은 달러가 아닌 위안으로 준 것으로 안다”고 말했다.\n",
		"passage_Cnt": 714
	},
	"Annotation": {
		"summary1": "미국의 기소에 대해 북한은 미국이 아닌 남한을 향해 비난을 퍼부었는데 이는 북한이 아직 미국과 협상의 여지를 남겨놓은 것이다.",
		"summary2": "미국의 이번 기소는 대북 압박용 카드라는 분석이 나오고 있다. 하지만 북한은 미국이 아닌 남한을 향해 원색적인 비난을 퍼부었다. 이에 대해 전문가들은 북한은 아직 미국과 협상의 여지를 남겨놓은 것이라고 평가했다.",
		"summary3": null,
		"summary_3_cnt": null
	}
}