{
	"Meta(Acqusition)": {
		"doc_id": "REPORT-edit-10012",
		"doc_category": "REPORT",
		"doc_type": "edit",
		"doc_name": "北 김정은에 축전 보낸 영국 엘리자베스 여왕, 왜?",
		"author": null,
		"publisher": null,
		"publisher_year": null,
		"doc_origin": "월간조선"
	},
	"Meta(Refine)": {
		"passage_id": "REPORT-edit-10012-00002",
		"passage": "앞서 지난 11일 북 조선중앙통신은 “조선민주주의인민공화국 국무위원장인 김정은 동지에게 브리튼 및 북아일랜드 연합왕국 여왕 엘리자베스 2세가 7일 축전을 보내왔다”고 보도했다. 하지만 가짜 축전이라는 의혹이 일었다.앞서 지난 11일 북 조선중앙통신은 “조선민주주의인민공화국 국무위원장인 김정은 동지에게 브리튼 및 북아일랜드 연합왕국 여왕 엘리자베스 2세가 7일 축전을 보내왔다”고 보도했다. 하지만 가짜 축전이라는 의혹이 일었다. \n같은 시각 CNN 또한 엘리자베스 여왕이 북한의 국경일을 맞아 축하 메시지를 보낸 것은 사실이라고 전했다.같은 시각 CNN 또한 엘리자베스 여왕이 북한의 국경일을 맞아 축하 메시지를 보낸 것은 사실이라고 전했다.\n보도에 따르면 축전은 북한 정권수립 73주년을 기념해 엘리자베스 2세 영국 여왕이 김정은에게 보낸 응원메시지다. 수신자는 ‘조선민주주의인민공화국 김정은 국무위원장’이며 여왕은 “국경절을 경축하고 있는 조선민주주의인민공화국 인민들의 앞날을 축원한다(As the people of the Democratic People’s Republic of Korea celebrate their National Day, I send my good wishes for the future)”고 썼다고 한다.보도에 따르면 축전은 북한 정권수립 73주년을 기념해 엘리자베스 2세 영국 여왕이 김정은에게 보낸 응원메시지다. 수신자는 ‘조선민주주의인민공화국 김정은 국무위원장’이며 여왕은 “국경절을 경축하고 있는 조선민주주의인민공화국 인민들의 앞날을 축원한다(As the people of the Democratic People’s Republic of Korea celebrate their National Day, I send my good wishes for the future)”고 썼다고 한다. \n",
		"passage_Cnt": 911
	},
	"Annotation": {
		"summary1": "김 위원장에게 브리튼 및 북아일랜드 연합왕국 여왕 엘리자베스 2세가 축전을 보냈다고 보도한 것에 대해 가짜 축전이라는 의혹이 일었다.",
		"summary2": "앞서 지난 11일 북 조선중앙통신은 “조선민주주의인민공화국 국무위원장인 김정은 동지에게 브리튼 및 북아일랜드 연합왕국 여왕 엘리자베스 2세가 7일 축전을 보내왔다”고 보도했다. 하지만 가짜 축전이라는 의혹이 일었다.",
		"summary3": null,
		"summary_3_cnt": null
	}
}