{
	"Meta(Acqusition)": {
		"doc_id": "REPORT-edit-00062",
		"doc_category": "REPORT",
		"doc_type": "edit",
		"doc_name": "【서봉대의 ‘되짚기’】 내년 대선에서 이기는 길… 영남후보론",
		"author": null,
		"publisher": null,
		"publisher_year": null,
		"doc_origin": "월간조선"
	},
	"Meta(Refine)": {
		"passage_id": "REPORT-edit-00062-00002",
		"passage": "# 더불어민주당의 주류세력인 친문 측에서 내년 3월 대선과 관련, 후보경선 연기론이 제기되고 있는 배경은 뭘까.\n경쟁력에서 앞서는 친문(친 문재인) 후보가 아직 없다고 판단했기 때문으로 볼 수도 있다. 이재명 경기지사의 경우 여론조사에서는 여권의 유력 대선주자로 떠오르고 있지만, 친문 측과 갈등관계를 풀지 못하고 있다.\n하지만 경선을 연기하려는 더 큰 이유는 영남권 후보가 별로 눈에 띄지 않는다는 점에 있다.\n영남 후보감으로 일찌감치 주목받았던 조국 전 법무장관과 김경수 경남지사는 딸 입시비리와 대선 댓글조작 등의 사건에 각각 연루돼 정치적으로 회복하기 어려운 상처를 입었다.\n김부겸 국무총리 후보자나 유시민 노무현재단 이사장도 영남출신이지만 출마 가능성은 아직 낮아 보인다.\n안동출신인 이 지사 외에는 여권의 영남후보가 없는 형편이지만, 그에게 반감을 갖고 있는 친문 측은 대안 모색 쪽으로 기울어 있다. 문재인 대통령의 ‘퇴임 후 안전 보장’ 문제를 놓고 이 지사를 믿기 어렵다는 분위기도 적잖다. 또 초등학교 졸업후 수도권으로 이사와 생활해왔던 그를 영남후보라고 내세우기에는 표 확장성에 한계가 있다는 논리를 제시하기도 했다.\n그렇다고 영남출신이면서 동시에 친문인 후보를 찾는 것도 쉽지 않은 상황이다. 게다가 문 대통령의 지지율이 최근 여론조사에서 20%대로 추락하면서 집권당보다 뒤지는 등 레임덕 (권력 누수 )이 현실화된 상황을 감안하면, 대선국면에서 친문의 기세가 꺾이는 건 시간문제일 뿐이다.\n",
		"passage_Cnt": 735
	},
	"Annotation": {
		"summary1": "여권의 유력 대선주자로 떠오르고 있는 이 지사는 친문 측과 갈등관계가 있으며 그에게 반감을 갖고 있는 친문 측은 대안 모색 쪽으로 기울어 있다.",
		"summary2": "안동출신인 이 지사 외에는 여권의 영남후보가 없는 형편이지만, 그에게 반감을 갖고 있는 친문 측은 대안 모색 쪽으로 기울어 있다. 이재명 경기지사의 경우 여론조사에서는 여권의 유력 대선주자로 떠오르고 있지만, 친문 측과 갈등관계를 풀지 못하고 있다.",
		"summary3": null,
		"summary_3_cnt": null
	}
}