{
	"Meta(Acqusition)": {
		"doc_id": "REPORT-edit-20047",
		"doc_category": "REPORT",
		"doc_type": "edit",
		"doc_name": "후원조직 만들고, 설문조사 통해 정책 개발하는 데 앞장서",
		"author": null,
		"publisher": null,
		"publisher_year": null,
		"doc_origin": "월간조선"
	},
	"Meta(Refine)": {
		"passage_id": "REPORT-edit-20047-00007",
		"passage": " 마크롱 지지를 선언한 대표적인 원로 지식인 중 하나가 약 40년의 정치 경력을 가진 제라르 콜롬브(1947년생) 리옹 시장이다. 리옹 시장을 17년 역임하고, 사회당의 상원의원과 간부, 국회의원을 역임한 그는 사회당 내에서도 우파로 구분되는 인사였다. 그는 마크롱의 추진력을 높이 사면서, 프랑스에 새로운 바람을 불러일으킬 수 있고, 사회당 내에서도 개혁주의 좌파의 지지를 모을 수 있다는 판단하에 2016년 5월 마크롱 지지를 선언했다.\n 제라르 콜롬브의 지지는 그의 홈그라운드인 리옹을 마크롱 지지 도시로 바꾸었다. 그는 자신의 네트워크를 활용하여 지역 의원들과 지지자들이 마크롱을 지지하게끔 설득했고, 물리적 지원도 아끼지 않았다. 또한 리옹 지역 기업가들을 초대하여 마크롱과 만남을 주선했다.\n 제라르 콜롬브의 지지는 리옹 지역의 사회당을 무력화(無力化)시켰다. 그의 마크롱 지지 선언 당일 리옹 지역 50여 명의 사회당 당원은 앙 마르슈의 합류를 선언했다. 리옹 출신의 다비드 키메펠드 사회당 1등 보좌관과 이브 블레인 리옹 국회의원 등 유력인사들도 마크롱의 앙 마르슈에 합류했다.\n 마크롱의 승리에는 기존 정치 원로들의 도움 또한 큰 역할을 했다. 이는 우리나라처럼 정치 원로가 자신의 대권을 위해 청년들을 소모품으로 활용하지 않고 새로운 프랑스를 위해 젊은 청년인 마크롱을 대통령으로 만들기 위해 진심으로 도왔다는 점에서 큰 차이가 있다.\n",
		"passage_Cnt": 702
	},
	"Annotation": {
		"summary1": "리옹 시장은 프랑스에 새로운 바람을 불러 일으킬 수 있는 마크롱의 추진력을 높이 사면서 지지를 선언했다.",
		"summary2": "그는 마크롱의 추진력을 높이 사면서, 프랑스에 새로운 바람을 불러일으킬 수 있고, 사회당 내에서도 개혁주의 좌파의 지지를 모을 수 있다는 판단하에 2016년 5월 마크롱 지지를 선언했다. 마크롱 지지를 선언한 대표적인 원로 지식인 중 하나가 약 40년의 정치 경력을 가진 제라르 콜롬브(1947년생) 리옹 시장이다.",
		"summary3": null,
		"summary_3_cnt": null
	}
}