{
	"Meta(Acqusition)": {
		"doc_id": "REPORT-edit-10392",
		"doc_category": "REPORT",
		"doc_type": "edit",
		"doc_name": "미북정상회담 전격 취소한 트럼프의 속내",
		"author": null,
		"publisher": null,
		"publisher_year": null,
		"doc_origin": "월간조선"
	},
	"Meta(Refine)": {
		"passage_id": "REPORT-edit-10392-00001",
		"passage": "5월 24일 트럼프 미국 대통령은 6월 12일로 예정됐던 미북정상회담을 전격적으로 취소했다. 트럼프 대통령의 성격이나 그간의 행적으로 볼 때, 이는 어느 정도 예측할 수 있는 일이었다. 기자는 4월호에 '트럼프 저서로 본 11가지 거래의 기술'이라는 기사를 쓴 바 있다. 트럼프 미국 대통령이 쓴 과 등에서 트럼프가 한 말을 바탕으로 미북정상회담에서의 트럼프의 전략을 분석한 기사였다.\n이 기사는 미북정상회담이 잘 풀릴 가능성을 배제하지 않으면서도 \"트럼프는 북한에 대한 의심을 지우지 않고 핵무기 및 ICBM 폐기에 대해 철저한 검증을 요구할 것이다\" \"트럼프는 김정은과의 정상회담도 ‘최고의 물건’으로 만들려 노력할 것이다. 하지만 미북정상회담이 ‘최고의 물건’이 될 수 없고 자기에게 ‘장사’가 되지 않는다고 판단하면, 이를 주저없이 깨버릴 수도 있다\" \"트럼프는 김정은과의 회담을 원칙을 무너뜨려가면서까지 ‘협상을 위한 협상’으로 끌고 가지는 않을 것이다\"라고 분석했다. 트럼프의 미북정상회담 취소 선언에 즈음해 최근의 상황을 대입(代入)해서 트럼프 대통령의 을 다시 한 번 소개한다.\n1. 크게 생각하라\n〈나는 크게 생각하기를 좋아한다. 사람들은 대개 무언가 결정을 내려야 할 경우 일을 성사시킨다는 것에 대해 두려움을 갖기 때문에 규모를 작게 생각하는 경향이 있다. 그런 점이 나 같은 사람에게는 굉장히 유리하게 작용하지만.〉\n이 말대로 트럼프 대통령은 김정은과 ‘빅딜(big deal)’을 모색했다. 과거 6자 회담을 비롯한 북핵 관련 대화들은 몇 개의 단계를 상정하고 단계마다 미국과 북한이 작은 양보를 주고받는 식으로 이루어져 왔다. 하지만 ‘크게 생각하기를 좋아하는’ 트럼프 대통령은 북한에 ‘완전하고 검증가능하며 돌이킬 수 없는 해체(CVID·Complete, Verifiable, Irreversible Dismantlement)’를 요구하면서 그에 대한 반대급부로 북한에 대한 파격적인 지원을 시사했다.\n",
		"passage_Cnt": 967
	},
	"Annotation": {
		"summary1": "트럼프가 예정됐던 미북정상회담을 전격 취소한 것은 그의 성격이나 행적으로 볼 때 어느 정도 예측할 수 있는 일이었다.",
		"summary2": "5월 24일 트럼프 미국 대통령은 6월 12일로 예정됐던 미북정상회담을 전격적으로 취소했다. 트럼프 대통령의 성격이나 그간의 행적으로 볼 때, 이는 어느 정도 예측할 수 있는 일이었다.",
		"summary3": null,
		"summary_3_cnt": null
	}
}