{
	"Meta(Acqusition)": {
		"doc_id": "REPORT-edit-00002",
		"doc_category": "REPORT",
		"doc_type": "edit",
		"doc_name": "【이상곤의 ‘흐름’】 윤석열, ‘여의도 정치’ 공부법 터득했나?",
		"author": null,
		"publisher": null,
		"publisher_year": null,
		"doc_origin": "월간조선"
	},
	"Meta(Refine)": {
		"passage_id": "REPORT-edit-00002-00001",
		"passage": "윤석열 국민의힘 대선후보는 자기만의 공부법이 있었다.과거 고시공부를 할 때도 다른 고시생들과 공부방법이 달랐다.다른 고시생들은 주로 여러 과목의 책을 한권의 서브노트로 요약하고 이 노트를 달달 외우는 식으로 공부를 했다고 한다.하지만 윤 후보는 그게 아니었다.서브노트를 만들지 않고 모든 과목의 책을 그냥 읽었다.그러다보니2~3시간이 지나면 그가 공부하는 책상에는 책이 수북이 쌓였다.책을 보다 궁금한 부분이 있으면 관련된 책을 모두 찾아 본 것이다.그러니 고시 공부에 진도가 나갈 리가 없었다.윤 후보가9수(修)만에 고시에 합격한 이유를 알 것 같다.\n윤 후보가 자동차 운전면허가 없는 이유도 특이하다.지난7일KBS2예능프로그램인‘옥탑방의 문제아들’에 나와 그가 한 말이다.그는 워낙 외우는 공부를 싫어했다고 한다.그래서 다들 쉽게 통과하는 자동차 운전면허 필기시험도“(시험을 봤다면)다섯 번은 떨어졌을 것”이라고 했다.그는이라는 게 그 이유다.\n윤 후보는 이렇게 고지식해 보일 정도로 원칙적인 사람이다.\n이런 그가 지금 정치입문5개월여 만에 제1야당의 대선 주자가 돼 있다.그에게서 위선 정권 심판과 단죄의 희망을 본 국민적 여망이 그를 정치판 한가운데로 불러들였다.하지만 아직 그에게 정치는 모든 게 생소할 수밖에 없다.지금 그는 불의한 정권의 위법과 부당함에 저항하던‘검사 윤석열’이 아니다.제1야당의 대선 후보가 됐지만 정치판에서 내세울 만한 세력이라곤‘검찰인맥’외 별로 없다.주변에‘윤석열 사람들’이 있지만 대부분‘용병‘으로 보면 된다.오히려 그를 흔들려는’적‘들이 더 많다.이것이 여의도 정치 한가운데 던져진 대선후보 윤석열의’현주소‘다.\n",
		"passage_Cnt": 813
	},
	"Annotation": {
		"summary1": "윤 후보는 다른 고시생들처럼 여러 과목의 책을 서브노트 한 권으로 요약하는 식으로 공부하는 것이 아닌 자기만의 공부법이 있었다.",
		"summary2": "윤석열 국민의힘 대선후보는 자기만의 공부법이 있었다. 다른 고시생들은 주로 여러 과목의 책을 한권의 서브노트로 요약하고 이 노트를 달달 외우는 식으로 공부를 했다고 한다. 하지만 윤 후보는 그게 아니었다.",
		"summary3": null,
		"summary_3_cnt": null
	}
}