{
	"Meta(Acqusition)": {
		"doc_id": "REPORT-edit-20056",
		"doc_category": "REPORT",
		"doc_type": "edit",
		"doc_name": "對北제재 피한 北의 돈세탁과 자금 조달 방법 상세히 적시",
		"author": null,
		"publisher": null,
		"publisher_year": null,
		"doc_origin": "월간조선"
	},
	"Meta(Refine)": {
		"passage_id": "REPORT-edit-20056-00001",
		"passage": " 《월간조선》은 미국 워싱턴DC 연방검찰이 지난 5월 2일에 작성한 50페이지 분량의 공소장을 입수했다. 공소장에는 북한 조선무역은행이 미국의 대북제재를 피해 어떤 방식으로 돈세탁을 했고, 어떻게 북한 핵·미사일 개발 관련 자금을 조달했는지가 상세히 적시되어 있다.\n 조선무역은행은 평양에 본부를 두고 있다. 공소장에 따르면 조선무역은행은 여러 국가의 금융 기관과 관계를 맺고 있으며, 여러 지역에 비밀지점을 두고 있다. 조선무역은행의 직원은 총 900여 명 되는 것으로 알려졌다. 이 중 해외 비밀지점에 나와 있는 직원은 300여 명이 되는 것으로 나타났다.\n 조선무역은행은 해외에서 신용대출, 투자, 외화사용 규제 회피, 외국 은행들과 협상뿐만 아니라 다양한 물자의 수출·수입 등을 담당하고 있다. 미국 재무부가 2013년 3월 조선무역은행을 국제 결제망에서 퇴출시켰지만 지금까지도 비밀리에 활동한 것으로 알려졌다.\n 미국 검찰이 공개한 공소장에 따르면 고철만·김성의 전 조선무역은행 총재와 한웅·리종남 전 부총재를 포함한 평양 본점 및 해외 지점 직원 28명과 황하이린 등 중국인 직원 5명은 250개 해외 지점과 유령기업 이름으로 비밀리에 영업하며 제재를 회피했다. 중국 베이징·선양·단둥·주하이, 러시아 모스크바·블라디보스토크·하바롭스크, 오스트리아, 태국, 쿠웨이트, 리비아 등 10여 개 지점이 해외영업을 계속한 것으로 나타났다.\n 조선무역은행이 주요 거점으로 둔 중국 지점의 총책은 김동철이다. 김동철은 중국 선양에 위치한 조선무역은행의 비밀지점에서 활동했다. 특히 김동철은 조선무역은행의 프론트 조직인 SIG(Sumer International Group)와 무역회사 헤드순(Headsoon)을 관리하는 책임자다. 이뿐만 아니라 김동철은 조선무역은행의 유령회사인 SBC(Shenyang Bright Century)와 국제무역회사 밍정(Mingzheng)을 관리하고 있다. 2017년 9월 미국 해외자산통제국은 밍정을 조선무역은행의 물자 등을 공급해주는 대행업체로 지목했다.\n",
		"passage_Cnt": 1002
	},
	"Annotation": {
		"summary1": "조선무역은행의 중국 지점은 김 씨이며 그는 중국 선양에 위치한 비밀지점에서 활동했다.",
		"summary2": "조선무역은행이 주요 거점으로 둔 중국 지점의 총책은 김동철이다. 김동철은 중국 선양에 위치한 조선무역은행의 비밀지점에서 활동했다.",
		"summary3": null,
		"summary_3_cnt": null
	}
}