{
	"Meta(Acqusition)": {
		"doc_id": "REPORT-edit-20032",
		"doc_category": "REPORT",
		"doc_type": "edit",
		"doc_name": "“백신 나와도 코로나19 퇴치되지 않는다”",
		"author": null,
		"publisher": null,
		"publisher_year": null,
		"doc_origin": "월간조선"
	},
	"Meta(Refine)": {
		"passage_id": "REPORT-edit-20032-00001",
		"passage": " 코로나19 변이(變異) 소식이 전해지고, 미국에 이어 유럽 내 생산 백신에 대한 수출 금지 뉴스도 나오고 있다. 전(全) 국민 백신 접종이 언제 가능할지도 의문이지만, 백신 투여가 이미 시작된 구미(歐美) 여러 나라의 상황도 궁금하다. 변이를 거듭한다는 코로나19가 어디로 흘러가고 있는지, 바이러스에 묶인 인류의 고통이 과연 언제쯤 끝날 수 있을지도 알고 싶다.\n 그래서 필자는 지난해 11월부터 미국 워싱턴 주변부 지인(知人)을 통해 WHO(세계보건기구) 팬데믹 호흡기성 바이러스 전문가인 니키 신도(Nikki Shindo) 박사와의 인터뷰를 추진해왔다. 그가 바이러스 문제와 관련해 최고 전문가라는 얘기는 여러 곳에서 들었다. 에볼라·사스(SARS·중증급성 호흡기증후군), 조류독감(鳥類毒感·AI) 등을 직접 다루어온 인물로, 현재 WHO 코로나19 담당 고위 어드바이저로 일하고 있다. 현장 경험에 바탕을 둔 글로벌 팬데믹 대응에 관한 세계 제1인자로 보면 된다. 처음 그의 이름을 들었을 때는 티베트나 인도 출신인 줄 알았는데, 일본 출신이다. 비디오 앱 줌(Zoom)으로 그의 스위스 제네바 현지 WHO 사무실을 연결해 대재앙 전염병의 오늘과 내일, 나아가 백신에 매달리는 전 세계 현황에 대해 알아봤다. 코로나19와 관련해 WHO 최고 전문가와 행한 국내 첫 인터뷰다. \n ― 지난 1월 중순 WHO 조사팀이 중국 우한(武漢)에 들어간 이유는 무엇인가.\n",
		"passage_Cnt": 710
	},
	"Annotation": {
		"summary1": "변이를 거듭하는 코로나19가 언제쯤 끝날 수 있을지 알고 싶어 WHO 팬데믹 호흡기성 바이러스 전문가인 니키 박사와 인터뷰를 추진했다.",
		"summary2": "변이를 거듭한다는 코로나19가 어디로 흘러가고 있는지, 바이러스에 묶인 인류의 고통이 과연 언제쯤 끝날 수 있을지도 알고 싶다. 그래서 필자는 지난해 11월부터 미국 워싱턴 주변부 지인(知人)을 통해 WHO(세계보건기구) 팬데믹 호흡기성 바이러스 전문가인 니키 신도(Nikki Shindo) 박사와의 인터뷰를 추진해왔다.",
		"summary3": null,
		"summary_3_cnt": null
	}
}