{
	"Meta(Acqusition)": {
		"doc_id": "REPORT-edit-10035",
		"doc_category": "REPORT",
		"doc_type": "edit",
		"doc_name": "'100억원짜리 인터뷰' 英 해리 왕자 부부 인터뷰 내용은?",
		"author": null,
		"publisher": null,
		"publisher_year": null,
		"doc_origin": "월간조선"
	},
	"Meta(Refine)": {
		"passage_id": "REPORT-edit-10035-00001",
		"passage": "영국 왕실의 폭로전에 전세계의 관심이 쏠리고 있다. 미국 CBS는 미 동부시간 기준 7일 오후 8시(한국시간 8일 오전 10시)에 방송되는 프로그램 '60분'을 통해 해리 왕자(엘리자베스 여왕의 손자/찰스 왕세자의 둘째 아들)와 그 부인 메건 마클 왕자빈 인터뷰를 내보낸다. 방송은 2시간 동안 오프라 윈프리가 진행한다.\n영국 왕실의 인종차별 등 추악한 면을 폭로할 예정인 이 인터뷰를 위해 CBS는 100억원 가량의 거액을 쏟아부은 것으로 알려졌다.\n미국 일간 월스트리트저널(WSJ)은 6일(현지시간) CBS가 해리 왕자와 메건 마클 왕자비와의 2시간 인터뷰 라이선스 구입 비용으로 오프라 윈프리의 제작사 하포 프로덕션에 700만 달러(79억원)에서 최대 900만 달러(101억원)를 지급했다고 보도했다. 이 인터뷰 방영권 획득을 위해 다른 주요 방송사들도 유치전에 뛰어들었지만 CBS가 최종 선정됐다. 다만 해리 왕자 부부가 별도로 인터뷰 비용을 받지는 않았다고 WSJ은 전했다.\n.\n인터뷰 방송은 하포 프로덕션을 통해 영국을 비롯해 해외 각국에 방영될 예정이다.\n해리 왕자와 마클 왕자비는 2019년부터 왕실 행사에 참석하지 않고 미국 LA에 거주하고 있으며 2020년 1월 왕실에서 독립하겠다고 선언했다. 2021년 2월에는 공식적으로 \"왕실 구성원으로 복귀하지 않겠다\"는 의사를 왕실에 밝혔다. 이에 따라 해리 왕자는 명예 해병대 지휘관 등 왕실 일원으로서 갖고 있는 명예 직책을 모두 반납했고 왕실의 금전적 후원도 완전히 끊겼다.\n",
		"passage_Cnt": 751
	},
	"Annotation": {
		"summary1": "미국 CBS는 오프라 윈프리가 진행하는 해리 왕자와 그 부인 메건 마클 왕자빈 인터뷰를 내보낸다.",
		"summary2": "미국 CBS는 미 동부시간 기준 7일 오후 8시(한국시간 8일 오전 10시)에 방송되는 프로그램 '60분'을 통해 해리 왕자(엘리자베스 여왕의 손자/찰스 왕세자의 둘째 아들)와 그 부인 메건 마클 왕자빈 인터뷰를 내보낸다. 방송은 2시간 동안 오프라 윈프리가 진행한다.",
		"summary3": null,
		"summary_3_cnt": null
	}
}