{
	"Meta(Acqusition)": {
		"doc_id": "REPORT-edit-20016",
		"doc_category": "REPORT",
		"doc_type": "edit",
		"doc_name": "바이든 행정부는 북한 인권을 개선할 수 있을까",
		"author": null,
		"publisher": null,
		"publisher_year": null,
		"doc_origin": "월간조선"
	},
	"Meta(Refine)": {
		"passage_id": "REPORT-edit-20016-00002",
		"passage": " 미국은 30년 이상 중국의 인권 문제를 제기해왔다. 1989년 천안문 사태를 계기로 미국은 중국의 인권 문제에 직접적으로 목소리를 내기 시작했다. 물론 그 이전에도 주목의 대상이긴 했다. 미국 국무부는 1977년부터 각국의 인권 관련 연례보고서를 발표하고 있다. 이때부터 중국의 인권 상황을 보고했다.\n 천안문 사태 이후부터 미국 정부와 의회는 본격적으로 중국 인권 문제를 지적하기 시작했다.\n 1990년 12월, 미 국무부 차관보가 중국을 방문해 중국 내 모든 정치범의 석방을 요구했다. 1991년 3월엔 미국 의회 대표단이 석방된 정치범들의 명단을 제출하고 비폭력적인 정치범을 사면할 것을 중국 정부에 요구했다. 이후 미국 의회는 반체제 인사 구금, 파룬궁(法輪功) 수련자 탄압, 티베트와 신장위구르 지역에서의 소수민족 박해, 인터넷을 포함한 여론 검열, 탈북자 강제 북송 등에 대해 여러 번 결의안을 의결했다.\n 중국은 심하게 반발했다. ‘주권 침해’라는 것이다. 미국 국무부가 매년 발표하는 인권보고서를 두고 ‘패권주의의 새로운 표현’이라고 비난했다. 그러면서 오히려 미국의 인권 침해를 지적하고 나섰다. 1999년부터는 《미국 인권 백서》를 발간하고 있다. 미국 내 인권 침해 상황을 지적하는 내용이다. 중국은 미국의 인권 문제 제기를 이렇게 묘사한다.\n 〈미국은 자국의 인권 문제에 대해서는 눈을 감고, 다른 국가의 인권 문제에 대해서는 하나의 눈을 뜨며, 중국의 인권 문제에 대해서는 양 눈을 부릅뜬다.〉\n",
		"passage_Cnt": 739
	},
	"Annotation": {
		"summary1": "1989년 천안문 사태를 계기로 미국은 30년 이상 중국의 인권 문제에 대해 목소리를 내왔다.",
		"summary2": "미국은 30년 이상 중국의 인권 문제를 제기해왔다. 1989년 천안문 사태를 계기로 미국은 중국의 인권 문제에 직접적으로 목소리를 내기 시작했다.",
		"summary3": null,
		"summary_3_cnt": null
	}
}