{
	"Meta(Acqusition)": {
		"doc_id": "REPORT-edit-20015",
		"doc_category": "REPORT",
		"doc_type": "edit",
		"doc_name": "“드레스 코드 무시는 無禮와 無知의 극치”",
		"author": null,
		"publisher": null,
		"publisher_year": null,
		"doc_origin": "월간조선"
	},
	"Meta(Refine)": {
		"passage_id": "REPORT-edit-20015-00003",
		"passage": " 인민복 차림의 시진핑을 보면서 문득 최근 화제가 된 사진 한 장이 떠올랐다. 지난 6월 14일, ‘사진 한 장으로 보는 대한민국의 위상’이란 타이틀로 발표된 문재인 대통령의 G7 정상(頂上)회의 참가 홍보 포스터다. 정부가 발표한 공식 기록인데, 왼쪽 끝에 서 있던 남아프리카 대통령을 삭제한 채 발표돼 물의를 일으킨 사진이다. 신문·방송에서 지적 하자 뒤늦게 남아프리카 대통령 사진을 복원했지만 뭔가 석연찮다. 한국 대통령을 앞줄 중간에 두고 일본 총리를 구석으로 밀어붙이려는 의도하에 벌어진 조잡한 연출이라는 해석이 분분하다. 용비어천가와 반일(反日)로 엮인 기발한 작품이라고나 할까?\n 최근 들리는 청와대발(發) 뉴스의 공통점이지만 사진과 더불어 자화자찬(自畵自讚)도 풍성했다. G7 이외 참가국으로 영(英)연방국이 아닌 나라가 한국뿐이란 얘기가 들렸다. 마치 ‘문재인 외교의 승리’이고, 당장에라도 한국이 G8에 들어갈 듯한 느낌을 주는 사진이었다.\n 한국이 세계 무대의 주역으로 나서는 데 반대하는 한국인은 단 한 사람도 없을 것이다. 그러나 국내용 자화자찬이 도를 넘어선 듯하다. 요즘 세상에는 인터넷만 뒤져도 몇십 년간 상황 전체를 알 수 있다.\n 먼저 주목해야 할 부분은 G7 참가국(Members)과 초대국(Invitees)의 구별이다. 너무나 당연한 얘기지만, 한국은 참가국이 아니라 초대국이다. 올해 G7은 영국에서 지난 6월 11일부터 13일까지 진행됐다. 대부분의 주요 의제는 회의 첫날인 6월 11일 하루 만에 종결됐다. G7 정상회담 이전에 이미 G7 각료 간 각론(各論) 회의가 선행(先行)됐기 때문이다. 첫날 회의 참석자는 G7 멤버와 유럽연합(EU), 유럽의회(EC) 대표였다. 저녁에는 공식 만찬이 열렸다. 올해는 엘리자베스 여왕이 직접 참석해 만찬을 주관했다. 초대국은 한국·인도를 비롯해 전부 네 나라다. 인도는 코로나19 문제로 막판에 방문을 취소했다.\n",
		"passage_Cnt": 949
	},
	"Annotation": {
		"summary1": "사진 한 장으로 보는 대한민국의 위상이라는 타이틀로 발표된 문 대통령의 G7 정상회의 참가 홍보 포스터는 왼쪽 끝에 있던 남아프리카 대통령을 삭제한 채 발표돼 물의를 일으켰다.",
		"summary2": "지난 6월 14일, ‘사진 한 장으로 보는 대한민국의 위상’이란 타이틀로 발표된 문재인 대통령의 G7 정상(頂上)회의 참가 홍보 포스터다. 정부가 발표한 공식 기록인데, 왼쪽 끝에 서 있던 남아프리카 대통령을 삭제한 채 발표돼 물의를 일으킨 사진이다.",
		"summary3": null,
		"summary_3_cnt": null
	}
}