{
	"Meta(Acqusition)": {
		"doc_id": "REPORT-edit-20038",
		"doc_category": "REPORT",
		"doc_type": "edit",
		"doc_name": "“미국의 정신을 되찾겠다”",
		"author": null,
		"publisher": null,
		"publisher_year": null,
		"doc_origin": "월간조선"
	},
	"Meta(Refine)": {
		"passage_id": "REPORT-edit-20038-00002",
		"passage": " 일곱 번째 상원의원 임기는 15일밖에 되지 않았다. 2009년부터 2017년까지 오바마 대통령의 러닝메이트로 부통령을 지내야 했기 때문이다.\n 그는 아픈 가족사도 있다. 첫 상원의원 당선 직후인 1972년 12월 18일, 부인 네일리어와 한 살배기 딸 나오미가 교통사고로 세상을 떠났다. 장남 보와 차남 헌터도 크게 다쳤다. 다친 아들을 돌보느라 병실에서 취임 선서를 했다. 두 아들을 위해 델라웨어에서 워싱턴DC까지 통근했는데, 그 거리가 약 170km다. 바이든은 주로 기차를 탔는데, 편도로 1시간 반쯤 걸렸다고 한다. 서울에서 대전 거리다.\n 바이든은 1977년 영어교사인 질 제이콥스(질 바이든·1951~ )와 재혼했다. 조 바이든과 질 바이든, 둘 다 재혼이었다. 1981년에는 딸 애슐리가 태어났다. 장남 보는 2015년 46세에 뇌종양으로 세상을 떠났다.\n 사별한 아내와 장녀의 기일인 12월 18일에는 일을 하지 않는다고 한다. 재선하면 이들의 무덤을 찾아가곤 했다. 이번 대선에서도 당선이 확실시되자, 델라웨어주 브랜디와인 계곡 세인트조지프 성당에 잠든 아내와 딸, 장남을 찾았다.\n 열한 번의 선거에서 모두 승리했지만, 대선 본선에 오르기 위해선 3수를 했다. 1988년과 2008년 민주당 대통령 경선에 출마한 바 있다.\n 그는 당선 확정 직후 “민주당의 후보로 당선됐지만, 미국의 대통령이 되겠다”고 밝혔다. 첫 공식 외부 일정으로는 미국 국가기념일인 ‘재향군인의 날’을 맞아 지난 11월 11일 펜실베이니아주 필라델피아에 있는 한국전 참전 기념공원을 찾아 헌화했다. 이를 두고 한미동맹 복원 메시지라는 해석이 나왔다.\n",
		"passage_Cnt": 809
	},
	"Annotation": {
		"summary1": "바이든은 대통령 당선이 확정된 후 첫 공식 외부 일정으로 재향군인의 날을 맞아 펜실베이니아주 필라델피아에 있는 한국전 참전 기념공원을 찾았다.",
		"summary2": "바이든은 1977년 영어교사인 질 제이콥스(질 바이든·1951~ )와 재혼했다. 그는 당선 확정 직후 “민주당의 후보로 당선됐지만, 미국의 대통령이 되겠다”고 밝혔다. 첫 공식 외부 일정으로는 미국 국가기념일인 ‘재향군인의 날’을 맞아 지난 11월 11일 펜실베이니아주 필라델피아에 있는 한국전 참전 기념공원을 찾아 헌화했다.",
		"summary3": null,
		"summary_3_cnt": null
	}
}