{
	"Meta(Acqusition)": {
		"doc_id": "REPORT-edit-00045",
		"doc_category": "REPORT",
		"doc_type": "edit",
		"doc_name": "【이상곤의 ‘흐름’】 임기 말 권력의 ‘희한한 정신세계’.. “윤석열 X파일이 어떻다고?”",
		"author": null,
		"publisher": null,
		"publisher_year": null,
		"doc_origin": "월간조선"
	},
	"Meta(Refine)": {
		"passage_id": "REPORT-edit-00045-00003",
		"passage": "이런 정신세계의 권력자들이 잡고 있는 정권에서 또 괴이한 일이 벌어지고 있다. 대한민국 ‘법의 상징‘ 검찰총장을 지낸 야권 대선 예비후보에게 ‘X파일’을 덧씌우는 일이다. 소위 ‘윤석열 X파일’이다. 여당의 대표가 차곡차곡 모으고 있다던 X파일이 야(野)성향 정치평론가 입에서 거론되다 지금은 호사가들 입을 떠나지 않는다. 마치 2002년 사기꾼 김대업의 이회창 후보 아들 병역비리 허위사실 유포와 같은 맥락이다. 사기꾼 김대업이나 X파일이나 모두 불법사찰과 유통경로도 그때와 판박이다. 그 때는 인터넷과 시사주간지라는 언론매체였다면 지금은 광범위한 SNS와 친여매체의 ‘아니면 말고’식 보도다.\n문 정권의 임기는 채 9개월을 남기지 않았다. 문 정권은 그동안 상대를 인정하지 않고 “우리는 다르다”는 정치로 일관했다. 그렇게 적폐청산을 하고, 야당을 핍박했으며 일방적으로 정책 독주를 해왔다. 광범위한 대중의 지지를 받기 보다는 자기 편 만의 이익에 골몰했고 소위 ‘문빠’라는 맹신자들도 거기에 환호했다. 그렇게 임기 말을 맞았지만 일방독주와 ‘독선의 세상’을 포기할 줄을 모른다. 권력에 대한 미련과 향수 때문이다. 권력이 멀어지는 것에 대한 두려움은 공작정치도 불사한다. 지금 여권이 ‘치고 빠지듯’ 벌이는 ‘윤석열 X파일’ 건도 이미 “집권당의 불법사찰이고 내로남불 사건”(김영환 전 민주당 의원)이라는 걸 알 만 한 사람은 다 안다. 노무현 정권 재집권에 실패 후 문재인 대통령은 ‘싸가지 없는 진보의 실패’를 인정한 적이 있다. 재차 그런 일이 있어서는 안 될 것 아닌가.\n",
		"passage_Cnt": 775
	},
	"Annotation": {
		"summary1": "권력자들이 잡고 있는 정권에서 윤 씨 X파일로 대한민국 법의 상징 검찰총장을 지낸 야권 대선 예비후보에게 X파일을 덧씌우는 괴이한 일이 벌어지고 있다.",
		"summary2": "이런 정신세계의 권력자들이 잡고 있는 정권에서 또 괴이한 일이 벌어지고 있다. 대한민국 ‘법의 상징‘ 검찰총장을 지낸 야권 대선 예비후보에게 ‘X파일’을 덧씌우는 일이다. 소위 ‘윤석열 X파일’이다.",
		"summary3": null,
		"summary_3_cnt": null
	}
}