{
	"Meta(Acqusition)": {
		"doc_id": "REPORT-edit-00037",
		"doc_category": "REPORT",
		"doc_type": "edit",
		"doc_name": "【서봉대의 ‘되짚기’】 이번 대선에선 어떤 승부수가 통할까? 윤석열, 이재명은...",
		"author": null,
		"publisher": null,
		"publisher_year": null,
		"doc_origin": "월간조선"
	},
	"Meta(Refine)": {
		"passage_id": "REPORT-edit-00037-00001",
		"passage": "선거판에선 승부수가 잇따랐다.권력을 놓고 다투는 만큼 치열할 수밖에 없었다.고비때마다 승부수가 등장,판세를 흔들며 긴장감을 고조시켜 유권자들의 이목을 더욱 끌었다.이래서 선거를‘리얼리티 쇼’라고도 했다.\n판세를 뒤집거나 굳히기 위해서였다.후보단일화,대형 사업 공약,의혹 폭로 등등...그렇다고 늘 주효했던 건 아니다.승부처를 제대로 찾고,제대로 공략해야 한다.\n대권을 차지했던 후보들은 어떤 승부수를 띄웠을까?\n2002년 대선 투표일을 한달 남겨둔 상황에서 노 후보는 패색이 짙었다.대세론을 탔던 이회창 후보가 여론조사에서 선두를 고수한 가운데 정몽준 후보가 바짝 추격,노 후보는 정 후보보다10%이상 뒤졌던 것이다.\n정 후보는 후보단일화를 거듭 압박했고,이길 가능성이 낮은 노 후보로선 받아들이기 쉽지않은 처지였다.\n불리한 승부수였지만 노 후보로선 달리 뾰족한 수가 없다고 판단했을 수 있다.단일화 협상을 전격 수용했던 것이다.단일후보가 되면 당선 가능성이 높아질 수 있는 반면, 3자 대결구도가 지속된다면 판세를 뒤집기 어렵다고 판단했을 것이다.선거전이 막판으로 치닫고 있어 절박감이 커지고 있던 상황이기도 했다.\n그러나 단일화 방식을 둘러싼 협상이 진통을 거듭,결렬 위기로 치닫자 노 후보는 또 다시 승부수를 띄워야 했다.노 후보 측은 국민경선을 제안했고 정 후보 측은 여론조사를 주장,팽팽히 맞서면서 합의안 도출이 어려워지던 상황이었다.\n노 후보는 정 후보 주장을 받아들이겠다는 결단을 내렸고,유권자들에게 통했다.\n",
		"passage_Cnt": 740
	},
	"Annotation": {
		"summary1": "권력을 놓고 다투는 만큼 치열한 승부수가 잇따르는 선거를 리얼리티 쇼라고도 했다.",
		"summary2": "선거판에선 승부수가 잇따랐다. 권력을 놓고 다투는 만큼 치열할 수밖에 없었다. 이래서 선거를‘리얼리티 쇼’라고도 했다.",
		"summary3": null,
		"summary_3_cnt": null
	}
}