{
	"Meta(Acqusition)": {
		"doc_id": "REPORT-edit-20006",
		"doc_category": "REPORT",
		"doc_type": "edit",
		"doc_name": "‘외계인이 인종 개량을 위해 납치!’",
		"author": null,
		"publisher": null,
		"publisher_year": null,
		"doc_origin": "월간조선"
	},
	"Meta(Refine)": {
		"passage_id": "REPORT-edit-20006-00002",
		"passage": " 기자는 지금까지 UFO를 목격했다는 여러 국가 전투기 조종사의 이야기, 외계생명체를 봤다는 사람들의 이야기를 취재해왔다. 이 과정에서 기자는 ‘외계인에 의한 납치’ 현상을 알게 됐고, 미국에 거주하는 경험 주장자들을 만났다. 인터뷰는 9월부터 10월 초 사이에 진행됐다.\n 이들의 증언을 소개하기에 앞서 용어의 개념을 정리할 필요가 있다. 이들은 자신들을 ‘피랍자(abductee)’ 혹은 ‘경험자(experiencer)’라고 부르곤 한다. 앞서 소개한 매너위치 씨는 ‘접촉자(contactee)’라는 표현을 선호한다. ‘납치’라는 표현에는 무언가 강제적으로 끌려간 ‘피해자’라는 인상이 있는데 자신은 피해자가 아니라 자발적으로 이들과 ‘접촉’한 사람이라는 것이다. 용어의 혼란을 피하기 위해 이 기사에서는 ‘경험자’로 통일하고자 한다.\n 매너위치 씨와의 인터뷰는 납치현상을 처음 경험했을 때의 이야기로 시작됐다.\n ― 당시의 상황을 설명해달라.\n “첫 접촉은 다섯 살 때 일어났다. 언니와 방에 함께 있었는데 우주선이 하나 보였다. 언니는 우주선을 본 것까지는 기억나지만 다른 것들은 기억하지 못하는 것 같다. 집 뒤에는 단풍나무가 있었는데 우주선이 나무 위에 있었다. 우주선과 생명체를 실제로 본 것은 처음이었는데 놀랍지 않았다. 평생 이들을 기다려왔던 것 같은 느낌을 갖고 있었다.”\n ― 생명체를 봤다고 했는데 어떤 생명체였나.\n “우주선을 보고 난 뒤 생명체들도 보게 됐는데 무언가 에너지의 모습을 하고 있었다. 이들은 조금씩 실체가 있는 형체로 바뀌었다. 내 말이 이해가 되는지 모르겠다.”\n",
		"passage_Cnt": 786
	},
	"Annotation": {
		"summary1": "기자는 UFO를 목격했다는 전투기 조종사 이야기와 외계생명체를 봤다는 사람들을 취재해오다 외계인에 의한 납치 현상을 알게 됐고 미국에 거주하는 경험 주장자들을 만났다.",
		"summary2": "기자는 지금까지 UFO를 목격했다는 여러 국가 전투기 조종사의 이야기, 외계생명체를 봤다는 사람들의 이야기를 취재해왔다. 이 과정에서 기자는 ‘외계인에 의한 납치’ 현상을 알게 됐고, 미국에 거주하는 경험 주장자들을 만났다.",
		"summary3": null,
		"summary_3_cnt": null
	}
}