{
	"Meta(Acqusition)": {
		"doc_id": "REPORT-edit-10037",
		"doc_category": "REPORT",
		"doc_type": "edit",
		"doc_name": "일본 후쿠시마에서 강도 7.3 지진 발생",
		"author": null,
		"publisher": null,
		"publisher_year": null,
		"doc_origin": "월간조선"
	},
	"Meta(Refine)": {
		"passage_id": "REPORT-edit-10037-00001",
		"passage": "일본 후쿠시마(福島)현 앞바다에서 규모 7.3으로 추정되는 강한 지진이 발생했다. 동일본대지진(2011년 3월 11일) 발생 10주년을 약 한 달 앞둔 시점이어서 관심이 집중됐지만, 쓰나미(해일) 우려나 원전 주변 방사능 수치에 이상은 없는 것으로 나타났다.\n일본 당국은 13일 오후 11시 7분께 일본 후쿠시마(福島)현 앞바다에서 규모 7.3으로 추정되는 강한 지진이 발생했다고 밝혔다.\n일본 기상청에 따르면 지진이 발생한 근원지인 진원(震源)의 위치는 북위 37.7도 동경 141.8도이며, 진원의 깊이는 약 60㎞로 추정됐다. 이번 지진으로 인한 최대 진도(震度)는 후쿠시마 일부 지역과 미야기(宮城)현 일부 지역에서 '진도(상대적 세기) 6강'에 달했다. 진도 6강에서는 가구가 대부분 움직이거나 넘어지고, 사람은 기어가야 이동할 수 있는 상황이다. 땅이 갈라지거나 산이 붕괴하는 일도 벌어진다.\n이번 지진으로 최소 30명의 부상자가 나온 것으로 파악됐으며, 피해 확인 과정에서 부상자가 더 늘어날 가능성도 있다. 대규모 정전도 발생했다. 초기 집계로만 후쿠시마와 인근 지역을 중심으로 약 95만 가구가 정전 피해를 입었다.\n일본 기상청은 \"이번 지진은 2011년 동일본대지진의 여진으로 분석된다\"며 지진으로 해수면이 약간 변동할 수 있으나 쓰나미(지진 해일) 피해 우려는 없다고 밝혔다. 동일본대지진은 2011년 3월 11일 미야기(宮城)현 앞바다에서 규모 9.0으로 발생했으며 쓰나미로 이어져 1만5천여명의 사망자와 2천500여명의 실종자가 나왔다. 당시 후쿠시마 제1원전 폭발로 방사능 물질이 누출됐다. 이번 지진 후 도쿄전력은 후쿠시마 제1원전의 이상 여부 점검에 착수했다. 도쿄전력은 후쿠시마 제1원전과 제2원전, 가시와자키 가리와 원전에 이상이 없으며 원전 주변 방사능 수치에도 변화는 없는 상황이라고 전했다. 일본 정부는 \"중대한 피해는 없는 상황이며 국민은 실내에 머물고 여진에 대비하라\"고 당부했다.\n",
		"passage_Cnt": 965
	},
	"Annotation": {
		"summary1": "일본 후쿠시마현 앞바다의 규모 7.3으로 추정되는 강한 지진은 동일본대지진 발생 10주년을 앞둔 시점이어서 관심이 집중됐지만 쓰나미 우려나 방사능 수치에 이상은 없다.",
		"summary2": "일본 후쿠시마(福島)현 앞바다에서 규모 7.3으로 추정되는 강한 지진이 발생했다. 동일본대지진(2011년 3월 11일) 발생 10주년을 약 한 달 앞둔 시점이어서 관심이 집중됐지만, 쓰나미(해일) 우려나 원전 주변 방사능 수치에 이상은 없는 것으로 나타났다.",
		"summary3": null,
		"summary_3_cnt": null
	}
}