{
	"Meta(Acqusition)": {
		"doc_id": "REPORT-edit-00057",
		"doc_category": "REPORT",
		"doc_type": "edit",
		"doc_name": "【이상곤의 ‘흐름’】‘야당의 시간’...6·11 국민의힘 전당대회 ‘관전 포인트’",
		"author": null,
		"publisher": null,
		"publisher_year": null,
		"doc_origin": "월간조선"
	},
	"Meta(Refine)": {
		"passage_id": "REPORT-edit-00057-00003",
		"passage": "그러자 영남권이 분주해졌다. 당장 영남권 대표주자인 주 의원이 적극 방어에 나섰다. 주 의원은 지난 주 마포포럼에 참석해 “(더불어)민주당 직전 원내대표였던 김태년 대표, 현재 송영길 당 대표, 대선후보까지 당 전체가 다 호남이다. 그런데 민주당에서 ‘호남당’이라고 스스로 논쟁하지 않는다”면서 “아주 낡고 잘못된 프레임이다. 분열주의고 당을 자해하는 행위”라고 말했다.\n영남당 논란은 영남 이외지역 중진들도 비판했다. 충청권 정진석 의원은 ‘영남당’ 논란에 대해 “영남 유권자의 정서를 후벼 파는 것”이라며 “자해 행위”라고 비판했다. 강원의 권성동 의원도 “(당대표는)사람을 봐야지 영남이냐 아니냐가 잣대가 돼서는 안된다”고 지적했다.\n현 야권 최대 기대주인 윤석열 전 검찰총장 영입을 두고 당권 주자들이 엇갈린다. 윤석열 영입을 두고 대표적으로 주 의원과 나 전 의원의 입장이 갈린다.\n주 의원 역시 자강론을 우선하고 있다. 하지만 정권 교체라는 ‘쥐‘를 잡기 위해서는 검은 고양이든, 흰 고양이든 가릴 것 없다(흑묘백묘론)는 실용노선이다.\n주 의원은 마포포럼 강연에서 “당 대표가 되면 윤석열 전총장을 최단 시간 내에 우리당에 입당 시키겠다”고 했다.\n나 전 의원은 자강파를 중심으로 지지층을 확보할 것으로 보인다. 윤 전 총장에 대한 친박 세력의 반감을 활용할 공산이 크다. 그는 최근 “우리는 (당)밖에 인물이 있으면 우르르 몰려간다”며 “스스로 변하고 쇄신해야 한다”며 자강론을 강조했다.\n",
		"passage_Cnt": 729
	},
	"Annotation": {
		"summary1": "정 의원은 영남당 논란에 대해 영남 유권자의 정서를 후벼 파는 것이라며 자해 행위라고 비판했고 권 의원도 사람을 봐야지 영남이냐 아니냐가 잣대가 돼서는 안된다고 지적했다.",
		"summary2": "충청권 정진석 의원은 ‘영남당’ 논란에 대해 “영남 유권자의 정서를 후벼 파는 것”이라며 “자해 행위”라고 비판했다. 강원의 권성동 의원도 “(당대표는)사람을 봐야지 영남이냐 아니냐가 잣대가 돼서는 안된다”고 지적했다.",
		"summary3": null,
		"summary_3_cnt": null
	}
}