{
	"Meta(Acqusition)": {
		"doc_id": "REPORT-edit-20054",
		"doc_category": "REPORT",
		"doc_type": "edit",
		"doc_name": "“자유를 사랑하는 국가들이 힘 합쳐 中 변화 도출하자” (폼페이오 美 국무장관)",
		"author": null,
		"publisher": null,
		"publisher_year": null,
		"doc_origin": "월간조선"
	},
	"Meta(Refine)": {
		"passage_id": "REPORT-edit-20054-00007",
		"passage": " 레이 국장은 “당신이 미국의 성인(成人)이라면 중국은 아마도 당신의 개인 정보를 훔쳤을 것이라고 보면 된다”고 말하며 그 증거를 제시한다. 2017년 중국군이 미국의 금융정보 회사 에퀴팩스(Equifax)를 해킹해서 무려 1억5000만 미국인의 예민한 데이터를 훔쳐 갔다는 것이다. 미국 성인들 전체의 신용 정보 자료가 중공에 도둑질당한 것이다. \n 중국 정부 야망의 목적지는 중국이 세계를 제패하는 것인데, 중국은 그 같은 목표를 위해 대단히 비겁한 행동을 자행하고 있다. 미국의 학자·교수·기술자들을 돈으로 매수하여 지적 재산권을 빼내고 있는 사례들을 구체적으로 열거한 후 레이 국장은 “미국 시민들의 세금을 통해 얻어진 고급 지식을 중국이 거저 훔쳐 가고 있으니, 결국 미국 시민들은 중국을 위해 세금을 낸 꼴”이라 말한다. 레이 국장은 이 같은 일을 완전히 차단하겠다고 선언한다.\n “중국이 우리 형법을 위배할 경우, 그리고 국제법을 위반할 경우, 우리는 그것을 감내하지 않을 것이며, 더 나아가 중국이 그리하도록 방치하지도 않을 것입니다. FBI와 미국 정부 내 우리와 협조하는 기관들은 미국 국민들의 지원과 경계심의 도움으로, 중국에 책임을 물을 것이며, 우리나라의 혁신적 아이디어와 삶의 방식을 보호할 것입니다.”\n 7월 16일 세 번째 연설의 핵심 내용은 “미국 기업들이 지혜와 창의력과 자원을 쏟아부어 그들을 파괴하려는 세력에 맞설 때가 도래했다”는 것으로 중국의 지적 재산권 도둑질에 대한 미국 정부의 향후 입장을 밝힌 것이다. 바 장관은 “21세기에 미국과 세계가 직면한 가장 중요한 문제는 중국공산당에 어떻게 대처할 것이냐의 문제”라고 규정하고 연설을 시작한다. \n",
		"passage_Cnt": 833
	},
	"Annotation": {
		"summary1": "레이 국장은 2017년 중국군이 미국의 금융 정보 회사 에퀴팩스를 해킹해 1억 5000만 미국인의 개인 정보를 훔쳐 갔다며 그 증거를 제시했다.",
		"summary2": "레이 국장은 “당신이 미국의 성인(成人)이라면 중국은 아마도 당신의 개인 정보를 훔쳤을 것이라고 보면 된다”고 말하며 그 증거를 제시한다. 2017년 중국군이 미국의 금융정보 회사 에퀴팩스(Equifax)를 해킹해서 무려 1억5000만 미국인의 예민한 데이터를 훔쳐 갔다는 것이다.",
		"summary3": null,
		"summary_3_cnt": null
	}
}