{
	"Meta(Acqusition)": {
		"doc_id": "REPORT-edit-20036",
		"doc_category": "REPORT",
		"doc_type": "edit",
		"doc_name": "“바이든의 동맹 개선 의지는 중국에 큰 고통이 될 것”",
		"author": null,
		"publisher": null,
		"publisher_year": null,
		"doc_origin": "월간조선"
	},
	"Meta(Refine)": {
		"passage_id": "REPORT-edit-20036-00007",
		"passage": " 2020년 11월 7일 바이든 후보는 승리를 공식 확인하는 성명을 발표했다. 곧이어 세계 각국 정상(頂上)들의 축전(祝電)이 이어졌고, 바이든 행정부 관계자들과의 접촉을 위해 외교 담당자들을 미국에 파견했다. 문재인(文在寅) 대통령도 바로 다음 날인 11월 8일 트위터를 통해 축하의 뜻을 보냈고, 강경화 외교부 장관은 방미를 서둘렀다.\n 하지만 중국의 대응은 달랐다. 중국은 바이든의 승리선언 후 무려 18일이 지난 11월 25일에서야 시진핑 국가주석이 바이든에게 축전을 보내 ‘바이든의 시대’를 공식 인정했다. 시진핑 주석은 축전에서 “중·미 관계의 건강하고 안정적인 발전을 추구하는 것은 양국 인민의 근본이익일 뿐만 아니라 국제사회의 기대에도 부합하는 것”이라고 말했다. 또한 “양측이 충돌과 적대적 충돌을 피하고 상호존중과 협력의 정신으로 갈등을 관리하여, 양국 관계의 안정적 발전과 세계 평화 발전을 추진하자”고 덧붙였다. 시진핑이 바이든을 향해 내민 손은 그동안 양국 관계가 충돌과 대결로 점철되었으며, 상호존중과 협력이 부족했음을 시인하는 것이었고, 이를 통해 양국 국민이 힘든 시기를 겪었음을 부각하려는 의도가 담겨 있다.\n 시진핑 주석의 참모들은 줄곧 미국 대선 결과에 대한 공식 반응에 신중해야 한다고 강조했고, 바이든 시대에도 미·중 관계의 획기적인 변화는 없을 것이라고 조언했다. 특히 트럼프 임기 말년에 미국 사회 내부에서 확산된 반중(反中) 정서를 의식해야 하고, 임기를 몇 개월 남긴 트럼프를 자극하지 말아야 한다는 신중론을 제기해왔다.\n",
		"passage_Cnt": 765
	},
	"Annotation": {
		"summary1": "바이든 후보가 승리를 공식 확인하는 성명을 발표했고 곧이어 세계 각국 정상들의 축전이 이어졌다.",
		"summary2": "2020년 11월 7일 바이든 후보는 승리를 공식 확인하는 성명을 발표했다. 곧이어 세계 각국 정상(頂上)들의 축전(祝電)이 이어졌고, 바이든 행정부 관계자들과의 접촉을 위해 외교 담당자들을 미국에 파견했다.",
		"summary3": null,
		"summary_3_cnt": null
	}
}