{
	"Meta(Acqusition)": {
		"doc_id": "REPORT-edit-00074",
		"doc_category": "REPORT",
		"doc_type": "edit",
		"doc_name": "【서봉대의 ‘되짚기’】 내년 대선에서 폭망하는 길",
		"author": null,
		"publisher": null,
		"publisher_year": null,
		"doc_origin": "월간조선"
	},
	"Meta(Refine)": {
		"passage_id": "REPORT-edit-00074-00001",
		"passage": "# 선거철만 되면 집토끼, 산토끼를 놓고 정치권이 분주하다. 전통적 지지층인 집토끼와 그렇지 않은 산토끼를 어떤 식으로 공략해나갈지를 놓고 전략을 짜지만 갈수록 어려워지고 있다.\n집토끼와 산토끼를 구별하는 것조차 쉽지않기 때문이다.\n전통적으로 보수 강세지역이었던 강원과 충북에선 국민의힘 우위가 흔들리고 있다. 2000년 이후 역대 총선에서 진보계열 정당과 보수계열 정당이 번갈아 가며 우위를 점하고 있는 상황이다. 앞서 1996년 15대, 1992년 14대 총선 때만 해도 강원에선 보수계열 정당이 독점했고 진보계열 정당은 한 석도 얻지못했을 정도였다.\n대선에서도 이들 지역이 엎치락뒤치락하기는 마찬가지였다.\n이번 서울,부산시장 보선에서 더불어민주당은 강세였던 서울 강북과 서부, 부산 서부지역에서 참패했다. 특히 지지기반으로 꼽았던 20-30대 표심까지 야당에 뺏겼고 노무현 돌풍의 주역이었던 40대에서도 간신히 이겼을 뿐이다.\n이처럼 특정 정당에 쏠려왔던 지역별, 연령별, 이념 성향별 표심에 변화가 일고 있는 셈이다. 집토끼라고 믿었는데 산토끼가 돼버린 ‘스윙 보터’가 늘어나고 있다.\n# 이같은 변화는 특정 정치인에 대해 충성도가 높은 지지율, 이른바 콘크리트 지지율도 약화시켰다.\n콘크리트 지지율은 3김(김대중 김영삼 김종필)이 할거했던 1980~1990년대가 전성기였다.\n김대중김영삼김종필\n박근혜전 대통령이 정계 입문했던 1998년 국회의원 보선 당시, 유세장엔 박정희 전 대통령 향수에 젖은 50대 이상 유권자들로 가득 찼다. 이후 박근혜 전 대통령은 영남권을 중심으로 열성 지지자들을 끌어모았고 ‘선거의 여왕 ’으로 불렸다.\n",
		"passage_Cnt": 807
	},
	"Annotation": {
		"summary1": "서울, 부산시장 보선에서 더불어민주당은 20-30대 표심까지 야당에게 뺏기며 서울 강북과 서부, 부산 서부지역에서 참패했다.",
		"summary2": "이번 서울,부산시장 보선에서 더불어민주당은 강세였던 서울 강북과 서부, 부산 서부지역에서 참패했다. 특히 지지기반으로 꼽았던 20-30대 표심까지 야당에 뺏겼고 노무현 돌풍의 주역이었던 40대에서도 간신히 이겼을 뿐이다.",
		"summary3": null,
		"summary_3_cnt": null
	}
}