{
	"Meta(Acqusition)": {
		"doc_id": "REPORT-edit-20044",
		"doc_category": "REPORT",
		"doc_type": "edit",
		"doc_name": "전쟁도 전염된다",
		"author": null,
		"publisher": null,
		"publisher_year": null,
		"doc_origin": "월간조선"
	},
	"Meta(Refine)": {
		"passage_id": "REPORT-edit-20044-00003",
		"passage": " 이 두 나라는 작은 나라이지만 각각 상당히 오랜 역사와 전통을 가지고 있다.\n 아르메니아는 이 세상 어떤 나라보다도 먼저인 4세기부터 기독교를 국교(國敎)로 삼았다는 사실을 자랑하는 나라다. 아르메니아는 국토 면적이 2만9743km2로 대한민국의 약 30%에 해당하는 나라다. 내륙(內陸)국가로서 바다는 없지만 네 나라와 국경을 접하고 있는데 그 길이가 만만치 않다. 아르메니아는 아제르바이잔과 996km, 조지아와 219km, 이란과 44km, 터키와 311km의 국경을 공유하고 있는 나라다. 인구는 2020년 7월 기준 302만1324 명이다. 인구의 98.1%가 아르메니아인이며 97.9%가 아르메니아어를 사용하는 단일종족 국가라고 말할 수 있다. 구매력 기준 GDP가 2017년도 283억4000만 달러(개인소득 9500달러, 명목 GDP로 전 세계에서 136번째)로 비교적 가난한 나라다. 그러나 국가 안보가 불안하여 GDP의 4.25%를 국방비로 사용하는 안보국가다. 아르메니아의 국방비는 GDP 대비 세계에서 아홉 번째로 높다.\n 아제르바이잔은 카스피해 연안의 국가로서 러시아제국에 포함된 나라였으나 러시아제국이 공산주의혁명으로 무너졌을 때 2년(1918~1920) 독립했다가 다시 소련 통치하에 들어갔던 나라다. 약 70년간 소련의 지배를 받은 후 1991년 다시 독립했다. 아제르바이잔은 땅 넓이가 8만6600km2로 대한민국의 약 87% 크기며 인구도 1020만5810명에 이르는 상당 규모의 국가다. 구매력 기준 GDP는 2017년 현재 1722억 달러(개인소득 1만7500달러, 명목 GDP 세계 73위), 인구의 90% 이상이 아제르바이잔인이며 아제르바이잔어를 사용하는 동질적인 나라다.\n",
		"passage_Cnt": 848
	},
	"Annotation": {
		"summary1": "아르메니아는 4세기부터 기독교를 국교로 삼았다는 사실을 자랑하는 나라이며 아제르바이잔은 러시아제국에 포함된 나라였다가 2년 독립 후 소련 통치하에 들어갔던 나라다.",
		"summary2": "아르메니아는 이 세상 어떤 나라보다도 먼저인 4세기부터 기독교를 국교(國敎)로 삼았다는 사실을 자랑하는 나라다. 아제르바이잔은 카스피해 연안의 국가로서 러시아제국에 포함된 나라였으나 러시아제국이 공산주의혁명으로 무너졌을 때 2년(1918~1920) 독립했다가 다시 소련 통치하에 들어갔던 나라다.",
		"summary3": null,
		"summary_3_cnt": null
	}
}