{
	"Meta(Acqusition)": {
		"doc_id": "REPORT-edit-20004",
		"doc_category": "REPORT",
		"doc_type": "edit",
		"doc_name": "“韓, 日과 분쟁 지속되면 안보 분야에서 영구적 손실”",
		"author": null,
		"publisher": null,
		"publisher_year": null,
		"doc_origin": "월간조선"
	},
	"Meta(Refine)": {
		"passage_id": "REPORT-edit-20004-00003",
		"passage": " 현재 전 세계 석학(碩學) 가운데 지정학에 가장 정통한 인물은 로버트 카플란(Robert D Kaplan)이다. 한국에도 많이 소개된 인물로 《아시아의 불타는 솥(Asia’s Cauldron)》을 비롯해 10여 권 이상의 지정학 관련 저서를 남긴 인물이다. 현재 워싱턴 싱크탱크인 국제정책연구소(FPRI) 선임 소장으로 있으면서 《워싱턴 포스트》 《뉴욕타임스》를 비롯한 전 세계 유수 미디어를 통해 글로벌 차원의 혜안(慧眼)을 전하고 있다. 그는 ‘키신저를 잇는 글로벌 차원의 21세기 지정학자’로 통한다.\n 필자는 2015년 9월 워싱턴에서 카플란과 만나 인터뷰를 한 적이 있다. 당시 박근혜(朴槿惠) 대통령은 시진핑(習近平) 주석과 함께 천안문(天安門) 망루에 올라, 이른바 ‘항일(抗日)전쟁 및 세계 반(反)파시스트 전쟁 승전 70주년’을 축하했다. 박근혜 대통령은 이 행사에 참석한 OECD권 유일의 국가 정상이었다. 워싱턴 분위기가 어땠을지 짐작할 수 있을 것이다.\n 1시간에 걸친 카플란과의 인터뷰 중에서 그가 예언한 두 가지 사안은 지금도 선명히 기억난다.\n “지정학적 차원에서의 인도의 중요성이 곧 구체적인 모습으로 나타날 것이다. 김정은은 핵 문제에 타협한 리비아 카다피의 최후를 본 이상, 절대로 핵을 포기하지 않을 것이다.”\n 이 인터뷰 이후 6년이 지난 지금 카플란을 통해 2021년 미중 패권 경쟁의 현황과 내일에 대해 알아본다. 최근 가속화되는 4자 안보협의체 쿼드(Quad)와 긴장으로 이어지는 남중국해의 지정학적 의미에 대해서도 물어본다. 인터뷰는 영상 통화 프로그램인 줌을 이용, 워싱턴 카플란의 사무실로 연결해 진행됐다.\n",
		"passage_Cnt": 815
	},
	"Annotation": {
		"summary1": "글로벌 차원의 21세기 지정학자로 통하는 카플란의 인터뷰를 통해 2021년 미중 패권 경쟁의 현황에 대해 알아본다.",
		"summary2": "그는 ‘키신저를 잇는 글로벌 차원의 21세기 지정학자’로 통한다. 현재 전 세계 석학(碩學) 가운데 지정학에 가장 정통한 인물은 로버트 카플란(Robert D Kaplan)이다. “지정학적 차원에서의 인도의 중요성이 곧 구체적인 모습으로 나타날 것이다. 김정은은 핵 문제에 타협한 리비아 카다피의 최후를 본 이상, 절대로 핵을 포기하지 않을 것이다.” 이 인터뷰 이후 6년이 지난 지금 카플란을 통해 2021년 미중 패권 경쟁의 현황과 내일에 대해 알아본다.",
		"summary3": null,
		"summary_3_cnt": null
	}
}