{
	"Meta(Acqusition)": {
		"doc_id": "REPORT-edit-20049",
		"doc_category": "REPORT",
		"doc_type": "edit",
		"doc_name": "“첫째 목표는 자유, 둘째는 평화, 재통일은 세 번째”",
		"author": null,
		"publisher": null,
		"publisher_year": null,
		"doc_origin": "월간조선"
	},
	"Meta(Refine)": {
		"passage_id": "REPORT-edit-20049-00013",
		"passage": " 일단 동방정책이라는 레일이 깔리자 이후 독일의 대(對)동독 및 동구권 정책은 거기서 크게 벗어나지 않았다.\n 빌리 브란트의 뒤를 이어 총리가 된 헬무트 슈미트는 착실한 경륜가(經綸家)였다. 그는 동방정책을 계속했고, 데탕트를 지지했다. 그는 1975년 미국과 소련을 비롯해 동서 유럽 35개국이 참여한 헬싱키의정서에 서명했다. 이 의정서의 요체(要諦)는 1945년 독일 패망 이후 형성된 유럽의 국제질서를 그대로 인정하는 것이었다. 하지만 이 헬싱키의정서에 내재되어 있는 인권 관련 규정들은 이후 소련·동구에서 일어난 자유화운동의 도덕적 근거가 됐다.\n 슈미트는 데탕트의 지지자였지만 맹목적 평화주의자는 아니었다. 그는 데탕트와 억지력이 안보의 양대 축이라는 것을 잘 알고 있었다. 특히 베트남전(戰) 실패의 여파로 미국이 고립주의적 경향을 보이고 소련이 그 틈을 이용하려는 생각을 드러내기 시작하자, 그는 나토가 확실한 군사적 억지력을 확보해 힘의 균형을 잡아야 한다고 역설하기 시작했다.\n 당시 서구 국가들에 위협이 된 것은 소련이 1974년부터 배치하기 시작한 SS-20 중거리 미사일(IRBM)이었다. 슈미트는 미국이 소련과 전략무기제한협정(SALT)을 추진하면서 대륙간탄도미사일(ICBM)만 감축하고 중거리미사일 문제는 외면할 경우 유럽의 안보가 위협받는다고 판단했다. 슈미트는 유럽 안보를 위해서는 질적(質的)으로 향상된 미국의 핵무기를 서독 등 유럽에 배치해야 한다고 제창했다. 미국은 처음에는 미온적인 입장이었지만, 슈미트가 계속 강하게 밀어붙이자 1978년 신형 퍼싱Ⅱ미사일과 크루즈미사일을 유럽에 배치하기로 결정했다. 그 대신에 슈미트는 소련이 중거리미사일을 배치하지 않을 경우, 서방 측도 이 미사일들의 배치를 중단하겠다고 선언했다. 이를 ‘더블 옵션(double option)’이라고 한다. 이 정책은 훗날 레이건 미국 대통령이 소련의 고르바초프를 상대로 군축(軍縮)협상을 할 때 아주 유용한 지렛대가 되었다.\n",
		"passage_Cnt": 971
	},
	"Annotation": {
		"summary1": "슈미트 총리는 동방정책을 계속했고 데탕트를 지지했으며 헬싱키의정서에 서명했다.",
		"summary2": "빌리 브란트의 뒤를 이어 총리가 된 헬무트 슈미트는 착실한 경륜가(經綸家)였다. 그는 동방정책을 계속했고, 데탕트를 지지했다. 그는 1975년 미국과 소련을 비롯해 동서 유럽 35개국이 참여한 헬싱키의정서에 서명했다.",
		"summary3": null,
		"summary_3_cnt": null
	}
}