{
	"Meta(Acqusition)": {
		"doc_id": "REPORT-edit-20053",
		"doc_category": "REPORT",
		"doc_type": "edit",
		"doc_name": "6·25가 독일 부흥과 통일의 밑거름 됐다",
		"author": null,
		"publisher": null,
		"publisher_year": null,
		"doc_origin": "월간조선"
	},
	"Meta(Refine)": {
		"passage_id": "REPORT-edit-20053-00001",
		"passage": " 독일(서독)에 있어서 6·25는 대박이었다. 단언컨대, 스탈린이 김일성을 앞세워 6·25를 일으키지 않았더라면 한국군과 유엔연합군이 이를 물리치지 못했더라면… 미안한 말이지만 독일의 재기(再起)와 게르만 민족 재통일은 불가능했다. 코치·선수 할 것 없이 포기의 타월을 던지려던 찰나에 숨넘어가던 독일 경제를 벌떡 일으켜 세워주었고, 대(對)소련 방어 전략의 대소사를 기획·집행하는 서방연합국 최고 전략 사령부를 나치 독일군 출신의 독일 군사 브레인들로 잔뜩 채워 넣지 않을 수 없는 대이변을 불러왔다.\n 6·25전쟁은 서방연합국, 특히 미국이 소련의 위협에 직면한 서유럽 방위는 독일 군사전문가들과 그들의 경험에 의존하지 않고선 불가능하다는 사실을 확신하게 만들었다. 그 점은 승전국들이 마냥 얕잡아볼 수만은 없는 한 방이 나치 간판을 뗀 독일에 아직 조금은 남아 있다는 사실을 아데나워가 깨닫게도 했던 것 같다. 아데나워는 히틀러가 물려준 유산은 모조리 세상 사람들이 외면하는 몹쓸 것밖에 없다고 생각하고 풀이 죽어 있었다. 그러던 차에 6·25가 터지자 그는 ‘이거, 잘만 하면 독일을 선진국 반열로 되돌려놓을 수도 있겠다’ 싶어 그런 있을 법하지 않은 행운에 너무나 당황한 나머지 자신은 물론 주변에 엄중한 표정 관리를 당부했을지도 모르는 노릇이다.\n 6·25 발발을 전후(前後)한 시점에 아데나워를 정점(頂點)으로 한 독일 집단지성이 이심전심(以心傳心)으로 세운 대처방안을 우리말로 하자면 ‘절에 간 색시’ 전략이라고 할 수 있을까? 미국이 이렇게 하자면 데꺽, “그러문입쇼”, 영국이 저리 하자면 “아무려면, 그리 안 하고 어쩌겠나”, 드골이 하는 말에도 “역시, 나하고 생각이 똑같아” 이러는데, ‘죽은 이들에게는 안됐지만 산 사람들끼리는 되도록 좋게 지내자’는 소리가 안 나오게 생겼나 말이다.\n",
		"passage_Cnt": 901
	},
	"Annotation": {
		"summary1": "독일에 있어서 6·25는 숨넘어가던 독일 경제를 일으켜 세워주고 서방연합국 최고 전략 사령부에 독일 군사 브레인들로 채워 넣는 대이변을 불러왔다.",
		"summary2": "코치·선수 할 것 없이 포기의 타월을 던지려던 찰나에 숨넘어가던 독일 경제를 벌떡 일으켜 세워주었고, 대(對)소련 방어 전략의 대소사를 기획·집행하는 서방연합국 최고 전략 사령부를 나치 독일군 출신의 독일 군사 브레인들로 잔뜩 채워 넣지 않을 수 없는 대이변을 불러왔다. 독일(서독)에 있어서 6·25는 대박이었다.",
		"summary3": null,
		"summary_3_cnt": null
	}
}