{
	"Meta(Acqusition)": {
		"doc_id": "REPORT-edit-20035",
		"doc_category": "REPORT",
		"doc_type": "edit",
		"doc_name": "프랑켄슈타인의 제자들과 고독한 영웅들",
		"author": null,
		"publisher": null,
		"publisher_year": null,
		"doc_origin": "월간조선"
	},
	"Meta(Refine)": {
		"passage_id": "REPORT-edit-20035-00013",
		"passage": " 2020년 11월 30일 오전, 국내 한 유튜브 채널에 새로운 영상이 올라왔다. ‘CNN 패닉! 트럼프 당선 특집 보도!’라는 엉뚱한 제목이었다. CNN이 ‘트럼프의 승리 가능성(POTENTIAL PATH TO TRUMP VICTORY)’이라는 특집방송을 내보냈는데, 바이든이 이겼다고 하더니 이제와 입장을 바꿔 트럼프의 승리를 이야기하고 있다는 취지였다.\n “아니, 지금까지 CNN은 바이든이 300명 이상을 먹었다면서요? 지금 이 장면을 보면 CNN이 그동안 거짓말하고 있었다, 자기네들도 정말 불안하지만 희망만을 이야기하고 있었다는 걸 알 수 있는 겁니다.”\n “트럼프도 270이 안 되고 바이든도 270이 안 돼요. 그러면 어떻게 되냐? ‘하원이 각 주 1표 투표로 결정한다’라고 CNN이 분석했습니다.”\n “그렇게 되면 어떻게 되느냐? 자, CNN 화면 그대로죠. 어떻게 되느냐 해봤더니 바이든은 23개 주, 트럼프는 26개 주. …이렇게 되는 거예요. ‘그렇게 해서 트럼프가 이긴다’라고 CNN이 이렇게 특집방송을 냈습니다.”\n 11월 28일(미국 시각), 미국 계정의 한 페이스북에 “바이든을 승자로 예상했던 CNN이 이제 트럼프가 이길 것이라고 말하고 있다!”는 글이 실렸다. 이 글은 CNN 영상을 링크했다. 영상은 CNN 해설자 파리드 자카리아(Fareed Zakaria)가 ‘어떻게 하면 트럼프가 투표에서 지고도 계속 백악관에 머물 수 있는가’에 대해 설명하고 경고하는 게 골자다. 중요한 건 이게 미국 대통령 선거일(11월 3일) 훨씬 이전인 지난 9월 27일 영상이라는 점이다.\n",
		"passage_Cnt": 786
	},
	"Annotation": {
		"summary1": "2020년 11월 30일 오전에 CNN 패닉 트럼프 당선 특집 보도라는 엉뚱한 제목의 영상이 국내 한 유튜브 채널에 올라왔다.",
		"summary2": "2020년 11월 30일 오전, 국내 한 유튜브 채널에 새로운 영상이 올라왔다. ‘CNN 패닉! 트럼프 당선 특집 보도!’라는 엉뚱한 제목이었다.",
		"summary3": null,
		"summary_3_cnt": null
	}
}