{
	"Meta(Acqusition)": {
		"doc_id": "REPORT-edit-20042",
		"doc_category": "REPORT",
		"doc_type": "edit",
		"doc_name": "트럼프의 부정선거 주장, 왜 나오고 어떻게 확산됐나",
		"author": null,
		"publisher": null,
		"publisher_year": null,
		"doc_origin": "월간조선"
	},
	"Meta(Refine)": {
		"passage_id": "REPORT-edit-20042-00010",
		"passage": " 문제는 한국이다. 이런 팩트체크 정보들은 전부 영어로 되어 있기에, 주의 안내를 띄워준다 하더라도 사람들이 그 내용을 확인하기 쉽지 않다. 게다가 유튜버들을 비롯한 소셜미디어 인플루언서들에 의해 거짓 정보들이 확대 재생산되고 있어 심각한 정보 편향에 빠져들고 있다.\n ‘에코체임버(echo chamber)’, 이른바 울림방 현상. 소셜미디어에서 알고리즘을 통해 이용자들이 선호하는 내용을 담은 게시물만을 보여줌으로써 확증편향(確證偏向)이 강화되는 현상을 일컫는다.\n 이는 주류 언론에 대한 불신 속에서 더더욱 강화된다. 언론과 전문가들의 말을 믿을 수 없다며, 온라인상에서 나와 생각이 비슷한 사람들, 혹은 나와 성향이 비슷한 채널 등이 전달하는 정보를 맹신하게 된다. 그렇게 자신의 확증편향을 강화하는 정보만이 반복적으로 전달됨으로써 울림방 안에 갇히게 되는 것이다.\n 이런 울림방은 사람들을 실제 여론과 현실로부터 유리시킨다. 자신의 생각이 진리로 받아들여지는 좁은 공간 속에서 사람들은 더더욱 극단화(極端化)되기 때문이다. 세계적으로 심각한 정치적 양극화(兩極化) 현상이 일어나는 이유기도 하다.\n 울림방은 음모론을 배양하는 역할을 한다. 울림방 그 자체가 대안(代案) 현실이 되기 때문이다. 한국의 수많은 사람이 트럼프의 재선을 확신했던 이유기도 하다. 바이든 당선을 예측하는 수많은 자료에도 불구하고, 자신의 신념과 대치되는 이러한 자료들은 모두 조작되었다고 믿게 되었다. 이 울림방 속 목소리들에 의해 생긴 편향성 때문이다.\n",
		"passage_Cnt": 749
	},
	"Annotation": {
		"summary1": "울림방 현상은 소셜미디어에서 알고리즘을 통해 선호하는 내용을 담은 게시물만을 보여줌으로써 확증편향이 강화되는 현상을 일컫는다.",
		"summary2": "‘에코체임버(echo chamber)’, 이른바 울림방 현상. 소셜미디어에서 알고리즘을 통해 이용자들이 선호하는 내용을 담은 게시물만을 보여줌으로써 확증편향(確證偏向)이 강화되는 현상을 일컫는다.",
		"summary3": null,
		"summary_3_cnt": null
	}
}