{
	"Meta(Acqusition)": {
		"doc_id": "REPORT-edit-10343",
		"doc_category": "REPORT",
		"doc_type": "edit",
		"doc_name": "모사드, 전설적인 스파이 엘리 코헨의 유품인 오메가 시계 53년 만에 회수",
		"author": null,
		"publisher": null,
		"publisher_year": null,
		"doc_origin": "월간조선"
	},
	"Meta(Refine)": {
		"passage_id": "REPORT-edit-10343-00007",
		"passage": "지금 나는 맹세하고 싶습니다. 아버지! 나는 내 일생을 통해 결코 아버지의 기대에 어긋나지 않을 것을 약속합니다. 나는 내 의무를 전력을 다해서, 또 이스라엘 국가를 위한 헌신에 의해서 완수하겠습니다!“\n자리가 숙연해졌다. 사울은 마지막 한마디를 덧붙였다.\n“나는 빛나는 영웅의 충실한 아들입니다. 아버지, 나의 맹세입니다!”\n'영웅'을 기억하는 나라 이스라엘\n‘빛나는 영웅’에 대해 조국 이스라엘도 계속해서 충실했다. 1990년대 중반, 이스라엘과 시리아 간에 평화회담이 진행됐다. 이때 이스라엘이 회담의 전제조건으로 엘리 코헨의 유해 반환을 시리아 측에 요구하고 있다는 얘기가 솔솔 흘러나왔다. 한 기자가 이스라엘 정부 관계자에게 그것이 사실인지를 물었다. 이스라엘 정부 관계자는 이렇게 말했다.\n\"엘리 코헨의 유해 반환이 회담의 전제 조건은 아니다. 하지만 시리아가 엘리 코헨의 유해를 반환한다면, 이는 분명히 평화협정 타결에 큰 도움이 될 것이다.\"\n이는 이스라엘이 시리아에 보내는 메시지였다.\n'뉴욕타임스'에 의하면 모사드는 2년 전 엘리 코헨의 체포부터 재판, 처형에 관여했던 시리아인들에 대한 정보활동을 강화해 코헨이 찼던 오메가 시계의 존재를 확인하고, 이후 18개월 동안 이 시계를 회수하기 위한 작전을 벌여왔다고 한다. 아르헨티나 출신 거부(巨富)로 행세하던 코헨은 자신을 철저하게 위장하기 위해 유럽을 자주 드나들면서 사치품을 많이 구입했는데, 이 시계도 그때 샀다는 것이다. 모사드는 스위스에서 코헨의 시계 구입 기록을 확인한 후 그가 생전에 이 시계를 차고 찍은 사진과 확보한 시계에 대한 정밀 감식 등을 통해 3개월 전 이 시계가 코헨의 것임을 확인했다고 한다.\n",
		"passage_Cnt": 833
	},
	"Annotation": {
		"summary1": "이스라엘 정부 관계자는 엘리 코헨의 유해 반환이 회담의 전제 조건은 아니지만 유해를 반환한다면 평화협정 타결에 큰 도움이 된다고 했다.",
		"summary2": "\"엘리 코헨의 유해 반환이 회담의 전제 조건은 아니다. 이스라엘 정부 관계자는 이렇게 말했다. 하지만 시리아가 엘리 코헨의 유해를 반환한다면, 이는 분명히 평화협정 타결에 큰 도움이 될 것이다.",
		"summary3": null,
		"summary_3_cnt": null
	}
}