{
	"Meta(Acqusition)": {
		"doc_id": "REPORT-edit-20042",
		"doc_category": "REPORT",
		"doc_type": "edit",
		"doc_name": "트럼프의 부정선거 주장, 왜 나오고 어떻게 확산됐나",
		"author": null,
		"publisher": null,
		"publisher_year": null,
		"doc_origin": "월간조선"
	},
	"Meta(Refine)": {
		"passage_id": "REPORT-edit-20042-00003",
		"passage": " 그렇다면 본(本)투표와 사전투표의 표심은 왜 이렇게 차이가 날까. 이번 미국 대선은 여러모로 이례적(異例的)인 선거다. 코로나19 사태에 의해 사전투표가 대폭 늘었을 뿐만 아니라, 정치 성향에 따라 본투표의 표심과 사전투표의 표심이 극단적으로 갈렸다. 이 차이를 이해하기 위해서는 미국 정계(政界)를 휩쓴 코로나19 사태와 트럼프 대통령이 주장해온 음모론에 대한 맥락을 짚어야 한다.\n 바이든 캠프는 이번 선거 시즌 내내 캠페인을 대폭 축소해 진행했다. 미국은 현재 코로나19로 유독 몸살을 앓고 있다. 그야말로 전 세계 최악 수준의 상황으로서 국민 건강의 위협은 물론 심각한 경제 위기까지 맞고 있다. 바이든 캠프는 이런 상황을 고려해, 선거 유세 등이 코로나19를 더 악화시키지 않도록 캠페인 활동을 축소하겠다고 선언했다.\n 바이든 캠프는 자원봉사자들이 집마다 방문해 후보와 공약에 대해 소개하는 ‘도어 투 도어(door to door)’ 방식의 운동을 포기함은 물론, 유세(rally) 현장에서는 한정된 인원만 입장을 허용하고, 바닥에 원을 그려 사회적 거리 두기를 고집했다.\n 국내 유튜브 채널들은 이런 유세 현장 모습을 트럼프의 열광적인 유세 현장 모습과 비교하며, 바이든이 인기가 없다는 증거라고 설명했다. 하지만 이것은 코로나19 확산 방지의 일환이었다. 바이든은 전통적인 캠페인을 최소화하고, 소셜미디어를 중심으로 활동했다.\n 반면 트럼프 캠프는 아주 공격적인 캠페인을 벌였다. 주요 경합주 곳곳에서 거대한 유세를 실시했다. 특히 코로나19 때문에 종교 집회에 나가지 못해 불만이 쌓인 이들을 끌어내고자, 종교 집회의 성격도 섞었다. 문제는 이렇게 거대한 인파가 모인 곳에서 마스크를 쓰지 않은 채 열광하는 트럼프 지지자들의 모습이 상당수 미국 국민에게는 공포로 다가왔다는 것이다.\n",
		"passage_Cnt": 895
	},
	"Annotation": {
		"summary1": "미국 대선에서 바이든 캠프는 선거 유세 등이 코로나19를 더 악화시키지 않도록 door to door 방식의 운동을 포기하고 사회적 거리두기를 고집했다.",
		"summary2": "바이든 캠프는 이런 상황을 고려해, 선거 유세 등이 코로나19를 더 악화시키지 않도록 캠페인 활동을 축소하겠다고 선언했다. 바이든 캠프는 자원봉사자들이 집마다 방문해 후보와 공약에 대해 소개하는 ‘도어 투 도어(door to door)’ 방식의 운동을 포기함은 물론, 유세(rally) 현장에서는 한정된 인원만 입장을 허용하고, 바닥에 원을 그려 사회적 거리 두기를 고집했다. 이번 미국 대선은 여러모로 이례적(異例的)인 선거다.",
		"summary3": null,
		"summary_3_cnt": null
	}
}