{
	"Meta(Acqusition)": {
		"doc_id": "REPORT-edit-00046",
		"doc_category": "REPORT",
		"doc_type": "edit",
		"doc_name": "【서봉대의 ‘되짚기’】 제3 후보는 누굴까? 내년 대선서 정권교체 하려면...",
		"author": null,
		"publisher": null,
		"publisher_year": null,
		"doc_origin": "월간조선"
	},
	"Meta(Refine)": {
		"passage_id": "REPORT-edit-00046-00004",
		"passage": "민주당에서 이낙연·정세균 전 총리 외에 친문 측 김두관·이광재 의원과 추미애 전 법무장관, 최문순 강원지사가 잇따라 출마를 선언하고 나섰다. 친문은 아니지만 박용진 의원과 양승조 충남지사도 출마선언을 한 뒤 이 지사 정책을 겨냥, 날을 세웠다. 당내에서 대선주자로 거론되는 인사들이 9명이나 됐다.\n이 같은 상황은 1997년 대선을 앞두고 9명의 후보가 경쟁했던 한나라당 경선을 떠올리게 한다. 집권당 주류였던 민주계의 지원을 받았던 이인제 후보는 경선에서 졌으나 탈당·창당과정을 거쳐 3후보로 출마했다. 한나라당 이회창 후보가 당시 대통령이던 김영삼 및 민주계와 갈등을 빚었던 상황과 맞물려 있다.\n지금은 ‘이인제 방지법’에 따라 경선에서 진 후보가 탈당해 출마할 수는 없지만 경선에 앞서 갈등이 증폭될 경우 탈당을 통한 독자 출마를 강행할 수 있다.\n야권 대선주자들로는 국민의힘에서 유승민 전 의원, 하태경 의원과 원희룡 제주지사가 있고 당 밖에선 윤석열 전 검찰총장, 최재형 감사원장, 김동연 전 경제부총리, 홍준표 무소속 의원, 안철수 국민의당 대표 등이 거론되고 있다.\n야권의 경우 친문처럼 당을 주도하는 계파가 부각되지 않는데다 지지층에서 정권교체 열기가 고조되고 있는 만큼, 후보난립 가능성은 낮아 보이지만 장담하기에는 아직 이른 상황이다.\n당밖 인사들 모두가 입당 혹은 합당 등의 과정을 거쳐 국민의힘에서 경선으로 매듭짓게 될 경우 본선에서 야권 후보들이 난립할 가능성은 없다.\n",
		"passage_Cnt": 724
	},
	"Annotation": {
		"summary1": "야권은 후보 난립 가능성이 낮아 보이지만 장담하기에는 이른 상황이며 만약 당 밖 인사들이 국민의 힘에서 경선으로 매듭짓게 된다면 본선에서 야권 후보들이 난립할 가능성은 없다.",
		"summary2": "야권의 경우 친문처럼 당을 주도하는 계파가 부각되지 않는데다 지지층에서 정권교체 열기가 고조되고 있는 만큼, 후보난립 가능성은 낮아 보이지만 장담하기에는 아직 이른 상황이다. 당밖 인사들 모두가 입당 혹은 합당 등의 과정을 거쳐 국민의힘에서 경선으로 매듭짓게 될 경우 본선에서 야권 후보들이 난립할 가능성은 없다.",
		"summary3": null,
		"summary_3_cnt": null
	}
}