{
	"Meta(Acqusition)": {
		"doc_id": "REPORT-edit-20048",
		"doc_category": "REPORT",
		"doc_type": "edit",
		"doc_name": "개인의 힘으로 各論부터 개혁… ‘떼의 힘’으로 밀어붙이는 한국 386과 대조적",
		"author": null,
		"publisher": null,
		"publisher_year": null,
		"doc_origin": "월간조선"
	},
	"Meta(Refine)": {
		"passage_id": "REPORT-edit-20048-00007",
		"passage": " 버블세대인 한자와 세대는 어떨까? 반독재·민족 같은 정치 문제와 전혀 무관한 ‘경제’가 초점이다. 버블세대의 관심은 ‘돈’에서 출발한다. 대의명분이나 통 큰 포부가 아닌, 구체적인 숫자로 나타나는 돈이 모든 가치의 기준이다. ‘돈의 노예’냐고 반문할 듯 싶다. 모든 것이 그러하듯 명암이 상존한다. 돈을 모르는 사람일수록 ‘돈의 노예’가 되기 쉽다. 돈을 제대로 안다면 돈이 갖는 어두운 그림자에서 자유로울 수 있다.\n 한자와가 ‘돈의 화신(化身)’ 은행에 들어간 것은 돈 그 자체를 목적으로 해서가 아니다. 아버지의 죽음이 배경에 있다. 한자와가 중학생이던 때, 너트 공장을 운영하던 아버지가 자살한다. 새로 개발한 너트에 대한 은행 대출을 믿고 일을 벌였는데, 막판에 대출심사에서 탈락한다. 아버지는 도산(倒産) 위기에 몰리면서 자살로 자신의 삶을 끝낸다. 중학생 한자와는, 대출심사 탈락이 은행원의 실적과 은행의 이익 향상 때문이었다는 것을 알게 된다. 복수심에 치를 떨면서, ‘당한 만큼 배로 갚아주겠다’고 결심한다.\n 의식화의 출발점이 한국의 정치권 586은 대학생 때 정치, 일본의 한자와는 중학생 때 경제라는 점에서 구별된다. 정치권 586이 집단적 차원에서 생긴 이념, 한자와 세대는 개인적 차원에서 경험한 버블경제의 흑역사(黑歷史)라는 점에서도 다르다.\n 모순과 불합리를 인지한 의식화에 이어, 한·일 동 세대가 구체적으로 ‘어떻게’ 문제를 해결할지가 궁금하다.\n",
		"passage_Cnt": 717
	},
	"Annotation": {
		"summary1": "버블 세대의 관심은 돈이며 구체적인 숫자로 나타나는 돈이 모든 가치의 기준이다.",
		"summary2": "버블세대의 관심은 ‘돈’에서 출발한다. 대의명분이나 통 큰 포부가 아닌, 구체적인 숫자로 나타나는 돈이 모든 가치의 기준이다.",
		"summary3": null,
		"summary_3_cnt": null
	}
}