{
	"Meta(Acqusition)": {
		"doc_id": "REPORT-edit-20053",
		"doc_category": "REPORT",
		"doc_type": "edit",
		"doc_name": "6·25가 독일 부흥과 통일의 밑거름 됐다",
		"author": null,
		"publisher": null,
		"publisher_year": null,
		"doc_origin": "월간조선"
	},
	"Meta(Refine)": {
		"passage_id": "REPORT-edit-20053-00003",
		"passage": " 나치가 패망하기 직전인 1945년 4월 26일 트루먼 미국 대통령이 유럽 미군 총사령관 아이젠하워 장군에게 보낸 미 합참 문서[문서번호 JCS(Joint Chiefs of Staff)-1067호]를 보자.\n 〈독일의 무자비한 전쟁행위와 나치의 광적인 저항이 독일 경제를 파탄으로 몰고 가 혼란과 고통을 불가피하게 한 만큼, 독일 인민들은 자신들이 저지른 행위에 대한 책임을 면할 수 없다는 것을 절실히 깨달아야 한다. 독일은 해방의 목적이 아니라 패배한 적국으로서 점령될 것이며… 연합국의 주 목표는 독일이 다시금 세계 평화에 위협이 되는 것을 방지하는 데 있다.〉\n 이처럼 제2차 세계대전 종전 당시 전범(戰犯)국가 나치의 제3제국은 이 지구상에서 영원히 흔적도 없이 지워 없애버려야 한다는 것이 세계 공통의 인식이었다. 미상불(未嘗不) 미국·소련·영국·프랑스 등 제2차 세계대전 전승(戰勝)연합국들의 나치 점령 목표는 게르만의 씨를 말리고 그 근거지를 풀 한 포기 나지 않는 불모지가 되도록 철저히 파괴, 초토화한다는 단순명료한 것이었다. 유대인 문제도 그랬지만, 특히 소련 침공 시 ‘전쟁 보급물자의 현지 조달’이라는 전쟁방침에 따라 상상을 초월하는 지옥의 참극(慘劇)을 저지른 나치 잔당들은 복수심에 사로잡힌 연합국 군인들이 벌이는 살기등등한 앙갚음에 속수무책으로 당할 수밖에 없는 처지였다.\n 그야말로 게르만 족속 중에 그나마 괜찮은 것들이 있다면 ‘뒈진 사내놈들이나 겁탈할 계집뿐’이라는 정훈교육을 받은 연합국 군대로부터 개·돼지 취급을 받게 된 패전 나치. 그들에게 1945년은 그야말로 모든 것이 정지된 영시(零時·Stunde Null)였던 것이다.\n",
		"passage_Cnt": 821
	},
	"Annotation": {
		"summary1": "전범 국가 나치의 제 3제국은 지구상에서 흔적없이 없애버려야 한다는 것이 세계의 공통 인식이었는데 전승 연합국들의 나치점령목표는 근거지를 파괴하는 단순한 것이었다.",
		"summary2": "이처럼 제2차 세계대전 종전 당시 전범(戰犯)국가 나치의 제3제국은 이 지구상에서 영원히 흔적도 없이 지워 없애버려야 한다는 것이 세계 공통의 인식이었다. 미상불(未嘗不) 미국·소련·영국·프랑스 등 제2차 세계대전 전승(戰勝)연합국들의 나치 점령 목표는 게르만의 씨를 말리고 그 근거지를 풀 한 포기 나지 않는 불모지가 되도록 철저히 파괴, 초토화한다는 단순명료한 것이었다.",
		"summary3": null,
		"summary_3_cnt": null
	}
}