{
	"Meta(Acqusition)": {
		"doc_id": "REPORT-edit-10605",
		"doc_category": "REPORT",
		"doc_type": "edit",
		"doc_name": "제자와의 성범죄로 세계를 충격에 빠트렸던 여교사들-제1편",
		"author": null,
		"publisher": null,
		"publisher_year": null,
		"doc_origin": "월간조선"
	},
	"Meta(Refine)": {
		"passage_id": "REPORT-edit-10605-00001",
		"passage": "경상남도 진주의 한 초등학교에서 발생한 여성 교사의 남자 초등학생 성폭력 문제가 큰 파문을 일으키고 있다. 이런 충격적인 사건은 해외에서도 곧잘 발생했다.\n1. 메리 케이 르투르노(Mary Kay Letourneau)\n메리 케이 르투르노(Mary Kay Letourneau)는 시애틀 쇼어우드 초등학교에서 당시 2학년인 빌리 푸알로(ViIi Fualaau)와 처음 만났으며 1995년, 그의 6학년 담임이 됐다. 남편의 외도 등 불행한 결혼생활 중이었던 르투르노는 1996년 여름 당시 13세이던 푸알로와 관계를 가졌다. 르투르노의 남편은 두 사람의 관계를 알게 됐고, 1997년 2월 르투르노는 미성년자 성추행 혐의로 체포됐다. 이 사건은 미국 전역에 큰 충력을 줬다. 1997년 5월 르투르노는 푸알로의 딸을 출산했고, 그해 8월, 2급 아동 강간에 대한 유죄를 인정했다. 그녀는 징역 6개월 및 7년의 집행 유례를 선고받았다. 1998년 1월 푸알로에 대한 평생 접근금지령을 받고 가석방됐다. 그러나 1998년 2월 새벽 3시 푸알로와 차와 함께 있는 것이 또 다시 남편에게 발각, 결국 나머지 형기를 감옥에서 채우게 됐다. 그녀는 그해 10월 푸알로의 둘째 딸을 감옥에서 출산, 또 한 번의 큰 쇼크를 줬다. 몇년 후 21세가 된 푸알로는 여전히 선생님을 사랑하고 있으며 두 사람이 함께 할 수 있도록 선생님의 자신에 대한 평생접근금지령을 풀어달라고 판사에게 요청했다.. 2004년 8월 형기를 마치고 출소한 르투르노는 결국 2005년 5월, 제자였던 푸알로와 결혼했다.\n",
		"passage_Cnt": 772
	},
	"Annotation": {
		"summary1": "불행한 결혼생활 중이었던 르투르노는 1996년 여름 당시 13세이던 푸알로와 관계를 가졌고 1997년 2월 르투르노는 미성년자 성추행 혐의로 체포됐다.",
		"summary2": "남편의 외도 등 불행한 결혼생활 중이었던 르투르노는 1996년 여름 당시 13세이던 푸알로와 관계를 가졌다. 르투르노의 남편은 두 사람의 관계를 알게 됐고, 1997년 2월 르투르노는 미성년자 성추행 혐의로 체포됐다.",
		"summary3": null,
		"summary_3_cnt": null
	}
}