{
	"Meta(Acqusition)": {
		"doc_id": "REPORT-edit-20042",
		"doc_category": "REPORT",
		"doc_type": "edit",
		"doc_name": "트럼프의 부정선거 주장, 왜 나오고 어떻게 확산됐나",
		"author": null,
		"publisher": null,
		"publisher_year": null,
		"doc_origin": "월간조선"
	},
	"Meta(Refine)": {
		"passage_id": "REPORT-edit-20042-00007",
		"passage": " 과연 트럼프는 부정선거론으로 판세를 뒤엎을 수 있을까. 수많은 변수가 존재할 수 있는 이 상황에서 이를 100% 예측한다는 것은 불가능하다. 하지만 현재 트럼프를 제외한 공화당 진영의 분위기는 엿볼 수 있다.\n 패색(敗色)이 짙어진 후 트럼프가 본격적으로 부정선거를 주장하자, 공화당 지도부는 이에 최대한 거리를 두는 모습을 보였다. 이들은 11월 첫째 주 내내 침묵을 지켰다. 그나마 관련 발언을 한 것이 “모든 합법적(legal) 표는 집계되어야 한다”였다.\n 이는 굉장히 조심스러운 표현으로, 처음 개표를 멈추라고 주장했던 트럼프에 반하는 말임과 동시에, 불법표에 의해 부정선거가 이루어지고 있다는 트럼프의 주장을 돕는 듯한 뉘앙스의 말이기도 하다.\n 13년째 공화당 상원 원내대표를 맡고 있는 미치 매코널과, 공화당 하원 원내대표를 맡고 있는 케빈 매카시를 비롯한 공화당 지도부가 전부 중립적인 태도로 상황을 지켜보고 있었다.\n 부통령인 마이크 펜스 역시 마찬가지다. 트럼프가 처음 조기 승리 선언을 한 기자회견 자리에는 펜스가 있었다. 그런데 패배가 확실시된 시점에 트럼프가 부정선거 관련 기자회견을 할 때에는 그 곁에 펜스가 없었다. 펜스는 다른 일로 바빴다고 해명했지만, 부정선거와 관련해 공화당 지도부와 마찬가지로 아주 원론적이고 중의적(重義的)인 표현만 내놓을 뿐, 직접적으로 트럼프의 부정선거 주장을 지원하지 않는 모습이다.\n 이들이 침묵을 깨고 드디어 입장을 표명한 건 긴 주말이 지나고 11월 둘째 주 월요일이었다. 트럼프는 주말 내내 골프를 치며 트위터로 부정선거 이야기를 해왔고, 공화당 지도부 역시 언론과의 직접 접촉을 피해온 상황. 마침내 공화당이 어떤 입장을 밝힐지 모두가 주목했다. 유감스럽게도 또 원론적인 반응이었다. 미치 매코널은 “트럼프가 선거 결과에 의문을 제기하고 법적 절차를 밟는 것은 100% 그의 권리”라면서 “모든 건 절차에 따라 결론에 이를 것”이라고 말했다.\n",
		"passage_Cnt": 959
	},
	"Annotation": {
		"summary1": "수 많은 변수가 존재할 수 있는 상황에서 예측하는 것은 불가능하지만 트럼프를 제외한 공화당 진영의 분위기는 엿볼 수 있다.",
		"summary2": "수많은 변수가 존재할 수 있는 이 상황에서 이를 100% 예측한다는 것은 불가능하다. 하지만 현재 트럼프를 제외한 공화당 진영의 분위기는 엿볼 수 있다.",
		"summary3": null,
		"summary_3_cnt": null
	}
}