{
	"Meta(Acqusition)": {
		"doc_id": "REPORT-edit-10068",
		"doc_category": "REPORT",
		"doc_type": "edit",
		"doc_name": "조 바이든에게 당선 확정을 처음 알린 사람은?",
		"author": null,
		"publisher": null,
		"publisher_year": null,
		"doc_origin": "월간조선"
	},
	"Meta(Refine)": {
		"passage_id": "REPORT-edit-10068-00001",
		"passage": "조 바이든 민주당 대선 후보가 대선 승리 소식을 들은 직후 가족과 함께 얼싸안고 기뻐하는 모습이 공개됐다. 이 모습은 바이든의 손녀딸이 공개했다.\n바이든의 손녀딸인 나오미 바이든은 7일(현지 시각) 트위터 계정에 바이든 후보가 가족과 포옹하고 있는 사진을 올렸다. 바이든은 카메라를 보고 웃고 있다. 다른 가족들은 그를 둘라싼 채 서로 안고 있다. 사진에는 2020년 11월 7일을 뜻하는 ’11.7.20′ 이라는 설명이 달렸다.\n손녀딸의 이름 나오미는 바이든이 1972년 떠나보낸 한 살배기 첫 딸의 이름이기도 하다. 바이든이 처음으로 상원의원 선거에서 이긴 직후인 그해 첫 부인 닐리아와 딸 나오미는 교통사고로 세상을 떴다.\nCNN 방송은 바이든에게 승리 소식을 알려준 것은 손녀들이었다고 바이든 캠프 관계자를 인용해 전했다.\n부인 질 바이든 여사도 남편과 승리를 축하하는 사진을 트위터에 올렸다. 사진에는 바이든이 ‘바이든 박사와 바이든 부통령이 이곳에 거주한다(Dr. ＆ Vice President Biden Live Here)’는 피켓을 들고 있다. 질 여사가 손으로 ‘부(Vice)’를 가리고 있다. 사진 속 바이든은 ‘우리가 방금 해냈다. 46’이라고 적힌 모자를 쓰고 있다. 바이든은 이번 승리로 미국의 46번째 대통령이 된다. 이번 승리로 바이든의 직함이 ‘전 부통령’에서 대통령으로 바뀐 것을 표현한 것이다. 박사는 질 여사를 가리킨다.\n",
		"passage_Cnt": 703
	},
	"Annotation": {
		"summary1": "바이든 민주당 대선 후보가 대선 승리 소식을 들은 직후 가족과 함께 기뻐하는 모습의 사진을 손녀딸인 나오미가 트위터에 공개했다. ",
		"summary2": "조 바이든 민주당 대선 후보가 대선 승리 소식을 들은 직후 가족과 함께 얼싸안고 기뻐하는 모습이 공개됐다. 바이든의 손녀딸인 나오미 바이든은 7일(현지 시각) 트위터 계정에 바이든 후보가 가족과 포옹하고 있는 사진을 올렸다.",
		"summary3": null,
		"summary_3_cnt": null
	}
}