{
	"Meta(Acqusition)": {
		"doc_id": "REPORT-edit-20003",
		"doc_category": "REPORT",
		"doc_type": "edit",
		"doc_name": "언론의 자유 지키려 독재 정권에 맞서다",
		"author": null,
		"publisher": null,
		"publisher_year": null,
		"doc_origin": "월간조선"
	},
	"Meta(Refine)": {
		"passage_id": "REPORT-edit-20003-00001",
		"passage": "대통령은 특정 언론사를 적으로 삼았다. 자신과 측근의 비리를 고발하는 기사를 ‘가짜 뉴스’라며 좌표를 찍었고, 대통령의 지지자들은 해당 기자에게 ‘쓰레기’ ’기생충’이라 욕설을 보냈다. 소셜네트워크서비스와 이메일, 문자메시지가 동원됐다. 대통령은 정부 정책에 쓴소리를 하는 언론사의 대표를 명예훼손으로 고소해 징역형을 받게 했다. 급기야 나라에서 가장 영향력이 큰 민영방송사의 문마저 닫게 했다. 정부 정책을 비판했다는 이유다. 필리핀의 로드리고 두테르테 대통령 얘기다.\n 올해 노벨위원회는 두 명의 언론인을 노벨평화상 수상자로 선정했다. 필리핀의 마리아 레사(58)와 러시아의 드미트리 무라토프(59)다. 두 사람은 그야말로 목숨을 걸고 기사를 써왔다. 마리아 레사는 필리핀에서 온라인 언론 ‘래플러’를 운영한다. 두테르테 대통령이 대표 치적으로 내세우는 ‘마약과의 전쟁’이 학살로 이어질 수 있다고 지적해왔다. 필리핀의 시민단체들은 마약과의 전쟁에서 살해당한 이들이 최고 3만여 명이라고 추산한다. 레사는 구속과 보석을 반복해 겪었다. 두테르테 대통령은 자신을 비판하는 언론인들을 겨냥해 ‘암살 위협에서 자유롭지 않다’고 말하기도 했다.\n 드미트리 무라토프는 러시아의 신문사 《노바야 가제타》의 편집장이다. 1993년 창간 이래 6명의 소속 기자들이 살해당했다. 표현의 자유가 위축된 러시아에서 사실을 알리기 위해 노력한 결과다. 무라토프와 손발을 맞췄던 유리 세코치힌 부편집장은 독극물에 중독되어 사망했다. 무라토프는 더는 세상에 없는 그들에게 노벨상을 바친다고 말했다.\n",
		"passage_Cnt": 771
	},
	"Annotation": {
		"summary1": "대통령은 자신과 측근의 비리를 고발하는 기사를 가짜 뉴스라고 했고 특정 언론사를 적으로 삼았다.",
		"summary2": "대통령은 특정 언론사를 적으로 삼았다. 자신과 측근의 비리를 고발하는 기사를 ‘가짜 뉴스’라며 좌표를 찍었고, 대통령의 지지자들은 해당 기자에게 ‘쓰레기’ ’기생충’이라 욕설을 보냈다.",
		"summary3": null,
		"summary_3_cnt": null
	}
}