{
	"Meta(Acqusition)": {
		"doc_id": "REPORT-edit-20036",
		"doc_category": "REPORT",
		"doc_type": "edit",
		"doc_name": "“바이든의 동맹 개선 의지는 중국에 큰 고통이 될 것”",
		"author": null,
		"publisher": null,
		"publisher_year": null,
		"doc_origin": "월간조선"
	},
	"Meta(Refine)": {
		"passage_id": "REPORT-edit-20036-00006",
		"passage": " 중국 정부가 중장기 전략으로 시장개방과 녹색발전을 택한 것 역시 바이든 행정부가 들어설 것을 예상하고 있음을 분명히 보여주고 있다.\n 바이든은 그의 정치활동 과정, 특히 선거유세 과정에서 다자주의(多者主義) 외교노선을 명확히 했다. 그는 트럼프가 과소평가한 동맹국들과의 유대를 강화하고, 국제사회에서 경제무역뿐 아니라 인권·환경·의료공조 강화 등 정치 어젠다를 다변화(多邊化)할 것이라고 주장해왔다.\n 중국은 바이든 정부가 들어서면 그동안 트럼프의 일방주의 덕분에 중국이 국제사회의 협조와 동맹에 유리한 위치를 차지해온 것에 대한 위기가 도래할 것을 분명히 인식하고 있다. 따라서 중국 정부는 미국의 다자외교로 인해 파생될 국제사회의 고립을 피하기 위해 과감한 시장개방과 자국 내 외자(外資)기업들의 규제 완화 및 윈윈정책을 통한 상호 연대(連帶)를 가속화하겠다는 의지를 분명히 하고 있다.\n 구체적으로 2020년 하반기부터 외국인의 금융시장 접근 규제를 완화하고 10월부터는 기존 적격외국인기관투자자(QFII)와 위안화적격외국인기관투자자(RQFII) 제도를 일원화하고, 투자가능 자산을 기존의 상장주식, 채권, 공모펀드에서 비상장주식과 사모펀드, 파생상품으로 확대하는 과감한 금융 개방을 추진하고 있다.\n 또한 2030년까지 탄소배출량 저감 목표를 제시하고 2060년까지 탄소중립을 달성할 것이며, 이를 위해 영향력 있는 국가들과 녹색지구환경을 위한 협력을 추진할 것이라고 밝히고 있다. 중국이 탄소배출량 저감 목표 연도를 구체적으로 제시한 사례는 이번 ‘14.5계획’이 최초이다. 이는 세계 최대의 탄소배출국에서 기후변화 대응 주도국으로 이미지를 전환하고 녹색성장 전략의 의지를 보여주었다는 해석으로 볼 수 있다.\n",
		"passage_Cnt": 851
	},
	"Annotation": {
		"summary1": "바이든은 동맹국들과 유대를 강화하고 인권·환경·의료 공조 강화 등 정치 어젠다를 다변화할 것이라고 주장했다.",
		"summary2": "바이든은 그의 정치활동 과정, 특히 선거유세 과정에서 다자주의(多者主義) 외교노선을 명확히 했다. 그는 트럼프가 과소평가한 동맹국들과의 유대를 강화하고, 국제사회에서 경제무역뿐 아니라 인권·환경·의료공조 강화 등 정치 어젠다를 다변화(多邊化)할 것이라고 주장해왔다.",
		"summary3": null,
		"summary_3_cnt": null
	}
}