{
	"Meta(Acqusition)": {
		"doc_id": "REPORT-edit-10602",
		"doc_category": "REPORT",
		"doc_type": "edit",
		"doc_name": "제자와의 성범죄로 세계를 충격에 빠트렸던 여교사들-제2편",
		"author": null,
		"publisher": null,
		"publisher_year": null,
		"doc_origin": "월간조선"
	},
	"Meta(Refine)": {
		"passage_id": "REPORT-edit-10602-00002",
		"passage": "8. 알레산드라 베라\n미국 텍사스 휴스턴의 한 중학교에서 영어교사로 일하던 알레산드라 베라가 13살 제자와 위험한 관계를 시작한 건 2015년 9월. 여교사에 따르면 먼저 접근(?)을 시도한 건 제자였다. 학생은 지난해 인스타그램에서 베라에게 친구 맺기 요청을 보냈다. 하지만 베라가 요청을 거부하면서 두 사람이 특별한 관계로 발전하진 않았다. 이후 교사와 학생으로 지내던 두 사람이 가까워진 건 베라가 여름 학기에 학생이 결석을 하자 베라는 인스타그램으로 학생에게 무슨 일이 있는지 물었고, 학생은 베라에게 전화번호를 알려달라고 했다. 그래서 만난 두 사람은 본격적으로 '썸'을 타기 시작했고, 베라의 승용차에서 첫 키스를 나눴다. 이튿날 두 사람은 다시 만나 부적절한 관계를 시작했다. 베라는 4살 된 딸을 둔 엄마였지만 학생과의 관계에 푹 빠져들었다. 현지 언론은 \"베라가 학생을 알게 된 후 거의 매일 성관계를 가진 것으로 알려졌다\"고 보도했다. ABC 등 현지 언론은 \"베라에게 최고 99년 징역이 선고될 수 있다\"고 보도했다.\n9. 디온 얀스\n2016년 2월 9일 미국 플로리다 주 앨런 D 니스 고등학교의 체육 교사이자 여자 역도팀 감독인 디온 얀스는 학교 이사회로부터 해고 통보를 받았다. 해고 사유는 ‘학생들과 부적절한 내용의 문자를 주고받았다’는 것. 학생들은 체육 교사인 얀스가 스마트폰 메신저로 자신의 누드 사진을 보내고 술에 취해 자신들을 불러냈다고 주장했다. 지금까지 이 학교 풋볼팀 속 학생 3명이 음란 메시지와 브래지어만 입은 얀스의 사진을 받았다고 주장한 것으로 알려졌다. 얀스는 주로 트위터와 스마트폰 메신저 ‘스냅챗’을 이용해 사진과 메시지를 보냈다 조사 과정에서 한 학생은 자신의 SNS에 “나는 얀스 선생님과 스냅챗으로 누드 사진을 주고받으며 ‘썸’을 탔다”고 진술했다. 하지만 학생들은 ‘얀스와 성관계를 맺었느냐’는 질문엔 모두 고개를 가로저었다. 학교 측은 “어떤 내용의 메시지가 오갔는지는 공개하지 않겠다”며 “다수의 학생들에게 부적절한 내용이 담긴 메시지를 보냈다”고 밝혔다.\n",
		"passage_Cnt": 1020
	},
	"Annotation": {
		"summary1": "고등학교의 체육 교사이자 여자 역도팀 감독인 얀스는 학생들과 부적절한 내용의 문자를 주고받아 해고되었다.",
		"summary2": "2016년 2월 9일 미국 플로리다 주 앨런 D 니스 고등학교의 체육 교사이자 여자 역도팀 감독인 디온 얀스는 학교 이사회로부터 해고 통보를 받았다. 해고 사유는 ‘학생들과 부적절한 내용의 문자를 주고받았다’는 것.",
		"summary3": null,
		"summary_3_cnt": null
	}
}