{
	"Meta(Acqusition)": {
		"doc_id": "REPORT-edit-00006",
		"doc_category": "REPORT",
		"doc_type": "edit",
		"doc_name": "‘88세에도 꿈을 꾼다...태양의 열정으로’",
		"author": null,
		"publisher": null,
		"publisher_year": null,
		"doc_origin": "월간조선"
	},
	"Meta(Refine)": {
		"passage_id": "REPORT-edit-00006-00004",
		"passage": "“아닙니다.얼마 전 나무 가지를 자르다가 넘어져서 좀 불편해요.”\n그는 가을·겨울이면 푸르스름한 여명(黎明)속에서,봄·여름이면 떠오르는 해를 맞이하며 하루 일과를 시작한다.나무 손질과 잔디 깎기,때로는 청소부(?)로 변신해서 문화원 곳곳을 정리한다.그러다가 사고를 당했던 것이다.\n이복형 원장은 국가로부터 받은 훈장이나 상장 보다는 올해4월 주한 중남미-카리브해 국가외교사절단이 준 감사패를 으뜸으로 쳤고,홍갑표 이사장은 지난해10월(사)한국박물관협회로부터 받은 특별 공로상을‘엄지척’했다.이어서 이복형 원장은 필자에게<한국 외교와 외교관>이라는 책을 사인해서 선물했다. 2015년에 나온 책이었다.\n“외교관은 문화예술에도 많은 관심과 지식이 있어야 합니다.”는 대목이 눈길을 끌었다.\n필자는 의자에 앉자마자 다시 수첩을 꺼냈다.그리고,부인 홍갑표 이사장에게 물었다.\n“이복형 대사님 아니,원장님은 어떤 분이시나요?”\n“멋진 사람이지요.아주 멋진.대사 시절에 그 누구와도 골프장 한 번 가지 않았어요. ‘접대 받는다’고 오해받을 수 있으니까요.대신,주일이면 교회에 열심히 나갔습니다.원래 성악을 공부하기도 했어요.코스타리카 대사 시절 독창회를 열었고,아르헨티나 교회에서는 특송을 요청하면 기쁜 마음으로 봉사했습니다.남편의 찬송가에 감동 받은 교민들이 눈물을 흘리기도 했습니다.”\n멈출 줄 모르는 꿈\n“아직도 꿈을 꾸고 계시나요?”\n“꿈을 갖는 데는 돈이 들지 않아요.저는 꿈을 꾸었고,그 꿈이 저를 이끌어 오늘의 저를 만들었어요.”\n",
		"passage_Cnt": 746
	},
	"Annotation": {
		"summary1": "이 원장은 주한 중남미-카리브해 국가외교사절단이 준 감사패가 으뜸이고 홍 이사장은 한국박물관협회로부터 받은 특별 공로상에 엄지척을 했으며 이어 이 원장은 필자에게 책을 선물했다.",
		"summary2": "이복형 원장은 국가로부터 받은 훈장이나 상장 보다는 올해4월 주한 중남미-카리브해 국가외교사절단이 준 감사패를 으뜸으로 쳤고,홍갑표 이사장은 지난해10월(사)한국박물관협회로부터 받은 특별 공로상을‘엄지척’했다. 이어서 이복형 원장은 필자에게<한국 외교와 외교관>이라는 책을 사인해서 선물했다.",
		"summary3": null,
		"summary_3_cnt": null
	}
}