{
	"Meta(Acqusition)": {
		"doc_id": "REPORT-edit-00086",
		"doc_category": "REPORT",
		"doc_type": "edit",
		"doc_name": "【이상곤의 ‘흐름’】 ‘부패한 진보’를 소환한 사람들",
		"author": null,
		"publisher": null,
		"publisher_year": null,
		"doc_origin": "월간조선"
	},
	"Meta(Refine)": {
		"passage_id": "REPORT-edit-00086-00001",
		"passage": "한 때“보수는 유능하지만 부패했고,진보는 무능하지만 깨끗하다”는 통념이 있었다.그동안 권력의 중심에 보수가 있었으니 그렇게 표현된 것 같다.그런데 요즘 그 통념이 사라졌다.그것도‘촛불 정권’을 자처하는 문재인 정권에 의해 그리 된 것이다.진보의‘깨끗함’은 온 데 간 데 없고 그 자리에‘부패’가 자리를 잡았다.\n4·7서울과 부산 시장 보궐선거가 본격화되면서 정권이 가장 우려하는 것은 부정과 부패 문제의 부상이다. LH사태로 치명상을 입고 치르는 선거에서 부정부패로 인한‘정권 심판론’까지 가세하면 선거는 해보나 마나다.그런데 이런 아킬레스 건이 속속 등장하고 있다.곤혹스럽지만 의도치 않게 등장하는 정권 핵심 인사들의 일탈에 여권 부담이 늘어만 간다.\n조국 전 법무장관과 윤미향 더불어민주당 의원 관련 보도는 선거를 앞둔 여당에 불리한 소식 중 하나다.미 국무부는 최근 낸 인권보고서에서 박원순,오거돈,김홍걸과 함께 이 두 사람을 부패 비위 인사로 지목했다는 언론보도가 나왔다.\n미 국무부는 조 전 장관에 대해“2019년12월 검찰은 조 전 장관에 대해 뇌물 수수와 부당 이득,직권 남용,공직자윤리법 위반 및 기타 범죄 혐의로 기소했다”고 부패 혐의를 적시하고 부인 정경심씨의 법원 판결 내용 등을 상세하게 전했다.\n조 전 장관은‘2019년 인권 보고서’에 이어2년 연속 부패 인사로 지목돼 국제적 망신거리가 되고 있다.\n그런 그가4·7보궐선거가 다가오자SNS활동에 열혈 매진중이다. 24일에는8시간 동안15개의 트윗을 날리기도 했다.하지만 부산대가 자신의 딸 부산대 의전원 부정입학을 조사한다는 속보이후 그 트윗도 잠잠해졌다.\n",
		"passage_Cnt": 801
	},
	"Annotation": {
		"summary1": "권력의 중심에 보수가 있어 보수는 유능하지만 부패했고 진보는 무능하지만 깨끗하다는 통념이 있었다.",
		"summary2": "한 때“보수는 유능하지만 부패했고,진보는 무능하지만 깨끗하다”는 통념이 있었다. 그동안 권력의 중심에 보수가 있었으니 그렇게 표현된 것 같다.",
		"summary3": null,
		"summary_3_cnt": null
	}
}