{
	"Meta(Acqusition)": {
		"doc_id": "REPORT-edit-20049",
		"doc_category": "REPORT",
		"doc_type": "edit",
		"doc_name": "“첫째 목표는 자유, 둘째는 평화, 재통일은 세 번째”",
		"author": null,
		"publisher": null,
		"publisher_year": null,
		"doc_origin": "월간조선"
	},
	"Meta(Refine)": {
		"passage_id": "REPORT-edit-20049-00018",
		"passage": " 콜의 연설처럼 역사는 통일을 원하는 이들의 편이었고, 상황은 바뀌었다. 1985년 소련에서는 미하일 고르바초프가 공산당 서기장으로 선출됐다. 고르바초프는 글라스노스트(개방)와 페레스트로이카[신사고(新思考)·혁신]를 주장하고 나섰다.\n 이에 따라 헝가리를 필두로 한 동구권에서 변화의 움직임이 태동했다. 헝가리는 1989년 5월 2일 오스트리아의 국경선에 쳐진 철조망을 제거하기 시작했다. 동구, 더 나아가 소련 붕괴의 서막이 오른 것이다. 콜은 그 의미를 감지했다. 그는 1989년 6월 신문 인터뷰에서 “역사는 우리 편이 되어서 움직이는 것 같다”고 말했다. 그러면서도 콜은 고르바초프에게 영합해서 뭔가를 얻어내려 하지는 않았다. 오히려 그 무렵 서독을 방문한 고르바초프 소련 공산당 서기장에게 콜은 “독일연방공화국은 서방세계의 가치관을 존중한다. 우리는 어떠한 감언이설(甘言利說)에도 넘어가지 않는다. 나토와 EU는 독일 정책의 양대 축(軸)이다”라고 못을 박았다.\n 1989년 8월 이후 여름 휴가차 헝가리를 방문했던 동독인들이 국경 철조망이 해체된 것을 기화로 오스트리아를 거쳐 서독으로 탈출하기 시작했다. 이들은 서독으로 들어가는 순간 자동적으로 서독 국적을 취득할 수 있었다. 이는 1950년대에 서독이 독일의 유일 합법정부라고 주장하던 아데나워 정권이 1913년부터 시행되어온 독일 공민법을 그대로 유지해온 덕분이었다. 오늘날 탈북자들이 한국에 들어오는 즉시 한국 국적을 취득할 수 있는 것도 같은 이유에서다.\n",
		"passage_Cnt": 742
	},
	"Annotation": {
		"summary1": "1985년 소련에서 공산당 서기장으로 선출된 고르바초프는 개방과 혁신을 주장하고 나섰는데 이에 따라 헝가리를 필두로 한 동구권에서 변화의 움직임이 태동했다.",
		"summary2": "1985년 소련에서는 미하일 고르바초프가 공산당 서기장으로 선출됐다. 고르바초프는 글라스노스트(개방)와 페레스트로이카[신사고(新思考)·혁신]를 주장하고 나섰다. 이에 따라 헝가리를 필두로 한 동구권에서 변화의 움직임이 태동했다.",
		"summary3": null,
		"summary_3_cnt": null
	}
}