{
	"Meta(Acqusition)": {
		"doc_id": "REPORT-edit-20047",
		"doc_category": "REPORT",
		"doc_type": "edit",
		"doc_name": "후원조직 만들고, 설문조사 통해 정책 개발하는 데 앞장서",
		"author": null,
		"publisher": null,
		"publisher_year": null,
		"doc_origin": "월간조선"
	},
	"Meta(Refine)": {
		"passage_id": "REPORT-edit-20047-00005",
		"passage": " 마크롱이 집권에 성공할 수 있었던 이유는 함께하는 열정적이고 유능한 청년들이 있었기 때문이다.\n 그중에서 이스마엘 에믈리앙은 1987년생으로 파리정치대학 재학 당시 2006년 사회당 대선 경선에 나섰던 도미니크 스트로스칸 전 IMF 총재 캠프에서 연설문을 작성하면서 정치에 입문한 인물이다. 그는 싱크탱크, 커뮤니케이션 관련 컨설팅 등 다양한 경험을 한 인재였으며, 앙 마르슈의 전략을 기획한 핵심 참모였다. 그는 2006년 사회당 대선 경선에서 도미니크 스트로스칸 후보 캠프에서 함께 일했던 벤자맹 그리보(1977년생), 스타니슬라스 게리니(1982년생), 세드리크 오(1982년생)와 함께 앙 마르슈의 시작을 준비했다.\n 앙 마르슈의 첫 형태는 당이 아니라 싱크탱크형 청년운동을 표방한 모임이었다. 이들은 프랑스 상경계 그랑제콜 HEC 출신, 정치계 그랑제콜인 파리정치대학 출신들로 각자의 일과 후에 모여 새로운 프랑스를 만들기 위한 비전과 전략에 대해 매일 토론하고 준비했다. 앙 마르슈는 청년들의 소모임에서 시작했으며 후에 마크롱을 대통령으로 만드는 주요한 역할을 했다.\n 앙 마르슈는 대선 준비를 위해 두 가지 핵심 전략을 준비했다. 한 가지는 비밀 후원 모금회이며, 다른 한 가지는 ‘그랑드 마르슈(Grande Marche)’로 불리는 풀뿌리 정책 설문조사이다.\n 2017년 4월 6일 마크롱은 청년들과 그의 고향 아미앵에서 앙 마르슈 출범을 발표한 후, 대선을 위한 후원금 모금을 준비했다. 후원회 모임은 외부에 공개되지 않고 비밀리에 소규모 프라이빗 칵테일 모임 형태로 진행되었다. 이 모임에는 각 분야에서 영향력이 있는 인물들이 초대되었다. 앙 마르슈는 이들을 헤드헌터, 변호사, 은행가, 투자가, 대기업 및 중소기업의 기업가, 교육 종사자 등의 세부 직군(職群)으로 카테고리를 나누어 후원회 모임을 진행했다. 참가자 대부분은 ‘현재 프랑스가 제대로 작동하지 않고 있다’는 사실을 인식하면서 ‘새로운 프랑스를 만들기 위한 개혁’에 동참하기 위해 참여했다고 밝혔다.\n",
		"passage_Cnt": 998
	},
	"Annotation": {
		"summary1": "마크롱이 집권에 성공할 수 있었던 이유는 유능한 청년들이 있었기 때문인데 그 중에서 에믈리앙은 총재 캠프에서 연설문을 작성하며 정치에 입문한 인물이다. ",
		"summary2": "마크롱이 집권에 성공할 수 있었던 이유는 함께하는 열정적이고 유능한 청년들이 있었기 때문이다. 그중에서 이스마엘 에믈리앙은 1987년생으로 파리정치대학 재학 당시 2006년 사회당 대선 경선에 나섰던 도미니크 스트로스칸 전 IMF 총재 캠프에서 연설문을 작성하면서 정치에 입문한 인물이다.",
		"summary3": null,
		"summary_3_cnt": null
	}
}