{
	"Meta(Acqusition)": {
		"doc_id": "REPORT-edit-20035",
		"doc_category": "REPORT",
		"doc_type": "edit",
		"doc_name": "프랑켄슈타인의 제자들과 고독한 영웅들",
		"author": null,
		"publisher": null,
		"publisher_year": null,
		"doc_origin": "월간조선"
	},
	"Meta(Refine)": {
		"passage_id": "REPORT-edit-20035-00006",
		"passage": " 트럼프가 선거불복 작전을 펴는 데 사용한 가장 유력한 무기는 음모론이었다. 2020년 11월 하순, 공화당이 주최한 펜실베이니아주 상원 청문회에 전화를 건 트럼프는 10분간 발언했다. 《워싱턴포스트》 팩트체크 기자의 계산에 의하면 10분간 15건의 거짓말과 왜곡을 했다고 한다. 이 신문이 검증한 트럼프의 거짓말 15개 항목 중 몇 개를 소개한다.\n 1. “우리가 쉽게 이긴 선거다. 민주당이 속였다. 부정선거다.”\n (트럼프는 참패했다. 700만 표 이상의 차이로 바이든이 전국 득표에서 앞섰고 선거인단 득표는 306대 232이다.)\n 2. “우리는 펜실베이니아에서 크게 이겼다. 경합주 전체에서 크게 이겼다.”\n (이 주에서 트럼프는 8만 표 차이로 졌다. 2016년의 표차보다 두 배나 크다.)\n 3. “나는 거물 정치인들로부터 ‘대승을 축하합니다’라는 전화를 받았다. 그런데 모든 곳에서 표가 버려졌다.”\n (진짜 거물 정치인들은 모두 우편투표는 나중에 개봉되므로 초장에 트럼프가 리드해도 뒤집힐 것을 알았다.)\n 4. “우리 측 참관인은 참관이 허용되지 않았다. 쫓겨나기도 했다.”\n (이런 주장은 거의 전부가 법원에서 증거로 채택되지 않았다.)\n 5. “공화당 참관인은 개처럼 취급되었다. 민주당은 문제가 없었다.”\n (미시간에서 주 공화당 대표가 그런 주장을 했는데 그 순간 수백명의 공화당 참관인 등이 디트로이트의 개표장에 들어가 있음이 확인되었다.)\n",
		"passage_Cnt": 710
	},
	"Annotation": {
		"summary1": "워싱턴포스트 팩트체크 기자에 의하면 펜실베이니아주 상원 청문회에 전화를 건 트럼프가 10분간 발언하면서 15건의 거짓말과 왜곡을 했다.",
		"summary2": "2020년 11월 하순, 공화당이 주최한 펜실베이니아주 상원 청문회에 전화를 건 트럼프는 10분간 발언했다. 《워싱턴포스트》 팩트체크 기자의 계산에 의하면 10분간 15건의 거짓말과 왜곡을 했다고 한다.",
		"summary3": null,
		"summary_3_cnt": null
	}
}