{
	"Meta(Acqusition)": {
		"doc_id": "REPORT-edit-20001",
		"doc_category": "REPORT",
		"doc_type": "edit",
		"doc_name": "드골-아데나워, 獨佛 화해를 넘어 유럽 통합의 길을 열다!",
		"author": null,
		"publisher": null,
		"publisher_year": null,
		"doc_origin": "월간조선"
	},
	"Meta(Refine)": {
		"passage_id": "REPORT-edit-20001-00005",
		"passage": " 드골의 호소에 응한 프랑스 군인들은 매우 적었다. 나치 독일이 허용한 남불(南佛) 비시 정부의 페탱 원수는 한때 총애했던 부하 드골의 저항운동을 반역으로 규정, 궐석(闕席)군사재판에서 사형을 선고하도록 했다(프랑스 해방 뒤 드골은 반역죄로 사형이 선고된 페탱을 감형했다). 6월 29일 드골은 노르웨이 전선에서 영국으로 철수한 프랑스 산악사단의 주둔지를 방문했다. 사단장은 항복한 프랑스로 돌아가겠다면서도 드골이 부대원들을 설득할 수 있도록 해주었다.\n 이 사단에 배속되었던 외인(外人)부대 여단의 지휘관은 라울 마그랭 베르느레 대령이었다. 그는 부대원들과 함께 드골에게 합류하겠다고 했다. 드골이 얼마나 고맙게 생각했을까? 이 대령은 별명이 있는데 몽클라르이다.\n 한국전에 프랑스 대대장으로 참전한 바로 그 사람임을 드골의 회고록을 읽다가 알게 되었다. 특종(特種)을 한 것처럼 반가웠다. 한국전이 터지자 프랑스는 지원병 700명을 보내는데 제2차 세계대전 참전자들로 구성된 강팀이었다. 퇴역을 앞둔 현역 중장 몽클라르는 스스로 중령으로 강등, 프랑스 대대를 이끌었다. 미(美) 2사단에 배속되어 1951년 초 양구 지평리 전투에서 중공군에 포위되었으나 구조될 때까지 버티어냈다. 당시 58세였다. 제1차 세계대전에도 참전, 여러 번 부상당하였다.\n 그는 1941년 자유프랑스군으로서 프랑스의 비시 정부 소속 외인부대와 싸울 처지가 되자 옛 동료들을 상대로는 총을 쏠 수 없다고 지휘를 거부하기도 했다. 드골의 회고록엔 몽클라르의 용전(勇戰)에 대한 언급이 여러 차례 나온다. 그는 1951년 한국전선에서 귀환, 퇴역했다가 1962년 파리의 유명한 군사박물관 겸 군인묘지인 앵발리드 관장으로 취임, 2년 뒤 사망, 거기에 안장되었다.\n",
		"passage_Cnt": 861
	},
	"Annotation": {
		"summary1": "한국전쟁이 터지자 프랑스는 제2차 세계대전 참전자들로 구성된 강팀을 보냈고 퇴역을 앞둔 현역 중장 몽클라르는 프랑스 대대를 이끌었다.",
		"summary2": "한국전이 터지자 프랑스는 지원병 700명을 보내는데 제2차 세계대전 참전자들로 구성된 강팀이었다. 퇴역을 앞둔 현역 중장 몽클라르는 스스로 중령으로 강등, 프랑스 대대를 이끌었다.",
		"summary3": null,
		"summary_3_cnt": null
	}
}