{
	"Meta(Acqusition)": {
		"doc_id": "REPORT-edit-00007",
		"doc_category": "REPORT",
		"doc_type": "edit",
		"doc_name": "【이상곤의 ‘흐름’】 이재명 후보의 역(逆)컨벤션 효과, 이유가 있었네",
		"author": null,
		"publisher": null,
		"publisher_year": null,
		"doc_origin": "월간조선"
	},
	"Meta(Refine)": {
		"passage_id": "REPORT-edit-00007-00002",
		"passage": "최근 여론조사 결과를 보면 이재명 후보의 부진이 두드러진다.지난8일 한국사회여론연구소(KSOI)조사에서 국민의힘 윤석열 후보는 민주당 이재명 후보를12%포인트에 가까운 큰 차이로 앞서는 컨벤션 효과를 누렸다.윤 후보는43%,이 후보는31.2%였다.지난9일 리얼미터 여론조사 결과도 비슷했다.윤 후보는46.2%,이 후보는34.2%로 윤 후보가 이 후보를 오차범위 밖으로 앞섰다.\n여당의 후보가 역(逆)컨벤션에 허덕이는 모습은 이례적이다.여당의 대선 후보는 선출과 동시에 현 권력에 대한 반감과 미래 권력에 대한 기대 때문에 지지율이 오르는 것이 상식이다.\n과거YS정권 말기 한나라당 이회창 대선 후보가 그랬고DJ정권 말기 새천년민주당 노무현 대선후보가 그랬다.노무현 후보의 경우2002년4월 민주당 대선 후보로 확정된 후 직전 여론조사 결과보다 거의2배 이상 지지율이 뛰어 컨벤션 효과를 톡톡히 봤다.후에6.13지방선거에서 민주당이 참패를 하고 정몽준 후보가 월드컵 유치 공로로 대선주자로 급부상하면서 한 때10%대로 추락하기는 했지만 그래도16대 대통령은 노무현이었다.\n이재명 후보의 부진은10월10일 후보 선출 당일 국민선거인단 투표3차 슈퍼위크 집계 결과로 가늠이 된다.이날 이재명 후보는3차 선거인단에서 전체의28.30%를 얻어 이낙연 후보62.37%에 한참 뒤졌다.이같은 결과는1, 2차 선거인단 투표에서 과반을 넘는 압승을 거둔 것과 큰 차이를 보이는 것이다. 3차 슈퍼위크 부진은 이 후보에게 자칫 통한의 결과를 남길 뻔했다.누적 집계에서 겨우 과반을 넘겨(50.29%)결선투표를 아슬아슬하게 모면한 것이다.\n",
		"passage_Cnt": 795
	},
	"Annotation": {
		"summary1": "KSOI 조사에서 윤 후보가 민주당 이 후보를 앞서는 컨벤션 효과를 누렸는데 여당의 대선 후보는 선출하면 지지율이 오르는 것이 상식이라 역컨벤션에 허덕이는 모습이 이례적이다.",
		"summary2": "지난8일 한국사회여론연구소(KSOI)조사에서 국민의힘 윤석열 후보는 민주당 이재명 후보를12%포인트에 가까운 큰 차이로 앞서는 컨벤션 효과를 누렸다. 여당의 후보가 역(逆)컨벤션에 허덕이는 모습은 이례적이다. 여당의 대선 후보는 선출과 동시에 현 권력에 대한 반감과 미래 권력에 대한 기대 때문에 지지율이 오르는 것이 상식이다.",
		"summary3": null,
		"summary_3_cnt": null
	}
}