{
	"Meta(Acqusition)": {
		"doc_id": "REPORT-edit-00011",
		"doc_category": "REPORT",
		"doc_type": "edit",
		"doc_name": "【이상곤의 ‘흐름’】윤석열 ‘어벤져스’로 나선 전직 의원들",
		"author": null,
		"publisher": null,
		"publisher_year": null,
		"doc_origin": "월간조선"
	},
	"Meta(Refine)": {
		"passage_id": "REPORT-edit-00011-00001",
		"passage": "오는 11월 5일 국민의힘 대선 후보 최종 선출을 앞두고 전직 국회의원들이 윤석열 후보의 ‘어벤져스’를 자임했다. 26일 국민의힘 전신인 자유한국당, 새누리당, 한나라당 출신 국회의원 56명이 최근 전두환 발언 등으로 수세에 몰린 윤 후보 구하기에 나선 것이다. 윤 후보와 선두경쟁을 벌이는 홍준표 후보를 의식해 좀체 지지 의사를 밝히지 않던 전직 의원들이 이처럼 대거 윤 후보 지지 대열에 나선 것은 이례적이다.\n전직 의원 7명은 이날 국회 소통관에서 윤석열 캠프 주호영 의원을 초청해 윤 후보 지지선언문을 낭독하고 지지를 선언했다. 이날 참석한 의원들은 김석준(17대 대구 달서병), 임인배(15~17대 경북 김천), 성윤환(18대 경북 상주), 이재웅(17대 부산 동래), 박종희( 16, 18대 경기 수원·장안), 김성태(20대 비례), 김장실(19대 비례) 전 의원 등 7명이다.\n이날 전직 의원들의 지지 선언을 주도한 의원들은 주로 친 윤석열 성향의 포럼인 ‘자유와 공정 포럼’ 소속 의원들이다. 포럼 사무총장을 맡고 있는 임인배 전 의원과 조직본부장인 권태망 전 의원(16대 부산 연제), 정책위의장인 성윤환 전 의원, 홍보위원장인 이재웅 전 의원 등이 윤 후보 지지를 위해 전직 의원들과 일일이 접촉했다. 또 자유와 공정 포럼 소속 대학교수 등 각계 각층의 전문가 52명도 이날 전직 의원들의지지 성명에 동참해 지지세 결집을 도왔다.\n이날 김석준 포럼 공동대표는 ‘부패 권력과 거악 척결의 적임자는 윤석열’이라는 선언문을 통해 “이번 대선은 ‘진짜 공정’과 ‘사이비 공정’, 도덕과 부도덕, 진정성과 거짓의 대결”이라며 “부패한 권력의 장기집권 전략을 저지하고 공정과 상식의 시대를 여는 데는 윤석열 후보가 적임자”라며 지지를 선언했다.\n",
		"passage_Cnt": 869
	},
	"Annotation": {
		"summary1": "김 씨, 임 씨, 성 씨, 이 씨, 박 씨 전 의원 7명이 국회 소통관에서 주 의원을 초청해 윤 후보 지지선언을 낭독하고 지지를 선언했다.",
		"summary2": "전직 의원 7명은 이날 국회 소통관에서 윤석열 캠프 주호영 의원을 초청해 윤 후보 지지선언문을 낭독하고 지지를 선언했다. 이날 참석한 의원들은 김석준(17대 대구 달서병), 임인배(15~17대 경북 김천), 성윤환(18대 경북 상주), 이재웅(17대 부산 동래), 박종희( 16, 18대 경기 수원·장안), 김성태(20대 비례), 김장실(19대 비례) 전 의원 등 7명이다.",
		"summary3": null,
		"summary_3_cnt": null
	}
}