{
	"Meta(Acqusition)": {
		"doc_id": "REPORT-edit-00012",
		"doc_category": "REPORT",
		"doc_type": "edit",
		"doc_name": "【이상곤의 ‘흐름’】 ‘한 번도 경험하지 못한 후보’... 노무현이라면 뭐라 할까?",
		"author": null,
		"publisher": null,
		"publisher_year": null,
		"doc_origin": "월간조선"
	},
	"Meta(Refine)": {
		"passage_id": "REPORT-edit-00012-00001",
		"passage": "성남‘대장동 게이트’와 관련한 이재명 경기지사의‘말의 성찬’이 현란하다.이 지사는20일 경기도청에서 열린 국회 국토교통위원회의 경기도 국정감사에서 대장동 개발 사업은“그간 특정 소수가 독식하던 개발이익을70%(5500억원)이상 공공에 회수한 모범적인 환원 사례”라고 말했다.줄 곧 해오던“단군 이래 최대 공익환수 사업”이란 기조에서 한 치도 벗어나지 않았다.\n대장동 게이트는 위험은 공공이 떠안고 수익은 개인이 가져가는 사업구조를 통해 민간업자에게 수천 억 원의 이익을 안긴 불법 특혜의혹 사건이다.이미 당시 사업을 주도한 유동규 전 성남도시개발공사 기획본부장은 구속돼 있고 이 지사는 당시 허가권자인 성남시장으로‘몸통’의혹을 받고 있다.전 국민을 상대로 한 여론조사(신동아 창간90주년 여론조사)에서도 대장동 게이트는“이 지사 등 민주당에 책임이 더 크다”는 여론(58.1%)이 과반수를 넘는다.이 지사가 집권 여당인 민주당 대선후보로 선출되고도 국회 국정감사에서 진땀을 빼는 이유가 여기에 있다.\n그런데 요즘 국회에서 야당 의원과 입씨름을 벌이는 이 지사를 보면서 몇 가지 의문이 든다.\n이 지사는 과거 노무현 전 대통령과의 인연을 자주 거론하곤 했다.그중에 대표적인 것이 노무현 변호사 영향으로‘인권변호사’가 됐다는 주장이다.그는 과거 사법시험에 합격한 뒤 연수원 시절 한 강연회에서 노 변호사가“변호사는 굶지 않더라”라고 해서 변호사 개업을 결심했다고 했다.심지어 변호사 개업 때 대출보증은《전태일 평전》저자인 인권변호사 조영래씨가 해줬다고 한다.아이러니하게도 그 조 변호사의 친구인 장기표 전 신문명정책연구원장은 지금 이 지사에게‘조폭 연루설’과 대장동 책임론을 제기하고 있지만 말이다.\n",
		"passage_Cnt": 838
	},
	"Annotation": {
		"summary1": "성남 대장동 게이트와 관련한 이 경기지사의 말의 성찬이 현란하고 단군 이래 최대 공익 환수 사업이란 기조에서 벗어나지 않았다.",
		"summary2": "성남‘대장동 게이트’와 관련한 이재명 경기지사의‘말의 성찬’이 현란하다. 줄 곧 해오던“단군 이래 최대 공익환수 사업”이란 기조에서 한 치도 벗어나지 않았다.",
		"summary3": null,
		"summary_3_cnt": null
	}
}