{
	"Meta(Acqusition)": {
		"doc_id": "REPORT-edit-00056",
		"doc_category": "REPORT",
		"doc_type": "edit",
		"doc_name": "【서봉대의 ‘되짚기’】 ‘한 방’ 유령이 大選정국 배회한다",
		"author": null,
		"publisher": null,
		"publisher_year": null,
		"doc_origin": "월간조선"
	},
	"Meta(Refine)": {
		"passage_id": "REPORT-edit-00056-00002",
		"passage": "2002년 대선에서도 이 후보의 아들 병역비리의혹이 불거졌으나, ‘한 방’은 노무현-정몽준 후보단일화였다. 아들 병역비리 의혹으로 지지율이 떨어졌음에도 선두를 고수했던 이 후보가 단일화를 시점으로 밀리기 시작했던 것. 대선을 1개월 남겨둔 상황이었다.\n투표 전날 정 후보가 단일화합의를 파기, 판세가 다시 뒤집힐 것이란 관측이 제기되기도 했으나 노 후보는 오히려 지지층을 더욱 결속시킬 수 있었고 젊은층의 대거 투표참여로 승세를 굳혔다.\n반면 2007년과 2017년 대선에선 판세를 흔들어 놓을 이슈가 터지지 않았다. 이명박, 문재인 후보 대세론과 맞서기에는 상대 진영 후보들의 지지율이 크게 뒤쳐져 있었던 데다 내부적으로 분열되기도 했기 때문이다.\n2012년 대선에선 문재인-안철수 후보단일화가 투표 한 달 전 성사됐으나 결과적으론 ‘헛방’이 됐다.\n# 내년 3월 대선을 앞두고 한 방에 대한 유혹은 커질 수 있다. 출마 예정자들이 난립하고 있는 가운데 여권과 야권 어느 쪽도 선거결과를 낙관하기 어려운 상황이기 때문이다.\n여권 주자인 이낙연 전 더불어민주당 대표는 5·18민주화운동 기념식 참석차 최근 광주를 방문, 개헌론을 제기했다. 경쟁관계인 정세균 전 총리도 개헌론자다. 당 대표인 송영길 의원도 같은 입장이고 문재인 대통령은 2018년 대통령 4년 연임 개헌안을 국회에 제출하기도 했다.\n개헌론이 대선정국에서 쟁점화될 경우 정권 실정(失政) 등 다른 이슈들은 뒷전으로 밀릴 가능성이 커지는 만큼 여권에는 호재가 될 수 있다. 개헌론에 대한 여야 대선주자들의 입장에 따라 판세도 크게 흔들리고, 상황에 따라선 정계개편으로 이어질 것이다.\n",
		"passage_Cnt": 810
	},
	"Annotation": {
		"summary1": "아들 병역 비리 의혹으로 지지율이 떨어졌음에도 선두를 고수했던 이 후보가 단일화를 시점으로 밀리기 시작했고 노 후보는 젊은 층의 대거 투표 참여로 승세를 굳혔다.",
		"summary2": "투표 전날 정 후보가 단일화합의를 파기, 판세가 다시 뒤집힐 것이란 관측이 제기되기도 했으나 노 후보는 오히려 지지층을 더욱 결속시킬 수 있었고 젊은층의 대거 투표참여로 승세를 굳혔다. 아들 병역비리 의혹으로 지지율이 떨어졌음에도 선두를 고수했던 이 후보가 단일화를 시점으로 밀리기 시작했던 것.",
		"summary3": null,
		"summary_3_cnt": null
	}
}