{
	"Meta(Acqusition)": {
		"doc_id": "REPORT-edit-20006",
		"doc_category": "REPORT",
		"doc_type": "edit",
		"doc_name": "‘외계인이 인종 개량을 위해 납치!’",
		"author": null,
		"publisher": null,
		"publisher_year": null,
		"doc_origin": "월간조선"
	},
	"Meta(Refine)": {
		"passage_id": "REPORT-edit-20006-00003",
		"passage": " ― 손을 만지고 나서는 무엇을 했나.\n “이들은 나와 눈을 마주 보며 손을 만졌다. 이 생명체들의 눈이 나를 똑바로 쳐다보고 있는 것을 알 수 있었다. 이후 텔레파시로 소통을 하기 시작했다. 무언가 내 몸을 만지는 것이 느껴졌고 ‘완전한 사랑’이라는 감정을 느꼈다. 당시 나는 사랑이라는 감정이 무엇인지 잘 모를 때였는데 이들로부터 사랑을 느꼈다. 부모님에게 사랑받으며 자랐지만, 이 생명체로부터 받는 사랑이라는 느낌은 훨씬 더 강력했다. 기억들을 종합해보면 내가 이들 생명체와 연결돼 있다는 생각이 든다. 태어나기 전부터 이 생명체들을 알았고 이들의 에너지를 느낀 것 같다.”\n 매너위치 씨는 외계에서 인간 세상으로 오던 과정이 기억난다고 했다.\n “나는 웜홀 같은 것을 타고 우주를 가로질러 아래로 내려왔다. (註: 웜홀은 블랙홀과 화이트홀을 연결하는 우주의 시간과 공간 사이의 구멍으로 이를 통해 먼 거리를 가로질러 이동할 수 있다는 가설에 나오는 통로이다.) 태양계에 접근하고 이 행성(지구)으로 오는 과정에서 빽빽한 밀도(密度)를 느꼈다. 빛의 속도보다 더 빠르게 이동하다가 갑자기 속도가 확 줄어드는 기분이었다.”\n 그는 지구에 오기 전 외계인들이 자신이 맡아야 하는 임무에 대해 설명했다고 했다.\n “우주를 여행하는 과정에서 두 가지의 이야기를 들은 기억이 난다. 하나는 인간이라는 종(種)이 지금 이 시각에 이 행성에서 어떻게 생활하고 있는지를 이해하는 것이었다. 또 하나는 ‘신(神)’, 혹은 ‘원천(源泉·source)’과 계속 연결된 관계로 지내라는 것이었다.”\n",
		"passage_Cnt": 774
	},
	"Annotation": {
		"summary1": "이 생명체들은 나와 눈을 마주보며 손을 만졌고 이후 텔레파시로 소통을 하기 시작했다.",
		"summary2": "이들은 나와 눈을 마주 보며 손을 만졌다. 이 생명체들의 눈이 나를 똑바로 쳐다보고 있는 것을 알 수 있었다. 이후 텔레파시로 소통을 하기 시작했다.",
		"summary3": null,
		"summary_3_cnt": null
	}
}