{
	"Meta(Acqusition)": {
		"doc_id": "REPORT-edit-00067",
		"doc_category": "REPORT",
		"doc_type": "edit",
		"doc_name": "【서봉대의 '되짚기'】 윤석열, 정치세력화에 성공할까",
		"author": null,
		"publisher": null,
		"publisher_year": null,
		"doc_origin": "월간조선"
	},
	"Meta(Refine)": {
		"passage_id": "REPORT-edit-00067-00002",
		"passage": "# 안철수 국민의당 대표는 2013년 말 새정치에 대한 국민 열망을 등에 업고 정치세력화에 나섰으나 전, 현직 의원 몇몇이 합류한 가운데 중도 포기하고 민주당과 통합했던 게 결과적으로 패착이었다. 의원 수에서 민주당 측이 115명나 됐던 반면 안철수 측은 4명밖에 되지않았던 만큼 당을 주도하기보다는 끌려가기 십상인 처지였다. 게다가 당내 의원 대부분이 친노, 친문 세력으로 뭉쳐있던 상황이었다.\n같은 해 4월 국회의원 보궐선거에서 당선됐던 그가 2016년 대선을 염두에 두고 독자적인 창당을 추진했을 때만 해도 한껏 상승세를 탔다. 당시 여론조사에서 제1 야당인 민주당을 앞질렀고 집권당인 새누리당을 바짝 추격했을 정도였다.\n이때문에 과신했던 것일까. 그는 정치세력화를 제대로 못한 상황에서 전격적으로 창당작업을 접고 민주당과 함께 이듬해 3월 새정치민주연합 창당으로 선회했다. 하지만 신당 공동대표를 맡아 치렀던 재보선에서 참패한 이후 당내 갈등이 본격화되자, 세력경쟁에서 결국 밀렸고 탈당하게 됐다.\n# 정치판 승부수의 핵심에는 사람(세력)이 있었다. DJ와 YS가 대통령 직선제를 관철시킬 수 있었던 것도 내각제 추진이나 개헌 백지화를 저지할 수 있는 정치세력을 갖고 있었기 때문이다. 정계를 은퇴했던 DJ가 거센 비난여론속에도 정치권으로 복귀, 대권을 잡을 수 있었던 것도 마찬가지다.\n새 정치를 기치로 내세웠으나 정치세력화를 중도 포기했던 안철수 대표는 새정치민주연합 내 세력경쟁에서 밀리자 당을 떠나는 등 기세를 잃어가게 됐다.\n",
		"passage_Cnt": 751
	},
	"Annotation": {
		"summary1": "안 국민의당 대표는 정치세력화에 나섰으나 통합했던 민주당에 비해 의원 수가 4명 밖에 되지 않아서 당을 주도하기보다는 끌려가기 십상인 처지였다.",
		"summary2": "# 안철수 국민의당 대표는 2013년 말 새정치에 대한 국민 열망을 등에 업고 정치세력화에 나섰으나 전, 현직 의원 몇몇이 합류한 가운데 중도 포기하고 민주당과 통합했던 게 결과적으로 패착이었다. 의원 수에서 민주당 측이 115명나 됐던 반면 안철수 측은 4명밖에 되지않았던 만큼 당을 주도하기보다는 끌려가기 십상인 처지였다.",
		"summary3": null,
		"summary_3_cnt": null
	}
}