{
	"Meta(Acqusition)": {
		"doc_id": "REPORT-edit-20005",
		"doc_category": "REPORT",
		"doc_type": "edit",
		"doc_name": "한국의 對美 로비 금액 1억7217만 달러, 세계 3위(2016~2021년)",
		"author": null,
		"publisher": null,
		"publisher_year": null,
		"doc_origin": "월간조선"
	},
	"Meta(Refine)": {
		"passage_id": "REPORT-edit-20005-00006",
		"passage": " 2016년부터 2020년까지 연도별 한·중·일 3국의 대미 로비를 비교하면 2020년은 중국(세계 1위·6721만1203달러), 일본(세계 4위·2962만8155달러), 한국(세계 5위·2881만2916달러), 2019년은 중국(세계 1위·6580만9058달러), 일본(세계 4위·4182만3988달러), 한국(세계 5위·3658만4993달러) 순이었다.\n 2018년은 한·중·일 3국 중 한국(세계 2위·4113만2042달러)이 가장 많은 로비 금액을 지출했다. 이어 일본(세계 4위·3444만7727달러), 중국(1702만5557달러) 순이었다.\n 2017년은 일본(세계 1위·4536만708달러), 한국(세계 2위·3100만9453달러), 중국(세계 10위·1807만9534달러), 2016년은 일본(세계 1위·4259만3849달러), 한국(세계 2위·3311만4086달러), 중국(1036만8698달러) 순이었다.\n 일본의 대미 로비는 아시아 국가 중 가장 뛰어나다고 알려졌다. 일본은 제2차 세계대전과 6·25전쟁 이후 고도성장기에 벌어질 미일(美日) 간 경제·무역 마찰에 대응하고 중국·러시아 등을 상대하기 위해 로비를 펼쳤다.\n 일본의 대미 로비는 20세기 초 일본에서 선교 활동을 한 미국인 선교사로부터 시작했다. 선교사들은 일본을 잠재적인 기독교 동맹국으로 만들기 위해 미국에 일본을 알리는 데 앞장섰다. 2차 세계대전이 끝나자 일본은 1948년 6월 대일(對日) 미국위원회(American Council on Japan·ACJ)를 만들어 본격적으로 로비를 벌인다. 《뉴스위크》 국제 담당 편집인 출신의 해리 컨(Kern)은 에버럴 해리먼(Harriman) 상무장관의 도움을 받아 ACJ를 이끌었다. 컨은 1950년대 중반 ‘포린 리포트(Foreign Reports)’라는 컨설팅 회사를 세워 양국을 잇는 로비를 했다.\n",
		"passage_Cnt": 917
	},
	"Annotation": {
		"summary1": "한·중·일의 대미 로비를 비교하면 2016년과 2016년엔 일본이 가장 많은 로비 금액을 지출했고 2018년엔 한국 2019년과 2020년은 중국이 가장 많이 지출했다.",
		"summary2": "2016년부터 2020년까지 연도별 한·중·일 3국의 대미 로비를 비교하면 2020년은 중국(세계 1위·6721만1203달러), 일본(세계 4위·2962만8155달러), 한국(세계 5위·2881만2916달러), 2019년은 중국(세계 1위·6580만9058달러), 일본(세계 4위·4182만3988달러), 한국(세계 5위·3658만4993달러) 순이었다. 2018년은 한·중·일 3국 중 한국(세계 2위·4113만2042달러)이 가장 많은 로비 금액을 지출했다. 2017년은 일본(세계 1위·4536만708달러), 한국(세계 2위·3100만9453달러), 중국(세계 10위·1807만9534달러), 2016년은 일본(세계 1위·4259만3849달러), 한국(세계 2위·3311만4086달러), 중국(1036만8698달러) 순이었다.",
		"summary3": null,
		"summary_3_cnt": null
	}
}