{
	"Meta(Acqusition)": {
		"doc_id": "REPORT-edit-00041",
		"doc_category": "REPORT",
		"doc_type": "edit",
		"doc_name": "【서봉대의 ‘되짚기’】 이번 대선도 땅따먹기 싸움...‘東進 VS 西進’ 불붙는다",
		"author": null,
		"publisher": null,
		"publisher_year": null,
		"doc_origin": "월간조선"
	},
	"Meta(Refine)": {
		"passage_id": "REPORT-edit-00041-00003",
		"passage": "민주당 역시 4년을 넘기지 못했다. 1992년 대선패배 후 정계를 은퇴했던 DJ가 복귀한 뒤 민주당내 자신의 세력을 끌어내 1995년 새정치국민회의를 창당했기 때문이다. 민주당은 이에 따라 잔존세력들을 중심으로 또 다시 '꼬마민주당'으로 전락했고 1997년 대선정국 막판 신한국당과 새정치국민회의로 흩어지게 됐다.\n2002년 대선을 앞두고 한나라당의 박근혜 부총재는 이회창 총재에 맞서 국민참여경선 등 정치개혁을 요구하다 받아들여지지 않자, 같은 해 4월 탈당해 한국미래연합을 창당했으나 7개월 만에 문 닫고 한나라당으로 복귀했다.\n노무현 정부 출범 직후 47명의 의원으로 창당됐던 집권 열린우리당은 노 대통령 임기가 끝나기도 전에 사라졌다. 2004년 총선에서 노 대통령 탄핵역풍 덕에 152석을 차지, 거대여당으로 정국을 주도해나갔으나 뒤이은 재보선과 지방선거에서 잇따라 참패했다. 지방선거에선 16개 광역단체장 선거 중 전북 한 곳만 건졌다. 계파갈등과 같은 악재들이 겹치기는 했지만 영·호남 같은 텃밭이 없다는 한계를 넘어서지 못했기에 소멸했던 것이다.\n# 이번 대선에서 여야의 유력 후보로 꼽히고 있는 이재명 경기지사와 윤석열 전 검찰총장의 지지기반은 어떨까?\n이 지사는 호남 정당 소속이지만 영남 출신이라는 강점을 갖고 있다. 국민의힘 텃밭 공략에 탄력을 붙일 수 있는 것이다. 하지만 당내 영남출신, 특히 대통령 지지세력인 친문(친 문재인)까지 업은 후보들과의 경쟁은 만만찮을 전망이다.\n",
		"passage_Cnt": 728
	},
	"Annotation": {
		"summary1": "대선 패배 후 정계를 은퇴했던 DJ가 복귀해 민주당 내 자신의 세력을 끌어내어 새정치국민회의를 창당하자 민주당은 새정치국민회의와 신한국당으로 흩어졌다.",
		"summary2": "1992년 대선패배 후 정계를 은퇴했던 DJ가 복귀한 뒤 민주당내 자신의 세력을 끌어내 1995년 새정치국민회의를 창당했기 때문이다. 민주당은 이에 따라 잔존세력들을 중심으로 또 다시 '꼬마민주당'으로 전락했고 1997년 대선정국 막판 신한국당과 새정치국민회의로 흩어지게 됐다.",
		"summary3": null,
		"summary_3_cnt": null
	}
}