{
	"Meta(Acqusition)": {
		"doc_id": "REPORT-edit-20057",
		"doc_category": "REPORT",
		"doc_type": "edit",
		"doc_name": "-하노이에서 김정은은 애원하며 매달렸다",
		"author": null,
		"publisher": null,
		"publisher_year": null,
		"doc_origin": "월간조선"
	},
	"Meta(Refine)": {
		"passage_id": "REPORT-edit-20057-00017",
		"passage": " 존 볼턴 회고록 《그것이 일어난 방》을 통하여 북핵회담의 내막을 제대로 알 수 있게 되었다. 내가 예상했거나 보도해온 맥락과 90% 일치한다. 북핵 문제에 대하여 정확한 시각을 가지고 알렸다는 데 자부심이 들기도 한다. 정권과 언론의 선동 속에서도 문재인 정권과 트럼프의 기만(欺瞞)에 넘어가지 않고 맨정신을 지켜냈다는 게 대견해 보이기도 한다. 독후감을 요약한다.\n 1. 문재인과 트럼프는 북핵폐기라는 사안의 본질보다는 이 협상을 통하여 각자의 사익(私益)을 추구하는 데 더 치중하였다.\n 2. 트럼프의 사익은 언론의 집중조명을 받아 올해 재선되는 것이고, 문재인의 사익은 국민들을 평화 무드에 빠뜨려 선거에 이기는 등 좌파 정권의 강화에 북핵을 이용하는 것이었다.\n 3. 두 사람의 국익 배신행위로 두 나라 국민들은 더 위험해졌다. 국가·국군·국민의 안전이 희생된 것이다.\n 4. 김정은은 이 기간에 20개 이상의 핵폭탄을 더 만들고 미사일 능력을 향상시켜 핵 실전 배치를 눈앞에 두고 있다. 중국의 대북제재도 느슨해졌다. 김정은이 3자 중 가장 큰 수혜자이다.\n 5. 북핵협상의 전(全) 과정은 대(對)국민 및 대언론 사기이고 사진 찍기였다. 좌익식 선전·선동이 외교정책에 결정적 영향을 끼친 사례이다.\n 6. 김정은은 한 번도 ‘북핵폐기’를 약속한 적이 없다.\n 7. 김정은이 말하는 ‘한반도의 비핵화’는 핵심이 한미동맹 해체인데, 문재인과 트럼프는 이를 ‘북핵폐기’로 설명, 국민들을 속였다.\n",
		"passage_Cnt": 730
	},
	"Annotation": {
		"summary1": "그것이 일어난 방을 통해 문 씨와 트럼프는 북핵회담을 통해 각자의 사익을 추구하는 데 더 치중했으며 김 씨는 북핵폐기를 한 번도 약속한 적이 없다는 것을 알 수 있다.",
		"summary2": "존 볼턴 회고록 《그것이 일어난 방》을 통하여 북핵회담의 내막을 제대로 알 수 있게 되었다. 문재인과 트럼프는 북핵폐기라는 사안의 본질보다는 이 협상을 통하여 각자의 사익(私益)을 추구하는 데 더 치중하였다. 김정은은 한 번도 ‘북핵폐기’를 약속한 적이 없다.",
		"summary3": null,
		"summary_3_cnt": null
	}
}