{
	"Meta(Acqusition)": {
		"doc_id": "REPORT-edit-10619",
		"doc_category": "REPORT",
		"doc_type": "edit",
		"doc_name": "테러의 시대, 로마 테르미니역의 무장군인들",
		"author": null,
		"publisher": null,
		"publisher_year": null,
		"doc_origin": "월간조선"
	},
	"Meta(Refine)": {
		"passage_id": "REPORT-edit-10619-00002",
		"passage": "외모만 가지고 사람을 판단할 수는 없겠지만, 내가 보기에 그는 테러범 같아 보이지는 않았다. 지적인 외모에 입고 있는 옷이나 들고 있는 가방도 고급스러워 보였다 (물론 테러범이 그렇게 위장할 수도 있지만....).\n아마도 그는 경찰의 불심검문에 걸려 여권을 보여주는 순간, 아니 그 이전에 그런 복색으로 나타나는 순간, 잠재적 테러 용의자로 간주됐을 것이다. 경찰이 그를 불러 세울 때만 해도 그는 심상한 검문이려니 했을 것이다. 하지만 자기 옆구리에 자동소총이 겨누어지는 순간, 그는 아득한 절망감을 맛보았을 것이다.\n누군가가 복색이나 외모, 혹은 그가 소지한 여권만으로 범죄 용의자 대접을 받는 것은 고약한 일이다. 하지만 다른 한편으로는 안도감을 느꼈다. 바로 그 전날 영국 맨체스터에서 팝스타 아리아나 그란데의 공연을 앞두고 폭탄테러가 일어났었기 때문이다. ‘저렇게 철저히 검문검색을 한다면, 안전하겠구나’하는 생각이 들었다.\n이탈리아에서 무장군인들을 볼 때마다 ‘우리나라 같으면 거리에 무장군인들이 일상적으로 쫙 깔려 있는 상황을 국민들이 받아들일 수 있을까’하는 생각이 들곤 했다. 테러방지법 제정시에도 진통을 겪었던 나라이니, 그런 상황을 고분고분 받아들일 것 같지는 않다. 하지만 오늘날 우리는 테러가 일상화되어가는 세계에서 살고 있다. 안전을 위해서는 어느 정도 자유와 인권, 일상생활에서의 불편을 보류해야 하는 일이 늘어나고 있다. 때로는 그런 상황을 이해하는 것도 성숙한 시민의 자세일 수 있다. 물론 그 이전에 정권이 그런 상황을 이용해 국민의 기본권을 침해하지 않을 것이라는 믿음이 있어야겠지만....\n",
		"passage_Cnt": 798
	},
	"Annotation": {
		"summary1": "외모만으로 사람을 판단할 수는 없겠지만 그는 지적인 외모에 옷이나 가방이 고급스러운 것으로 보아 테러범 같지는 않았다.",
		"summary2": "외모만 가지고 사람을 판단할 수는 없겠지만, 내가 보기에 그는 테러범 같아 보이지는 않았다. 지적인 외모에 입고 있는 옷이나 들고 있는 가방도 고급스러워 보였다 (물론 테러범이 그렇게 위장할 수도 있지만....).",
		"summary3": null,
		"summary_3_cnt": null
	}
}