{
	"Meta(Acqusition)": {
		"doc_id": "REPORT-edit-20029",
		"doc_category": "REPORT",
		"doc_type": "edit",
		"doc_name": "“미국 대통령이 폭도들을 불러냈다!”(리즈 체니 공화당 하원의원)",
		"author": null,
		"publisher": null,
		"publisher_year": null,
		"doc_origin": "월간조선"
	},
	"Meta(Refine)": {
		"passage_id": "REPORT-edit-20029-00011",
		"passage": " 대법원마저 트럼프의 손을 들어주지 않자 맹종자들이 들고일어섰다. 다음 날 수천 명의 지지자들이 워싱턴에 모여들었다. 어쨌든 반박할 수 없는 부정선거의 증거가 있다고 우기는 사람들이었다. 그 직전 사면된 마이클 플린 전 국가안보보좌관은 “법치체계가 이 나라에 존재하는 이유가 있는 것은 사실이지만 미국의 다음 대통령이 누가 되는가를 결정하는 것은 재판부가 아니다”고 했다. 그는 “이는 우리 국민들이 결정한다”고 했다. 대의(代議) 민주주의를 부정하는 선동이었다.\n 음모론자로 악명 높은 마조리 테일러 그린 하원의원 당선자와 마샤 블랙번 상원의원 등도 집회에 등장했다. 블랙번은 “헌법과 자유, 정의를 위해 싸우는 당신들이 있어 행복하다”고 했다.\n 이날 집회를 주최한 단체 중 하나는 ‘미국 우선주의를 지지하는 여성들(Women for America First)’이었다. 마이크 린델 마이 필로 대표는 약 100만 달러를 지원했다고 한다. 집회는 워싱턴뿐만 아니라 다른 주에서도 열렸다. 린델은 한 집회에서 “도널드 트럼프는 그들이 예상하지 못할 정도의 엄청난 표를 받았고 투표기기의 알고리즘이 고장 나는 상황이 일어났다”고 했다. 파웰 변호사는 집회 현장에서 부정선거와 관련해 “100%의 증거가 있다”고 했다. 트럼프는 12월 12일 워싱턴 집회 현장을 헬리콥터 위에서 지켜보기도 했다.\n 미치 매코널 상원 원내대표는 선거인단이 바이든을 당선자로 선출한 다음 날 바이든을 ‘대통령 당선인’으로 부르며 축하인사를 전했다. 매코널은 그 뒤에야 트럼프 대통령에게 전화를 했다고 한다. 전화 내용은 형식적이었으며 대통령은 불만을 표출했다. 공화당 정권을 이끌었던 두 사람은 이날 이후 다시 연락을 하지 않았다.\n",
		"passage_Cnt": 845
	},
	"Annotation": {
		"summary1": "대법원마저 트럼프의 손을 들어주지 않자 수천 명의 지지자들이 워싱턴에 모여들었다.",
		"summary2": "대법원마저 트럼프의 손을 들어주지 않자 맹종자들이 들고일어섰다. 다음 날 수천 명의 지지자들이 워싱턴에 모여들었다.",
		"summary3": null,
		"summary_3_cnt": null
	}
}