{
	"Meta(Acqusition)": {
		"doc_id": "REPORT-edit-00055",
		"doc_category": "REPORT",
		"doc_type": "edit",
		"doc_name": "【이상곤의 ‘흐름’】 국민의힘 ‘프레임 전쟁’... ‘영남당’과 新舊 대결 논란",
		"author": null,
		"publisher": null,
		"publisher_year": null,
		"doc_origin": "월간조선"
	},
	"Meta(Refine)": {
		"passage_id": "REPORT-edit-00055-00002",
		"passage": "영남당 논란이 시들해지자 ‘신구 대결’이란 프레임이 제기됐다. 여기에도 유승민계는 여지없이 등장했다. 유승민 전 의원실 인턴을 한 ‘친구 아들’ 이준석, ‘검사내전’ 저자로 새로운 보수당 영입 대상이었던 김웅, 유승민계 ‘방계(傍系)’쯤 되는 김은혜 의원 등이 출마로 본격 제기됐다. 이들은 22일 국민의힘 전당대회 당대표 선거에 모두 등록했다. ‘개혁과 쇄신’을 내걸고 중진과의 맞대결을 벼르고 있다.\n‘영남당’ ‘신구 대결’ 프레임의 최대 피해자는 주호영\n‘신구 대결’은 위계질서를 따지는 보수 정당에 보기 드문 일이지만 여기에도 ‘모략’의 냄새가 난다. 느닷없는 여론조사로 ‘이준석 띄우기’가 시도되고 있는 것이다. 이준석(23.3%)이 오차범위 밖에서 나경원과 주호영을 누른다는 여론조사 결과가 발표됐다. 인터넷신문 뉴스핌이 의뢰한 여론조사(18일)와 발표(21일)는 공교롭게도 이준석의 출마선언일(20일)과 하루 앞뒤로 연관됐다. 이 인터넷신문은 이후 연일 ‘이준석 돌풍’을 띄우고 있다.\n‘영남당’ ‘신구 대결’ 프레임의 최대 피해자는 주호영 의원이다. 출마도 전에 나온 ‘영남당’ 논란 때문에 한 때 불출마 압력에 시달렸다. 신구 대결 구도까지 겹치면서 여론조사에서 피해를 보고 있다. 결국 주 의원 캠프는 최근 여론조사를 ‘엉터리’로 규정짓고 본격 공세를 펼쳤다. 주 의원측은 지지자들과 언론에 보낸 SNS 문자를 통해 “민주당 지지자들의 역선택을 전혀 고려하지 않은 결과”라며 “수도권과 20~30대 비중을 반영한 인지도 조사일 뿐”이라고 일축했다.\n",
		"passage_Cnt": 765
	},
	"Annotation": {
		"summary1": "영남당, 신구 대결 프레임의 최대 피해자는 영남당 논란에 불출마 압력에 시달렸고 여론조사에서 피해를 보고 있는 주 의원이다.",
		"summary2": "‘영남당’ ‘신구 대결’ 프레임의 최대 피해자는 주호영 의원이다. 출마도 전에 나온 ‘영남당’ 논란 때문에 한 때 불출마 압력에 시달렸다. 신구 대결 구도까지 겹치면서 여론조사에서 피해를 보고 있다.",
		"summary3": null,
		"summary_3_cnt": null
	}
}