{
	"Meta(Acqusition)": {
		"doc_id": "REPORT-edit-00042",
		"doc_category": "REPORT",
		"doc_type": "edit",
		"doc_name": "【이상곤의 ‘흐름’】 윤석열 대선출마 “주사위는 던져졌다”",
		"author": null,
		"publisher": null,
		"publisher_year": null,
		"doc_origin": "월간조선"
	},
	"Meta(Refine)": {
		"passage_id": "REPORT-edit-00042-00002",
		"passage": "그렇다면 윤석열은 왜 지금 문재인 정권의 대척점에서 전면전을 선포하게 된 걸까. 정말 아이러니가 아닐 수 없지만 문재인 정권의 속성인 ‘위선’ ‘이중성’ 때문이라고 볼 수밖에 없다.\n한 때 절실하게 필요했던 ‘강골검사’ 윤석열을 호락호락하게 보다 되치기를 당했다고나 할까. 적폐 수사의 상징으로 삼으며 정권 홍보에 주력하던 권력의 오만이 대선주자 윤석열을 만들었다 해도 과언이 아니다. 윤석열을 대충 가볍게 봐 “살아있는 권력도 수사하라”고 한 것은 문 대통령의 뼈아픈 실수가 아닐 수 없다.\n서울중앙지검장으로 적폐수사를 진두지휘하고 조국 사태를 겪기 전까지만 해도 윤석열은 친 정권 성향 검사로 분류될 수 있었다. 물론 내심은 ‘니편 내편’도 아닌 철저한 ‘검사 윤석열’이었지만 당시까지만 해도 본인도 정권의 호의를 믿었던 것 같다. 정권이 적폐수사로 규정지은 전 정권 비리 수사도 검사로서 당연한 일이었다.\n하지만 조국 사태가 발단이었다. 윤석열과 조국은 인연이 예사롭지 않다. 윤석열의 “사람에 충성하지 않는다“는 인터뷰에 조국은 ”그 말이 평생 가슴에 남을 것“이라고 했다. 그런 인연의 조국에 윤석열은 강제수사 27일 만에 전격 자택 압수수색이라는 강수를 뒀다. 왜 그랬을까. 이때까지만 해도 윤석열은 살아있는 권력에 대한 수사는 정권이 건강하게 유지되고 있다는 증거로 봤다. 즉 문재인 정권이 건강하게 유지돼야 한다는 충심에서 조국 수사가 시작됐다는 뜻이다.\n",
		"passage_Cnt": 711
	},
	"Annotation": {
		"summary1": "문 정권의 대척점에서 윤 씨가 전면전을 선포하게 된 것은 문 정권의 속성인 위선 이중성 때문이라고 볼 수밖에 없다.",
		"summary2": "그렇다면 윤석열은 왜 지금 문재인 정권의 대척점에서 전면전을 선포하게 된 걸까. 정말 아이러니가 아닐 수 없지만 문재인 정권의 속성인 ‘위선’ ‘이중성’ 때문이라고 볼 수밖에 없다.",
		"summary3": null,
		"summary_3_cnt": null
	}
}