{
	"Meta(Acqusition)": {
		"doc_id": "REPORT-edit-10019",
		"doc_category": "REPORT",
		"doc_type": "edit",
		"doc_name": "코로나 뚫고 열리는 도쿄올림픽... 신규 종목은?",
		"author": null,
		"publisher": null,
		"publisher_year": null,
		"doc_origin": "월간조선"
	},
	"Meta(Refine)": {
		"passage_id": "REPORT-edit-10019-00002",
		"passage": "과거 서핑은 환경이 조성된 지역에서나 가능한 스포츠였으나, 최근 슈트와 보드의 발전, 서핑 문화의 확산으로 웬만한 해변에서도 즐길 수 있는 스포츠로 거듭났다. 월드 서핑 리그(WSL)에 따르면, 서핑의 심사 기준은 다음 5가지 요소다. ▲기술 시 리스크와 난이도 ▲ 혁신성과 공격성 ▲주요 기술의 조합 ▲기술의 다양성 ▲스피드와 힘 ▲기술의 흐름 등이다.\n스포츠클라이밍은 인공 시설물을 이용하여 암벽등반을 즐기는 스포츠다. 스포츠클라이밍엔 스피드 개인, 스피드 릴레이, 콤바인 등 크게 3개의 종목이 있다. 스피드는 속도를 겨루는 경기로써 15m 높이의 암벽을 가장 빠르게 도달한 선수가 우승한다.\n스피드 릴레이는 팀 경기로, 첫 번째 선수가 출발하여 경기벽 상단의 터치패드를 누르면 다음 선수가 출발하는 형식이다. 세 선수의 등반시간을 합산해 최단시간을 겨룬다. 콤바인은 개인 종합 종목으로, 스피드(속도) · 리드(난이도) · 볼더링(등반) 성적을 합산해 순위를 정한다.\n이들 네 종목 중 가라테와 스포츠클라이밍 두 종목에만 우리 선수가 출전한다. 가라테 종목에서는 박희준(28) 선수, 스포츠클라이밍에선 서채현(18)과 천종원(25) 선수가 메달 사냥에 나선다.\n박희준 선수는 가라테 본토장인 일본에서 치러지는 올림픽인만큼 메달을 획득하기 위해 고군분투하고 있다. 박 선수는 당초 검도를 시작했다가 거의 독학으로 가라테를 익혀 올림픽 무대까지 올랐다.\n",
		"passage_Cnt": 704
	},
	"Annotation": {
		"summary1": "인공 시설물을 이용하여 암벽등반을 즐기는 스포츠클라이밍엔 스피드 개인, 스피드 릴레이, 콤바인 종목이 있으며 스피드는 15m 높이의 암벽을 가장 빠르게 도달한 선수가 우승한다.",
		"summary2": "스포츠클라이밍은 인공 시설물을 이용하여 암벽등반을 즐기는 스포츠다. 스포츠클라이밍엔 스피드 개인, 스피드 릴레이, 콤바인 등 크게 3개의 종목이 있다. 스피드는 속도를 겨루는 경기로써 15m 높이의 암벽을 가장 빠르게 도달한 선수가 우승한다.",
		"summary3": null,
		"summary_3_cnt": null
	}
}