{
	"Meta(Acqusition)": {
		"doc_id": "REPORT-edit-00083",
		"doc_category": "REPORT",
		"doc_type": "edit",
		"doc_name": "【서봉대의 ‘되짚기’】 윤석열 선택은, YS? DJ? 昌?",
		"author": null,
		"publisher": null,
		"publisher_year": null,
		"doc_origin": "월간조선"
	},
	"Meta(Refine)": {
		"passage_id": "REPORT-edit-00083-00002",
		"passage": "# DJ(김대중 전 대통령) 역시 DJP 연대과정에서 지지세력의 반발에 직면했다. 유신체제와 3 당 합당에 맞서 싸웠던 그가 JP와 손잡는다는 건 명분이 약한 행보였기 때문이다.\nDJ에겐 이런 반발보다 절박감이 더 컸다.\n자신이 창당했던 새정치국민회의가 1997 년 대선을 1 년 8 개월 앞둔 총선에서 사실상 패배, 대선 가도가 더욱 험난해졌다. 대선에 세 번이나 떨어지고 다시 도전하는 처지이기도 했다.\n때문에 내각제를 고리로 한 JP의 연대 제의를 정치적 위기상황을 반전시킬 기회로 판단했을 것이다.\n총선직후 JP가 이같은 제의를 하자 DJ는 협상팀을 즉각 가동했다. 민자당에서 탈당한 JP 자유민주연합이 충청권은 물론 집권당 텃밭에서도 돌풍을 일으키며 세를 한껏 불린 상황이었던 만큼 DJ로선 더욱 쏠렸을 것이다.\nJP와의 연대를 통해 색깔공세를 비켜갈 수 있었으며 보수층을 의식한 우클릭 행보도 강화했다.\n결국 평화적 정권교체를 이끌어낸 첫 대통령이 됐고 각종 개혁정책과 함께 남북간 첫 정상회담도 성사시켰다.\n# DJ와 대권경쟁을 벌였던 이회창 한나라당(민자당 후신) 후보는 JP의 연대 제의를 뿌리쳤다. 당내 반발도 있었지만 '3 김시대 청산'을 역설해왔던 입장에서 JP와의 연대란 설 자리가 더욱 좁았다.\n선거 초반 대세론을 구가하기도 했지만 아들 병역비리 의혹과 이인제 후보의 독자출마 등 악재들로 지지율이 하락세를 거듭하자, 일부 참모들은 연대를 거듭 호소했으나 ‘대쪽’ 이미지의 그에게 재고의 여지란 없었다.\n",
		"passage_Cnt": 744
	},
	"Annotation": {
		"summary1": "DJ와 대권경쟁을 벌였던 이 후보는 악재들로 지지율이 하락세를 거듭하자 일부 참모들이 JP와의 연대를 호소했으나 대쪽 이미지의 그는 제의를 뿌리치고 재고하지 않았다.",
		"summary2": "# DJ와 대권경쟁을 벌였던 이회창 한나라당(민자당 후신) 후보는 JP의 연대 제의를 뿌리쳤다. 선거 초반 대세론을 구가하기도 했지만 아들 병역비리 의혹과 이인제 후보의 독자출마 등 악재들로 지지율이 하락세를 거듭하자, 일부 참모들은 연대를 거듭 호소했으나 ‘대쪽’ 이미지의 그에게 재고의 여지란 없었다.",
		"summary3": null,
		"summary_3_cnt": null
	}
}