{
	"Meta(Acqusition)": {
		"doc_id": "REPORT-edit-20035",
		"doc_category": "REPORT",
		"doc_type": "edit",
		"doc_name": "프랑켄슈타인의 제자들과 고독한 영웅들",
		"author": null,
		"publisher": null,
		"publisher_year": null,
		"doc_origin": "월간조선"
	},
	"Meta(Refine)": {
		"passage_id": "REPORT-edit-20035-00012",
		"passage": " 2020년 11월 8일 한 트위터 사용자(@zeynep_mol·독일인 추정)가, ‘미군이 프랑크푸르트에 있는 한 회사(Scytl·사이틀) 사무실을 급습, 미국 대선 개표 자료가 들어 있는 서버를 압수하였다는 이야기를 들었는데 정확성은 확인하지 못했다’는 요지의 글을 올렸다. 이 글을 처음 인용한 것은 인도의 뉴스 웹 사이트(GreatGameIndia)였다. 이 사이트는 코로나바이러스의 기원과 관련된 거짓말을 퍼뜨려 악명(惡名)을 얻은 적이 있다.\n 해당 회사와 미 육군 대변인은 즉각 거짓말이라고 해명했지만, 트럼프 맹종 음모론자들이 소셜네트워크서비스(SNS)상에서 이 서버 관련 루머를 확산시켰다. ‘서버엔 미국 대선에 투입된 도미니언 보팅 시스템의 정보가 들어 있다’고 했다.\n 황당한 거짓말을 미국에서 증폭시킨 이는 텍사스 출신 미국 공화당 하원의원 루이 고머트였다. 그는 트럼프 추종 선동매체 ‘뉴맥스(Newsmax)’와 인터뷰하면서 서버 압수가 사실인 것처럼 말했다. 정보기관 출신으로부터 들었다면서 압수된 자료에 공화당 표가 민주당 표로 계산된 내용이 들어 있을 것이라고 했다. ‘프랑크푸르트 작전’에 CIA는 배제되었다고도 했다. 트럼프에게 고분고분하지 않은 CIA는 믿을 수 없다는 인상을 주었다.\n 사이틀은 2001년 스페인 바르셀로나에서 시작한 회사로서 2020년 미국 선거에선 투개표를 돕는 소프트웨어를 제공하였다. 그러나 개표나 온라인 투표와 관련된 장비는 팔지 않았다. 조지 소로스와 빌 게이츠가 관계 있다는 주장도 이 회사에 의해 부정되었다. 프랑크푸르트에 사무실이 있었지만 2019년에 폐쇄하였다고 한다. 도미니언과는 아무 관계가 없다.\n",
		"passage_Cnt": 823
	},
	"Annotation": {
		"summary1": "미국 공화당 하원의원 고머트는 공화당 표가 민주당 표로 계산된 내용이 압수된 자료에 들어 있을 것이라고 하며 거짓말을 증폭시켰다.",
		"summary2": "황당한 거짓말을 미국에서 증폭시킨 이는 텍사스 출신 미국 공화당 하원의원 루이 고머트였다. 정보기관 출신으로부터 들었다면서 압수된 자료에 공화당 표가 민주당 표로 계산된 내용이 들어 있을 것이라고 했다.",
		"summary3": null,
		"summary_3_cnt": null
	}
}