{
	"Meta(Acqusition)": {
		"doc_id": "REPORT-edit-20015",
		"doc_category": "REPORT",
		"doc_type": "edit",
		"doc_name": "“드레스 코드 무시는 無禮와 無知의 극치”",
		"author": null,
		"publisher": null,
		"publisher_year": null,
		"doc_origin": "월간조선"
	},
	"Meta(Refine)": {
		"passage_id": "REPORT-edit-20015-00001",
		"passage": " 시진핑이 내건 첫 번째 100년은 1921년, 두 번째는 1949년을 기준으로 한 기념연도다. 1921년은 공산당, 1949년은 공산 중국이 탄생한 해이다. 공산당 창당 이후 중국 대륙을 공산화하는 데 28년이 걸린 셈이다. 빠르게 볼 수도, 느리게 볼 수도 있는 시간이지만, 이후 공산당 1당 독재체제가 72년이나 지속됐다는 점에서 남다른 나라인 것만은 분명하다.\n 시진핑은 두 번째 100년, 즉 중화인민공화국 건국 100주년이 되는 2049년에 맞춘 청사진을 국민들에게 제시했다. 한마디로 압축하면 ‘중등 수준의 선진국 진입’이 2049년을 향한 비전이다. 국가 차원이 아닌, ‘개인 차원 소득’의 중등 선진국 진입이란 점이 눈에 띈다. 중국은 14억 인구라는 덩치로 세계에 등장했다. 총국민소득은 미국에 이어 2위지만, 1인당 국민소득으로 보면 1만 달러가 조금 넘는다(2020년 기준). 6만3000달러인 미국에 비해 절대 열세다. 1인당 국민소득의 중등 선진국 진입은 현재의 한국 정도 수준을 의미한다. 물가 상승에 따라 수치도 올라가겠지만, 2021년을 기준으로 할 때 1인당 3만 달러 소득이 2049년 중국의 목표인 셈이다.\n 시진핑이 인민복을 입고 등장한 것은 이날 행사의 하이라이트 중 하나다. 필자 주변에는 중국인 친구나 친척이 적지 않다. 이 중 인민복을 입는 사람은 한 명도 없다. 아마 중국 전체로 보아도 마찬가지일 것이다. 혁명과 청빈(淸貧)의 상징처럼 여겨지는 인민복이지만, 공산당 창당 100주년 기념식에 등장한 시진핑이 입은 인민복은 ‘황제의 제복’으로 느껴진다. 그날 천안문 망루에 선 중국 지도자들 가운데 인민복을 입은 사람은 시진핑뿐이었다\n",
		"passage_Cnt": 829
	},
	"Annotation": {
		"summary1": "시진핑은 중화인민공화국 건국 100주년이 되는 2049년을 향한 중등 수준의 선진국 진입이라는 청사진을 국민에게 제시했다.",
		"summary2": "시진핑은 두 번째 100년, 즉 중화인민공화국 건국 100주년이 되는 2049년에 맞춘 청사진을 국민들에게 제시했다. 한마디로 압축하면 ‘중등 수준의 선진국 진입’이 2049년을 향한 비전이다.",
		"summary3": null,
		"summary_3_cnt": null
	}
}