{
	"Meta(Acqusition)": {
		"doc_id": "REPORT-edit-20019",
		"doc_category": "REPORT",
		"doc_type": "edit",
		"doc_name": "“한국은 한국인 생각 이상으로 미국이 중시하는 나라”",
		"author": null,
		"publisher": null,
		"publisher_year": null,
		"doc_origin": "월간조선"
	},
	"Meta(Refine)": {
		"passage_id": "REPORT-edit-20019-00011",
		"passage": " ― 일본의 안전 보장 지수로, 북한의 핵 위협을 10이라 볼 때, 중국의 타이완 공격은 어느 정도라 볼 수 있나.\n “똑같다고 보면 된다. 지금까지 일본 안전 보장의 최대 현안은 북핵(北核) 문제였다. 그러나 중국의 위협이 강화되면서 타이완 문제도 북핵에 준하는 일본의 최대 안전 보장 문제로 떠올랐다. 북핵 위협처럼 일본의 존망을 다투는 현안이 타이완 문제다.”\n ― 중국이 무력(武力)으로 센카쿠 점령에 나설 것이라 보는가.\n “무력 통제의 의미를 어떻게 보느냐에 따라 다르겠지만, 중국이 계속 해경 선박을 보내면서 센카쿠가 중국 섬이란 점을 꾸준히 알릴 것이란 것은 분명하다. 센카쿠 주변에서의 ‘해경 시위’는 외국만이 아니라, 중국 국민을 상대로 한 쇼이기도 하다. 해경 시위를 통해 결국 미국 내 여론을 중국에 유리하게 바꾸면서 센카쿠에 대한 관심 자체를 없애는 것이 중국의 최대 목표다. 센카쿠가 이미 중국 지배하에 들어갔다는 식의 착각을 불러일으켜서 미국 스스로 포기하도록 만든 뒤 그 틈을 이용해 무력 점령에 들어가려는 것이다. 먼저 포기하는 쪽이 패하는 식의 치킨게임이라 보면 된다.”\n ― 일본-타이완 반도체 동맹이 본격화되는 듯하다.\n “쓰쿠바(筑波)에 생기는 타이완 TSMC와 일본 20여 기업 간의 반도체 협력공장은 R&D에 주목하는 회사다. 당장 반도체를 생산하는 공장이 아니다. 반도체는 미중 간 디커플링 리스트의 대표 주자다. 중국에서 생산되는 TSMC 반도체는 미국의 제재 대상이 될 수 있다. TSMC의 기반은 타이완이다. 그러나 만약의 사태를 가정할 경우, 세계 반도체의 상당수를 타이완에 의존할 수만은 없다. 장기적으로 보면 TSMC의 경우 난징(南京)에 있는 반도체 공장을 축소하고, 일본·미국을 주생산지로 할 것이다. 일본은 반도체 조립보다, 반도체의 기본이 되는 재료나 설비시설 건설에 강하다. TSMC도 이를 잘 알기에 쓰쿠바 공장 건설에 동의했다고 본다.”\n",
		"passage_Cnt": 954
	},
	"Annotation": {
		"summary1": "중국의 위협이 강화되어 일본 안전 보장의 최대 현안이 북핵 문제에서 타이완 문제로 떠올랐다.",
		"summary2": "그러나 중국의 위협이 강화되면서 타이완 문제도 북핵에 준하는 일본의 최대 안전 보장 문제로 떠올랐다. 지금까지 일본 안전 보장의 최대 현안은 북핵(北核) 문제였다.",
		"summary3": null,
		"summary_3_cnt": null
	}
}