{
	"Meta(Acqusition)": {
		"doc_id": "REPORT-edit-20032",
		"doc_category": "REPORT",
		"doc_type": "edit",
		"doc_name": "“백신 나와도 코로나19 퇴치되지 않는다”",
		"author": null,
		"publisher": null,
		"publisher_year": null,
		"doc_origin": "월간조선"
	},
	"Meta(Refine)": {
		"passage_id": "REPORT-edit-20032-00006",
		"passage": " ― 얘기를 들어보니 코로나19는 정말 골치 아픈 바이러스다.\n “에볼라는 중증 환자를 격리할 경우 확산도 중단된다. 하지만 숙주를 죽이지 않고 이리저리 확산하면서 공생하자는 것이 코로나19 특유의 생존전략이다. 따라서 앞에서 당신이 했던, ‘발생을 1, 완전 박멸을 10으로 할 경우’라는 질문 자체가 성립되기 어렵다. 변이를 포함해 코로나19의 ‘일생 또는 운명’이란 관점에서 보면, 감염력은 높이면서 치사율은 점점 낮아지는 ‘불사신(不死神)’ 바이러스로 남을 가능성이 많다.\n 그 때문에 가장 큰 피해를 입을 계층은 노년층이다. 노년층 보호야말로 WHO가 해야 할 최우선 바이러스 대책이 될 수밖에 없을 것이다.”\n ― 2년째 접어들고 있는 코로나19에 대한 인류의 불안과 공포는 전례(前例)가 없을 듯하다. 그 이유가 뭘까.\n “치사율은 낮지만 감염력이 높다는 역설적(逆說的) 상황이 인류를 불안하게 만드는 듯하다. 조류독감의 경우 감염자의 약 40~50%, 사스의 경우 10% 정도가 사망했다. 코로나19에 비해 치사율은 높지만 감염력은 낮다는 점에서 (사스와 조류독감을) 멀고 먼 나라 타인(他人)의 일로 여길 수 있었다. 하지만 코로나19는 걸려도 당장 증상이 안 나타나고, 누구나 쉽게 감염되고 감염시킬 수 있다는 점에서 공포를 야기하고 있다.”\n 미국 공영방송 PBS 프로그램 〈프런트라인(Frontline)〉은 전 세계 최고 수준의 다큐멘터리로 통한다. 지난 1월 31일 방영된 ‘중국의 코로나19 바이러스에 관한 비밀들(China’s COVID secrets)’은 1시간25분에 걸쳐 전염병 초기 확산 단계에 보여준 중국 지도부의 은폐와 거짓말을 구체적으로 제시했다. 코로나19는 천재(天災)라기보다는 중국공산당 독재정권이 낳은 100% 인재(人災)라는 것이 그 핵심 내용이었다.\n",
		"passage_Cnt": 896
	},
	"Annotation": {
		"summary1": "에볼라는 중증 환자를 격려하면 확산도 중단되는데 코로나19는 숙주를 죽이지 않고 확산하면서 공생하기 때문에 불사신 바이러스로 남을 가능성이 많다.",
		"summary2": "에볼라는 중증 환자를 격리할 경우 확산도 중단된다. 하지만 숙주를 죽이지 않고 이리저리 확산하면서 공생하자는 것이 코로나19 특유의 생존전략이다. 변이를 포함해 코로나19의 ‘일생 또는 운명’이란 관점에서 보면, 감염력은 높이면서 치사율은 점점 낮아지는 ‘불사신(不死神)’ 바이러스로 남을 가능성이 많다.",
		"summary3": null,
		"summary_3_cnt": null
	}
}