{
	"Meta(Acqusition)": {
		"doc_id": "REPORT-edit-00039",
		"doc_category": "REPORT",
		"doc_type": "edit",
		"doc_name": "【이상곤의 ‘흐름’】 ‘샐리의 법칙’과 ‘머피의 법칙’",
		"author": null,
		"publisher": null,
		"publisher_year": null,
		"doc_origin": "월간조선"
	},
	"Meta(Refine)": {
		"passage_id": "REPORT-edit-00039-00001",
		"passage": "‘샐리의 법칙’이란 것이 있다. 롭 라이너(Rob Reiner) 감독의 영화 〈해리가 샐리를 만났을 때(When Harry Met Sally)〉에서 유래 된 말이다. 우연히도 유리한 일만 생기고 설사 나쁜 일이 있더라도 오히려 전화위복이 되는 경우를 말한다. 예상하지 않은 행운이 줄줄이 이어지거나 원하는 대로 일이 진행되어 가는 현상이다.\n이것과 반대되는 것이 ‘머피의 법칙(Murphy′s law)’이다. 일이 잘 풀리지 않고 갈수록 꼬이기만 하는 현상이다. 바라는 일은 일어나지 않고 나쁜 쪽으로만 일이 진행될 때 흔히 쓰이는 일종의 경험법칙이다.\n갑자기 이런 심리적 법칙 운운하는 것은 이유가 있다. 요즘 정치권에 돌아가는 일이 그런 법칙과 현상을 닮아서 그렇다.\n샐리의 법칙을 한번 보자. 윤석열 전 검찰총장 관련된 일들이 그런 현상을 부쩍 닮았다. 3월 4일 검찰총장직을 그만둔 뒤 잠행을 거듭해도 여론조사 상한가를 거듭하던 그에게 위기라 할 만한 때가 있었다. 1차는 캠프 대변인이던 이동훈 대변인이 열흘 만에 사퇴한 때다. 본격 등판도 전에 캠프 1호 인사를 잘랐다는 것 때문에 윤 전 총장이 코너에 몰렸다. 하지만 곧바로 이 대변인과 사기꾼 수산업자 관련설이 밝혀지면서 윤 전 총장으로서는 부담을 덜었다.\n사기꾼 수산업자에 대한 경찰 수사에 캠프 대변인이 낙마하면서 실제 이 수사는 윤 전 총장을 노린 것 아니냐는 소리가 나왔다. 덩달아 윤 전 총장은 X파일과 장모인 최모씨의 구속으로 코너에 몰렸다. 야권에서는 “윤석열 지지율이 폭락했다“며 ‘윤석열 대안론’이 나오기도 했다. 하지만 수산업자 사건이 정치권 전체로 번지면서 윤 전 총장 이슈는 완전히 묻혀버렸다. 처가 리스크에도 불구, 윤 전 총장 여론조사 지지율은 33.9%로 2위 이재명(26.3%)을 오차범위(±3.1%) 밖으로 오히려 제쳐버렸다.\n",
		"passage_Cnt": 908
	},
	"Annotation": {
		"summary1": "윤 전 검찰총장 관련된 일들이 샐리의 법칙을 닮았다.",
		"summary2": "샐리의 법칙을 한번 보자. 윤석열 전 검찰총장 관련된 일들이 그런 현상을 부쩍 닮았다.",
		"summary3": null,
		"summary_3_cnt": null
	}
}