{
	"Meta(Acqusition)": {
		"doc_id": "REPORT-edit-20001",
		"doc_category": "REPORT",
		"doc_type": "edit",
		"doc_name": "드골-아데나워, 獨佛 화해를 넘어 유럽 통합의 길을 열다!",
		"author": null,
		"publisher": null,
		"publisher_year": null,
		"doc_origin": "월간조선"
	},
	"Meta(Refine)": {
		"passage_id": "REPORT-edit-20001-00003",
		"passage": " 프랑스 문학의 힘은 프랑스어로 쓴 고흐의 편지에서도 느낄 수 있지만 나는 드골의 지도력이 여기서 나왔다고 본다. 영국 저술가 폴 존슨도 《모던 타임스》에서 드골을 정치가나 군인으로서가 아니라 지성인으로 봐야 정확하게 알 수 있다고 썼다.\n 드골은 《전쟁 회고록》으로 노벨 문학상 후보로 추천되기도 했다(2014년에 알려졌다). 나는 이 회고록은 인간적 깊이와 문장력에서 처칠의 회고록을 능가한다고 생각한다. 드골은 두 권의 회고록을 직접 썼다. 아르덴 돌파전으로 정치적·군사적·정신적으로 파탄 난 프랑스와 군대와 국민들을 어떻게 구해낼 것인가의 고뇌가 스며 있다. 프랑스의 자존심을 되찾는 것이 조국 재건(再建)의 핵심임을 파악하고, 거의 맨손으로, 경멸을 받아 가면서 처칠·스탈린·루스벨트 같은 세기적 거인(巨人)들을 상대로 밀고 당기는 처절한 모습은 비슷한 처지의 이승만(李承晩)과 자꾸 겹쳤다(이승만 또한 대문장가이다).\n 드골은 14권의 책을 썼고 연설문은 다섯 권의 책으로 남아 있다. 원고지에다가 만년필로 글을 썼다. 천천히 정성을 다해 썼는데 특히 구두점(句讀點) 찍기에 신경을 썼다. 구두점 찍기는 문장이 숨을 쉬도록 하는 것이라고 했다.\n 그는 “누가 나에게 영향을 끼쳤는가 묻지 마라. 사자는 그가 소화한 양(羊)으로 구성되어 있듯이, 나는 평생 독서를 하였다”고 했는데 그의 간결한 문장은 어마어마한 깊이와 폭을 가진 독서와 사색의 산물이었다. 제5공화국 때 한 장관이 물었다.\n",
		"passage_Cnt": 728
	},
	"Annotation": {
		"summary1": "드골의 전쟁 회고록은 인간적 깊이와 문장력에서 처칠의 회고록을 능가한다고 생각하며 전쟁 회고록으로 노벨 문학상 후보에 추천되기도 했었다.",
		"summary2": "드골은 《전쟁 회고록》으로 노벨 문학상 후보로 추천되기도 했다(2014년에 알려졌다). 나는 이 회고록은 인간적 깊이와 문장력에서 처칠의 회고록을 능가한다고 생각한다.",
		"summary3": null,
		"summary_3_cnt": null
	}
}