{
	"Meta(Acqusition)": {
		"doc_id": "REPORT-edit-20036",
		"doc_category": "REPORT",
		"doc_type": "edit",
		"doc_name": "“바이든의 동맹 개선 의지는 중국에 큰 고통이 될 것”",
		"author": null,
		"publisher": null,
		"publisher_year": null,
		"doc_origin": "월간조선"
	},
	"Meta(Refine)": {
		"passage_id": "REPORT-edit-20036-00009",
		"passage": " 중국 미국전문가들의 예상대로 트럼프 대통령은 대선 패배 이후에도 중국을 강하게 압박하는 행정명령을 쏟아내고 있다. 2020년 11월 12일 그는 “중국 군사조직이 소유하거나 통제하는 중국 기업에 대한 미국의 투자를 금지”하는 행정명령을 추진했다. 미국 국방부가 ‘중국공산당-군 기업’으로 지정한 31개 회사가 행정명령의 대상이 되었다. 이 명령은 바이든 행정부가 출범하기 직전인 2021년 1월 11일 발효하며, 이 기업들은 2021년 11월까지 모든 주식을 처분하고 투자를 청산해야 한다.\n 미 국무부는 뉴욕 증시(NYSE)뿐 아니라 세계 증시에 상장된 중국 기업을 퇴출시키려는 전략을 추진했다. 이에 영국주가지수 제공업체인 FTSE는 8개 중국 기업의 주식 정보를 삭제했다. 이와 함께 미 국무부는 중국이 지원하는 5개 미·중 간 교류 프로그램이 중국의 선전 도구와 기술 유출, 인재 유출의 창구로 악용되어왔다며 ‘종료’를 선언했다.\n 마이크 폼페이오 미 국무장관은 성명을 통해 “미국의 상호교육문화교류법(MECEA)을 통해 시행해온 이 프로그램들은 ‘문화 교류’로 위장돼왔다며, 프로그램 중단 방침의 배경을 설명했다. 미·중 양국 간에는 다양한 교류 프로그램이 운용되고 있지만, ‘공자학교’를 포함한 5개 프로그램은 중국의 선전도구와 여론 조성 및 동향 수집의 사례가 뚜렷하며, 중국 정부와 당기관의 자금으로 운용되고 있다고 비판했다.\n 또한 미 국무부는 중국공산당원이나 직계가족이 취득할 수 있는 미국 방문비자인 B1·B2의 만료기간을 기존 10년에서 1개월로 단축하며, 이 비자를 통해 입국할 수 있는 횟수도 1회로 제한하여 사실상 중국당원의 미국 출입을 차단했다. 이 조치로 인해 약 3억명의 중국인의 미국 방문이 제한될 수 있다.\n",
		"passage_Cnt": 865
	},
	"Annotation": {
		"summary1": "트럼프 대통령은 대선 패배 이후에도 중국을 압박하는 행정명령을 쏟아내 미국 국방부가 중국공산당-군 기업으로 지정한 31개 회사가 행정명령의 대상이 되었다.",
		"summary2": "중국 미국전문가들의 예상대로 트럼프 대통령은 대선 패배 이후에도 중국을 강하게 압박하는 행정명령을 쏟아내고 있다.  미국 국방부가 ‘중국공산당-군 기업’으로 지정한 31개 회사가 행정명령의 대상이 되었다.",
		"summary3": null,
		"summary_3_cnt": null
	}
}