{
	"Meta(Acqusition)": {
		"doc_id": "REPORT-edit-20035",
		"doc_category": "REPORT",
		"doc_type": "edit",
		"doc_name": "프랑켄슈타인의 제자들과 고독한 영웅들",
		"author": null,
		"publisher": null,
		"publisher_year": null,
		"doc_origin": "월간조선"
	},
	"Meta(Refine)": {
		"passage_id": "REPORT-edit-20035-00008",
		"passage": " 2020년 12월 5일, 트럼프는 조지아주 브라이언 켐프 지사에게 전화를 걸었다. 바이든 승리 인증을 취소하고, 부정선거를 명분으로 하여 주의회를 특별 소집해서, 트럼프를 지지하는 선거인단을 지명하라고 압박하였다. 투표과정에 대한 감사(監査)도 요청했다. 이에 대해 주지사는 “나는 주법에 의하여 선거과정에 개입할 수 없고, 선거사무는 선출직인 주무(州務)장관이 관장한다”고 했다고 한다. 또 그는 “주무장관에게 세 차례 감사를 요청하였으나 거절당하고 달리 손쓸 방법이 없다”고 했다.\n 공화당원인 주무장관은 재검표를 통하여 공정한 선거임이 확인되었으므로 바이든 승리를 인증한 것이며, 이를 번복할 수 없다는 입장을 견지했다. 트럼프와 공화당 측에선 우편투표자 서명이 정확히 확인되었는지 다시 검증해야 한다고 주장하지만, 공화당이 지배하는 조지아주의 선거관리자들은 “투표용지가 도착했을 때 용지의 서명과 등록 유권자 대장의 서명을 대조하였으며, 그 뒤에는 봉투와 투표용지를 분리하였다”면서 “다시 대조하는 것은 불가능하고, 누가 누구를 찍었는지 알려고 하는 시도는 비밀투표의 원칙을 위배한다”고 반박했다. 트럼프 측이 제시한 동영상도 전체를 살펴보았더니 의문점이 없다는 결론에 이르렀다고 한다.\n 트럼프는 브라이언 켐프 지사를 ‘머저리’라고 욕하면서 트위터를 통해 연일 공격하고 있지만, 지사 또한 법에 묶인 몸이라 어쩔 수 없는 것이다. 트럼프 지지자들이 이 주에서 제기한 선거 관련 소송은 증거 부족으로 모조리 기각 또는 패소하고 있다. 지지자들은 개표 종사자가 참관인이 떠난 이후에도 개표하는 장면을 담은 동영상을 올려 “이게 부정선거의 증거”라고 선동해 한국의 음모론자들도 환호하였지만, 조지아주 선거관리인은 “동영상 전체를 보면 아무 문제가 없다. 참관인들이 집에 가도 감독자가 따로 있어 개표를 진행한다”는 것이다.\n",
		"passage_Cnt": 912
	},
	"Annotation": {
		"summary1": "트럼프는 조지아주 브라이언 켐프 지사에게 전화를 걸어 바이든 승리 인증을 취소하고 트럼프를 지지하는 선거인단을 지명하라고 압박했다.",
		"summary2": "2020년 12월 5일, 트럼프는 조지아주 브라이언 켐프 지사에게 전화를 걸었다. 바이든 승리 인증을 취소하고, 부정선거를 명분으로 하여 주의회를 특별 소집해서, 트럼프를 지지하는 선거인단을 지명하라고 압박하였다.",
		"summary3": null,
		"summary_3_cnt": null
	}
}