{
	"Meta(Acqusition)": {
		"doc_id": "REPORT-edit-20005",
		"doc_category": "REPORT",
		"doc_type": "edit",
		"doc_name": "한국의 對美 로비 금액 1억7217만 달러, 세계 3위(2016~2021년)",
		"author": null,
		"publisher": null,
		"publisher_year": null,
		"doc_origin": "월간조선"
	},
	"Meta(Refine)": {
		"passage_id": "REPORT-edit-20005-00004",
		"passage": " 미국인 변호사 존 스태거즈(Staggers, John W.)는 임시정부를 대리해 미국 정부를 상대로 로비를 했다. 스태거즈는 기록상으로는 최초로 한국을 대리해 공식 로비를 벌인 미국인이다.\n 1949년 이승만 대통령은 미국의 대한(對韓) 군사 원조를 얻기 위해 존 스태거즈를 통해 대미 로비를 벌였다. 이 대통령은 시인 모윤숙에게 “스태거즈를 통해 한국이 미국에 진해 기지를 내주는 대가로 미국의 대한(對韓) 군사 원조를 요청하라”고 지시했다. 이렇게 해서 받아낸 성과가 대한민국 해군의 최초 전투함인 백두산함(PC-701)이다. 백두산함은 6·25전쟁 당시 부산 상륙을 노린 북한군 상륙함을 격침했다. 당시 백두산함에서 전투를 치렀던 이들 중 한 명이 최재형 전 감사원장의 부친 고(故) 최영섭 예비역 해군 대령이다. 한국 정부를 위해 1942년부터 로비를 시작한 스태거즈의 활동은 1954년까지 계속된다.\n 1976년에는 이른바 ‘코리아 게이트(Korea gate)’ 사건이 터진다. 박정희(朴正熙) 정부가 재미(在美) 한국인 사업가인 박동선(朴東宣) 등을 통해 미 의회에 불법(不法) 로비를 했다는 내용이다. 당시 로비가 문제가 된 까닭은 미국 법을 어기며 비합법적인 방식으로 진행됐기 때문이다.\n 당시 한국 정부는 미 의회 의원들과 정부 관리들에게 매년 50만~100만 달러 규모의 정치자금 내지 향응을 제공했다. 당시 박정희 정부는 지미 카터 행정부의 주한미군 감축에 대한 보완책과 한국군 현대화를 위한 특별지원책이 미 의회로부터 승인돼야 하는 상황이었기에 로비를 강화했다.\n",
		"passage_Cnt": 776
	},
	"Annotation": {
		"summary1": "임시정부를 대리해 미국 정부에 로비를 한 스태거즈는 최초로 한국을 대리해 공식 로비를 벌인 미국인 변호사이다.",
		"summary2": "미국인 변호사 존 스태거즈(Staggers, John W.)는 임시정부를 대리해 미국 정부를 상대로 로비를 했다. 스태거즈는 기록상으로는 최초로 한국을 대리해 공식 로비를 벌인 미국인이다.",
		"summary3": null,
		"summary_3_cnt": null
	}
}