{
	"Meta(Acqusition)": {
		"doc_id": "REPORT-edit-20008",
		"doc_category": "REPORT",
		"doc_type": "edit",
		"doc_name": "과감한 발상 전환으로 中東의 전략적 입지 재구축",
		"author": null,
		"publisher": null,
		"publisher_year": null,
		"doc_origin": "월간조선"
	},
	"Meta(Refine)": {
		"passage_id": "REPORT-edit-20008-00003",
		"passage": " 지난 1월 바이든 행정부가 취임할 당시, 미국-이스라엘 동맹에 대한 우려가 컸다. 지난 수년간 미국 민주당 내부에서 반(反)이스라엘 기류가 강해져왔기 때문이다. 역사적으로 미국은 이스라엘에 초당적(超黨的)인 지지를 보내왔으나 최근 팔레스타인 이슈, 서안(西岸)지구 정착촌 문제, 이란 핵 위협에 대한 접근법 등을 두고 민주당과 이스라엘 지도층 간의 반목이 커져왔다. 네타냐후 전 이스라엘 총리는 오바마 행정부 시절인 2015년 백악관과의 상의 없이 미국 상원에서 이란 핵 협상을 비판하는 연설을 한 바 있다. 바이든 대통령은 이란 핵 합의를 복원하겠다고 공언한 만큼, 전문가들은 새 행정부가 트럼프-네타냐후 브로맨스를 이어가지 못할 것이라 예상했다. 무엇보다, 아브라함 협정으로 짜인 새판이 흔들릴 수 있다는 전망이 많았다.\n 아니나 다를까, 바이든의 민주당 정부는 정권 초기부터 이스라엘과 마찰을 빚었다. 트럼프 행정부가 아브라함 협정의 대가(代價)로 UAE에 약속했던 F-35 판매도 재고(再考)하겠다고 밝혔다(지난 4월 판매 진행 결정). 이스라엘과 아랍국가 간 경제협력에 기여할 ‘아브라함 협정 펀드’ 투자 또한 무기한 동결했다. 미 국무부는 트럼프 대통령의 치적인 아브라함 협정을 부각시키지 않기 위해 해당 용어를 기피하고 대신 ‘이스라엘-아랍 세계 관계 정상화’라는 일반적인 표현을 쓰고 있다. 또한 트럼프 대통령이 폐쇄한 팔레스타인 업무 담당 예루살렘 영사관을 복원하기로 결정했다. 결정적으로 모두가 예상하였듯이 오스트리아 빈에서 이란과의 핵 합의 복원을 위한 협상을 시작했다.\n",
		"passage_Cnt": 780
	},
	"Annotation": {
		"summary1": "미국 민주당 내부에서 반이스라엘 기류가 강해져왔기 때문에 바이든 행정부가 취임할 무렵 미국-이스라엘 동맹에 대한 우려가 컸다.",
		"summary2": "지난 1월 바이든 행정부가 취임할 당시, 미국-이스라엘 동맹에 대한 우려가 컸다. 지난 수년간 미국 민주당 내부에서 반(反)이스라엘 기류가 강해져왔기 때문이다.",
		"summary3": null,
		"summary_3_cnt": null
	}
}