{
	"Meta(Acqusition)": {
		"doc_id": "REPORT-edit-00068",
		"doc_category": "REPORT",
		"doc_type": "edit",
		"doc_name": "【서봉대의 ‘되짚기’】 권력형 비리 악순환··· 文 대통령 측근들은 무사할까",
		"author": null,
		"publisher": null,
		"publisher_year": null,
		"doc_origin": "월간조선"
	},
	"Meta(Refine)": {
		"passage_id": "REPORT-edit-00068-00001",
		"passage": "# 1997년 대선을 한 달 앞둔 11월. 김대중(DJ) 새정치국민회의 후보의 핵심 측근은 기자들과 오찬을 함께 하며 지지를 호소했다.\n“DJ는 꼭 성공한 대통령이 될 것입니다. 그렇게 되도록 저도 최선을 다하겠습니다.”\n그의 모습에서 진정성은 물론 절박감까지 느껴졌다. 당시 DJ는 이회창 한나라당 후보와 접전을 벌이고 있었다.\n2007년 대선을 한 달 앞둔 때. 이명박 한나라당 후보의 핵심 측근도 기자들과 오찬을 했다.\n“이명박 후보가 당선되면 이튿날 저는 처와 함께 대한민국을 떠나 한동안 귀국하지 않을 겁니다. 이 후보 당선으로 저의 역할은 다한 것이고 더 이상 바랄 게 없습니다.”\n그의 말은 식사 자리를 숙연하게 만들었다.\n# 이들은 그러나 주군(主君)이 대권을 잡자마자 ‘급변’해버렸다. 정권의 핵심으로 부상하면서 언제 그런 말 했느냐는 듯 권력에 취해갔던 것이다.\n두 사람은 엇비슷한 길을 걷다가 추락해 버렸다. ‘권력’을 한껏 누리다가 ‘권력형’ 비리에 연루돼 법정에 서게 됐던 것이다.\n김영삼(YS), 노무현 정부도 마찬가지였다. 정권말로 가면서 측근 혹은 친인척 비리가 하나, 둘씩 불거졌다.\nYS 정부 말기엔 한보그룹 비리의혹이 터져 대통령 아들 김현철씨까지 휩쓸렸다. 당시 비리의혹에 연루된 인사들의 명단, 이른바 ‘한보 리스트’에는 대통령 아들을 포함해 정권의 핵심인사들은 물론 야당 인사들까지 포함돼 있었다. 이들중 대부분은 국회 한보비리청문회에 불려나갔고 몇몇은 법적 처벌을 받았다.\n",
		"passage_Cnt": 736
	},
	"Annotation": {
		"summary1": "DJ가 성공한 대통령이 될 것이라는 김 후보의 핵심 측근은 기자들과 오찬을 함께 하며 지지를 호소했다.",
		"summary2": "김대중(DJ) 새정치국민회의 후보의 핵심 측근은 기자들과 오찬을 함께 하며 지지를 호소했다. “DJ는 꼭 성공한 대통령이 될 것입니다.",
		"summary3": null,
		"summary_3_cnt": null
	}
}