{
	"Meta(Acqusition)": {
		"doc_id": "REPORT-edit-20011",
		"doc_category": "REPORT",
		"doc_type": "edit",
		"doc_name": "이제는 ‘미확인비행물체’가 아니라 ‘실존물체’다!",
		"author": null,
		"publisher": null,
		"publisher_year": null,
		"doc_origin": "월간조선"
	},
	"Meta(Refine)": {
		"passage_id": "REPORT-edit-20011-00001",
		"passage": "2021년은 미확인비행물체(UFO) 현상에 있어 가장 중요한 해로 기록될 것이다. 미국 국가정보국장실(ODNI)이 지난 6월 25일 공식 보고서를 발표, ‘UFO는 물체(Physical Object)다’라고 인정했다. 미국이나 러시아, 중국이 만든 기술로 보이지 않는다는 것이다. 이는 민간인들이 아닌 해군 조종사 등 군(軍) 관계자들이 보고한 사례를 분석한 결과라고 했다.\n 정부 보고서 발표에서 가장 큰 역할을 한 사람은 누굴까?\n 우선 국가정보국장실이 국방부와 함께 보고서를 발표하게 된 가장 큰 이유는 미(美) 의회의 예산 때문이다. 2018년 여름 미국 상원 군사위원회는 2019년 국방수권법(國防授權法)에 기밀로 된 내용을 포함시켰다. 국방부가 UFO 문제를 조사할 의무가 있다는 내용이었다. 2020년 마코 루비오 공화당 상원의원은 2021년도 정보수권법안에 ‘UFO를 연구하고 그 연구 결과를 180일 이내에 의회에 제출’하도록 하는 내용을 명시했다. 이를 통해 2021년도 중순 180일 마감 시한에 맞춰 보고서가 대중에 공개된 것이다.\n 금기시되던 UFO라는 문제를 정치권에서 진지하게 다루게 된 배경 역시 중요하다. 미국 전문가들은 2017년 12월 《뉴욕타임스》의 특종기사가 가장 큰 역할을 했다는 데 대부분 동의한다. 이 기사는 미 국방부가 비밀리에 UFO를 분석하는 부서를 운영한 사실을 폭로했다. 이에 추가로 미 해군 조종사들이 촬영한 UFO 영상 세 개를 공개했다.\n",
		"passage_Cnt": 725
	},
	"Annotation": {
		"summary1": "미국 ODNI 공식 보고서에 UFO는 물체다라고 인정하며 공식 보고서를 발표한 가장 큰 이유는 미 의회 예산 때문으로 국방부가 UFO 문제를 조사할 의무가 있다는 내용이었다.",
		"summary2": "미국 국가정보국장실(ODNI)이 지난 6월 25일 공식 보고서를 발표, ‘UFO는 물체(Physical Object)다’라고 인정했다. 우선 국가정보국장실이 국방부와 함께 보고서를 발표하게 된 가장 큰 이유는 미(美) 의회의 예산 때문이다. 국방부가 UFO 문제를 조사할 의무가 있다는 내용이었다.",
		"summary3": null,
		"summary_3_cnt": null
	}
}