{
	"Meta(Acqusition)": {
		"doc_id": "REPORT-edit-00091",
		"doc_category": "REPORT",
		"doc_type": "edit",
		"doc_name": "LH 사태 공분 들끓는데... 변창흠 국토부 장관도 못 자르는 ‘식물 대통령?’",
		"author": null,
		"publisher": null,
		"publisher_year": null,
		"doc_origin": "월간조선"
	},
	"Meta(Refine)": {
		"passage_id": "REPORT-edit-00091-00002",
		"passage": "이번 LH 투기 사건에 대한 문 대통령의 지시는 물론 지당한 말이다. 대통령의 지시에 국무총리와 여당 지도부도 기꺼이 한목소리를 내고 있다. 하지만 집권세력의 도덕적 해이와 말 뒤집기가 하도 다반사여서 일부에서는 여전히 대통령의 진정성을 의심하는 사람들이 많다.\n문 대통령은 이번에도 수사 지시에 급급해 먼저 할 일을 하지 않았다. 일찌감치 문책했어야 할 변창흠 국토부 장관을 해임하지 않은 것이다. LH 직원 땅 투기는 변 장관이 사장 재임 시절 있었던 일이고 변 장관 본인은 필수 수사대상이다. 그런 사람에게 문 대통령은 합동조사단의 ‘셀프 조사’를 맡겼다. 이러니 국민들이 대통령의 수사 지시를 진정성 있게 받아들일 수 있을까.\n현 정부에 등을 돌린 지식인 가운데 진중권 전 동양대 교수가 자주 하는 말이 있다. “문 대통령은 누군가에게 업혀 가는 것 같다“는 말이다. 심지어는 현재 청와대 의전비서관인 탁현민의 ‘소품’이라는 말까지 했다. 문 대통령 입장에서는 기분 나쁜 말이겠지만 이미 LH 직원 땅투기 의혹을 감싸 국민적 공분을 싸고 있는 국토부 장관도 함부로 못 자르지 않나. 그래서 ”장관 인사를 문 대통령이 하는 것이 맞느냐“는 반문이 자주 세인의 입길에 오르내린다.\n실제로 문 대통령은 “대통령이 하기 싫은 사람”으로 통했다. 평생 친구인 노무현 전 대통령의 권유로 과거 청와대 민정수석과 비서실장을 지내기는 했지만 늘 “정치가 적성에 안 맞는다”는 말을 자주 했다고 한다. 그런데 그는 박근혜 탄핵 과정을 거치면서 우여곡절 끝에 대통령에 당선됐다. 그렇게 그의 ‘하기 싫은 대통령 일’이 시작됐다.\n",
		"passage_Cnt": 794
	},
	"Annotation": {
		"summary1": "대통령의 지시에 국무총리와 여당 지도부도 LH 투기 사건에 대해 한목소리를 내고 있지만 일부에서는 대통령의 진정성을 의심하는 사람들이 많다.",
		"summary2": "이번 LH 투기 사건에 대한 문 대통령의 지시는 물론 지당한 말이다. 대통령의 지시에 국무총리와 여당 지도부도 기꺼이 한목소리를 내고 있다. 하지만 집권세력의 도덕적 해이와 말 뒤집기가 하도 다반사여서 일부에서는 여전히 대통령의 진정성을 의심하는 사람들이 많다.",
		"summary3": null,
		"summary_3_cnt": null
	}
}