{
	"Meta(Acqusition)": {
		"doc_id": "REPORT-edit-00073",
		"doc_category": "REPORT",
		"doc_type": "edit",
		"doc_name": "【이상곤의 ‘흐름’】 국민의힘에 ‘초선’ 당대표?",
		"author": null,
		"publisher": null,
		"publisher_year": null,
		"doc_origin": "월간조선"
	},
	"Meta(Refine)": {
		"passage_id": "REPORT-edit-00073-00001",
		"passage": "4·7 재보궐 선거 승리 후 사퇴한 김종인 전 국민의힘 비상대책위원장이 최근 언론 인터뷰에서 한 말이다. 그러면서 “토니블레어나 데이비드 캐머런 영국 총리 같은 모델”이라는 말도 덧붙였다.\n그런데 하필 왜 초선일까? 김 전 위원장이 초선모델로 삼은 토니 블레어나 데이비드 캐머런은 최연소 타이틀을 달기는 했다. 블레어는 최연소 노동당 당수, 캐머런은 43세 최연소 영국 총리였다.\n하지만 블레어는 3선 의원 출신으로 야당의 예비내각에서 여러 장관을 거쳐 성공가도를 달린 인물이다. 캐머런은 2001년 하원 의원에 당선돼 초선 때는 당 주요 간부자리를 거쳤고 재선 때 보수당 당수가 된 사람이다. 현재 국민의힘 초선 의원들과 ‘최연소’라는 나이만으로 단순비교 할 수 없는 정치경력의 소유자들인 셈이다.\n김 전 위원장은 지난해 5월부터 1년 가까이 국민의힘 비상대책위원장으로 당대표를 지냈다. 그동안 3선 장제원 의원 등 자신을 비토하는 중진의원들도 있었지만 비교적 개혁 지향적으로 당을 이끌어왔다. 대중의 정서를 읽는 눈도 뛰어나 기성정치인 보다 젊은 정치인들을 중용했다. 당연히 초선의원들을 눈여겨봤고 그 면면을 잘 알 것이다. 당 대표감으로 역량있는 인사를 보았을 수도 있다.\n그런데 이번에 국민의힘 초선의원들을 당 대표감으로 콕 찍어 거론한 것은 의외다. 과연 현재 국민의힘 초선 중에 그만한 역량과 자질을 갖춘 사람이 있을까. 물론 사람은 띄우고 키우기 나름이지만 말이다.\n",
		"passage_Cnt": 716
	},
	"Annotation": {
		"summary1": "블레어나 캐머런은 국민의힘 초선 의원들과 최연소라는 나이만으로 단순비교할 수 없는 정치경력의 소유자들이다.",
		"summary2": "하지만 블레어는 3선 의원 출신으로 야당의 예비내각에서 여러 장관을 거쳐 성공가도를 달린 인물이다. 현재 국민의힘 초선 의원들과 ‘최연소’라는 나이만으로 단순비교 할 수 없는 정치경력의 소유자들인 셈이다. 캐머런은 2001년 하원 의원에 당선돼 초선 때는 당 주요 간부자리를 거쳤고 재선 때 보수당 당수가 된 사람이다.",
		"summary3": null,
		"summary_3_cnt": null
	}
}