{
	"Meta(Acqusition)": {
		"doc_id": "REPORT-edit-00042",
		"doc_category": "REPORT",
		"doc_type": "edit",
		"doc_name": "【이상곤의 ‘흐름’】 윤석열 대선출마 “주사위는 던져졌다”",
		"author": null,
		"publisher": null,
		"publisher_year": null,
		"doc_origin": "월간조선"
	},
	"Meta(Refine)": {
		"passage_id": "REPORT-edit-00042-00003",
		"passage": "그러나 정권의 흉중은 달랐다. 조국수사에 이은 유재수 감찰무마사건, 울산시장 선거개입 사건 등 정권입장에서는 도저히 윤석열의 수사를 묵과할 수 없었다. 그렇게 윤석열에 대한 정권의 탄압은 시작됐고 그는 점점 ‘식물총장’으로 변해갔다. 특수통으로 한 때 이름을 날리던 검사들은 ‘윤석열 사단’이라는 이름으로 좌천을 거듭했고 결국 그의 주변에는 사람이 남지를 않았다. 또다시 시련이 시작됐다.\n결정적으로 윤석열이 문 정권에 등을 돌리게 된 것은 추미애의 징계와 직무배제였다. 곧이어 징계위원회는 윤 총장 정직 2개월을 처분했고 윤석열의 맞대응은 본격화됐다. 임명권자인 대통령을 겨냥한 윤석열의 정면 대응이었다. 그렇게 윤석열은 그해 연말 법원에서 대통령의 재가에 대한 집행정지 신청 인용을 받아냈다. 정면 돌파의 승리였다.\n윤석열은 이때까지도 직접 나서지는 않았다. 대통령의 징계안 재가가 ‘위법한 지시’였다는 점을 끌어내고 정면 대결을 했지만 자신은 철저히 숨겼다. 그 전장에는 대신 변호인만 내보냈다. 거대 정권과의 싸움에서도 철저히 자신을 숨기며 내밀하게 전략을 구사하는 전략가의 면모를 보였다.\n그러나 지금은 정권의 가장 강력한 맞수로 야권의 1위 대선주자가 돼 전면에 나서게 됐다. 문재인 정권과의 인연을 거슬러 올라가면 역설도 이런 역설이 있을 수 없다. 멀쩡하게 검찰총장을 하고 있던 ‘검사 윤석열’이 쫓기고 쫓기다 반정권 투쟁의 선봉장이 돼 버린 것이다. 그런 윤석열도 대선출마 선언을 하면서 긴장의 흔적이 역력했다.\n",
		"passage_Cnt": 744
	},
	"Annotation": {
		"summary1": "조 씨 수사에 이은 울산시장 선거개입 등 윤 씨의 수사를 묵과할 수 없었던 정권은 윤 씨에 대한 탄압을 시작했고 그는 식물총장으로 변해갔으며 주변에는 사람이 남지 않았다.",
		"summary2": "조국수사에 이은 유재수 감찰무마사건, 울산시장 선거개입 사건 등 정권입장에서는 도저히 윤석열의 수사를 묵과할 수 없었다. 그렇게 윤석열에 대한 정권의 탄압은 시작됐고 그는 점점 ‘식물총장’으로 변해갔다. 특수통으로 한 때 이름을 날리던 검사들은 ‘윤석열 사단’이라는 이름으로 좌천을 거듭했고 결국 그의 주변에는 사람이 남지를 않았다.",
		"summary3": null,
		"summary_3_cnt": null
	}
}