{
	"Meta(Acqusition)": {
		"doc_id": "REPORT-edit-20057",
		"doc_category": "REPORT",
		"doc_type": "edit",
		"doc_name": "-하노이에서 김정은은 애원하며 매달렸다",
		"author": null,
		"publisher": null,
		"publisher_year": null,
		"doc_origin": "월간조선"
	},
	"Meta(Refine)": {
		"passage_id": "REPORT-edit-20057-00015",
		"passage": " 그 후 4월 26일 백악관을 방문한 아베 일본 총리에 대한 묘사도 있다. 아베는 문재인과 정반대 관점이었다고 했다. 그는, 트럼프가 하노이 회담을 깬 것을 좋게 평하고 대북제재는 강화되어야 하며 시간은 우리 편이라고 했다.\n 5월에 들어서 북한이 단거리 미사일을 발사하자 아베와 문재인이 잇따라 트럼프에게 전화를 걸었다. 아베가 대북제재의 국제공조를 흔들려고 도발하는 것이라고 경고하자, 트럼프는 미일(美日) 공조를 강조하는 성명을 내어달라고 했다. 그러면서 단거리 발사체는 미사일로 볼 수 없다고 격하하였다.\n 문재인 대통령도 다음 날 전화를 걸어왔다. 예상대로 그는 북한의 도발 의미를 축소하면서 김정은의 한미군사훈련에 대한 불만에 관하여 횡설수설했다고 볼턴은 썼다.\n 존 볼턴 회고록엔 아베 신조 일본 총리와 문재인 한국 대통령이 비교되는 묘사가 많다.\n 1. 볼턴은 트럼프 대통령이 가장 좋아하는 국가 지도자가 아베라고 했다. 보리스 존슨 영국 총리의 등장 이후에는 공동 1위가 되었다는 것이다. 곁에서 지켜본 트럼프의 문재인에 대한 태도나 평가는 좋지 않다.\n 2. 트럼프는 아베의 아버지 아베 신타로(전 일본 외무장관)가 가미카제 특공대 조종사였다는 점을 높게 평가한다는 것이다. 아베 신타로는 해군비행학교에서 가미카제 훈련을 받았지만 전투에 투입되기 전에 종전을 맞았다.\n 3. 볼턴은 문재인과 아베의 대북관(對北觀)이 정반대였다고 썼다. 문재인은 김정은에게 끌려다니면서 미국을 오도(誤導)하려고 했지만, 아베는 북한 정권을 믿을 수 없다는 입장에 서서 늘 정확한 정보와 시각을 제공하였다는 것이다.\n",
		"passage_Cnt": 792
	},
	"Annotation": {
		"summary1": "백악관을 방문한 아베는 문 씨와는 정반대 관점으로 트럼프가 하노이 회담을 깬 것을 좋게 평하고 대북제재는 강화되어야 한다고 했다.",
		"summary2": "그 후 4월 26일 백악관을 방문한 아베 일본 총리에 대한 묘사도 있다. 아베는 문재인과 정반대 관점이었다고 했다. 그는, 트럼프가 하노이 회담을 깬 것을 좋게 평하고 대북제재는 강화되어야 하며 시간은 우리 편이라고 했다.",
		"summary3": null,
		"summary_3_cnt": null
	}
}