{
	"Meta(Acqusition)": {
		"doc_id": "REPORT-edit-00069",
		"doc_category": "REPORT",
		"doc_type": "edit",
		"doc_name": "【이상곤의 ‘흐름’】 오세훈, 박형준 청와대 회동도 결국 문재인의 ‘쇼통’(?)",
		"author": null,
		"publisher": null,
		"publisher_year": null,
		"doc_origin": "월간조선"
	},
	"Meta(Refine)": {
		"passage_id": "REPORT-edit-00069-00001",
		"passage": "올해 초 대통령의 신년 기자회견을 앞두고 ‘쇼통’ 논란이 일었다. 기자협회보에서 통계를 낸 결과 문재인 대통령 기자회견 횟수가 전임 대통령에 비해 현저히 적었기 때문이다.\n기자협회보에 따르면 역대 대통령의 직접 브리핑과 기자간담회를 합친 횟수가 김대중 150회, 노무현 150회, 이명박 20회, 박근혜 5회, 문재인 6회 였던 것이다. 야당 쪽에서는 곧바로 ‘불통 대통령’이란 비난이 나왔다. 신년 회견에 나온 기자들도 이 문제를 그냥 지나칠 리 없었다. 문 대통령은 자신의 불통 지적에 결국은 “어느 대통령보다 현장 방문을 많이 했고 국민과의 소통 노력을 했다”고 해명 했다.\n대통령 소통 행사를 책임지는 탁현민 청와대 의전비서관은 더 구체적으로 해명했다. “기자회견 횟수를 단순 비교해도 박근혜 이명박보다는 낫다”고 했다. 그러자 기생충 학자로 여권에 비판적인 서민 단국대 의대 교수는 “자기가 연출한 ‘쇼’의 횟수랑 헷갈리는 듯”이라며 “잘하라고 뽑아줬더니 맨날 전임 대통령과 비교해 낫다고 한다”고 핀잔을 줬다.\n실제 문 대통령 만큼 소통논란이 많았던 대통령도 없다. 기자회견 때마다 원론적인 답변이나 자기 하고 싶은 말만하는 ‘마이웨이식’ 답변 태도가 문제가 됐다. 올해 신년 회견 때는 ‘정인이 사건’ 재발방지책을 묻는 질문에 “입양을 취소하든지 입양 아동을 바꾸는 대책이 필요하다”고 답한 것은 압권이었다.\n야당과의 소통에는 알레르기 반응을 보일 정도로 인색했다. 어쩌다 있는 영수회담도 제1야당과의 단독회담보다는 다자간 회담을 선호했고 제1야당과의 영수회담도 야당대표가 누구냐에 따라 성사여부가 갈리곤 했다. 유일하게 있었던 야당 대표와의 단독회담이 2018년 4월13일 홍준표 자유한국당 대표와 회동이었다. 당시는 남북 정상회담을 앞둔 시기라 초당적 협력이 필요했던 모양이다. 하지만 이후에는 황교안 대표의 영수회담 제의를 “시간이 없다”고 거부했고 김종인 미래통합당 비상대책위원장과의 영수회담도 차일피일 미루다 그만뒀다.\n",
		"passage_Cnt": 975
	},
	"Annotation": {
		"summary1": "문 대통령 기자회견 횟수가 전임 대통령에 비해 현저히 적어 쇼통 논란이 일었다.",
		"summary2": "올해 초 대통령의 신년 기자회견을 앞두고 ‘쇼통’ 논란이 일었다. 기자협회보에서 통계를 낸 결과 문재인 대통령 기자회견 횟수가 전임 대통령에 비해 현저히 적었기 때문이다.",
		"summary3": null,
		"summary_3_cnt": null
	}
}