{
	"Meta(Acqusition)": {
		"doc_id": "REPORT-edit-20035",
		"doc_category": "REPORT",
		"doc_type": "edit",
		"doc_name": "프랑켄슈타인의 제자들과 고독한 영웅들",
		"author": null,
		"publisher": null,
		"publisher_year": null,
		"doc_origin": "월간조선"
	},
	"Meta(Refine)": {
		"passage_id": "REPORT-edit-20035-00002",
		"passage": " 기자가 거듭 “각하는” 하고 질문을 하려 해도 트럼프는 하고 싶은 이야기만 계속한다.\n “대규모 부정이 있었습니다. 이런 일은 이 나라에선 일어나지 않았어야 해. 우리는 제3세계 국가처럼 되어버렸어요.”\n 그는 조지아주에서 진행되는 재검표가 의미 없다고 했다. 오로지 서명 대조가 중요하다고 우겼다. 조지아주에선 손으로 재검표를 했는데 바이든의 승리가 확인되었다. 그다음엔 기계를 써서 재재검표를 했다. 역시 번복되지 않았다. 그래도 트럼프는 승복하지 않는다. 그는 개표 시기의 어느 순간부터 갑자기 바이든 표가 많아진 것도 조작의 증거라고 우겼다. 이는 바이든에 우세한 우편투표함이 열리면서 일어난 자연스런 현상이다.\n 끝없이 이어지는 부정선거 음모론을 듣던 기자가 다시 물었다.\n “그러나, 각하 확실히 해주세요. 선거인단이 바이든을 뽑으면 승복하겠습니까?”\n “그들이 그렇게 한다면 실수를 하는 거야. 왜냐면 이 선거는 부정이거든.”\n 다시 기자가 묻는다.\n “승복하시겠습니까?”\n 트럼프가 동문서답을 하자, 기자는 “그렇다면 승복 안 하시겠다는 겁니까”라고 물고 늘어졌다. 대통령이 또 딴 이야기를 하니 기자가 “승복에 대해서만 이야기해주세요”라고 압박했다. 트럼프는 화를 냈다.\n “그런 식으로 나에게 이야기하지 마!”\n “죄송하지만 나는 질문을 하는 겁니다.”\n 트럼프는 “너는 풋내기야”라고 조롱한다.\n 기자도 물러서지 않는다.\n “승복 여부에 대해서 답하세요.”\n",
		"passage_Cnt": 716
	},
	"Annotation": {
		"summary1": "트럼프는 기자가 거듭 질문을 하려고 해도 대규모 부정이 있었고 조지아주에서 진행되는 재검표가 의미 없다며 하고 싶은 이야기만 계속했다.",
		"summary2": "기자가 거듭 “각하는” 하고 질문을 하려 해도 트럼프는 하고 싶은 이야기만 계속한다. “대규모 부정이 있었습니다. 이런 일은 이 나라에선 일어나지 않았어야 해. 우리는 제3세계 국가처럼 되어버렸어요.” 그는 조지아주에서 진행되는 재검표가 의미 없다고 했다.",
		"summary3": null,
		"summary_3_cnt": null
	}
}