{
	"Meta(Acqusition)": {
		"doc_id": "REPORT-edit-00044",
		"doc_category": "REPORT",
		"doc_type": "edit",
		"doc_name": "【서봉대의 ‘되짚기’】 대선 폭로전은 ‘진실게임’ 아니다... 의혹에 어떻게 대응할지가 관건",
		"author": null,
		"publisher": null,
		"publisher_year": null,
		"doc_origin": "월간조선"
	},
	"Meta(Refine)": {
		"passage_id": "REPORT-edit-00044-00001",
		"passage": "이번 대선정국이 어떻게 돌아갈지는 안 봐도 비디오다.유력 후보를 겨냥한 폭로,혹은X파일 공세가 정치권에서 시작됐기 때문이다.역대 대선때처럼 폭로전의 초입에 들어선 형국이다. ‘한 방’으로 판세를 뒤집을 수 있다는 유혹을 떨치기 어려웠을 것이다.\n의혹내용이 심각할수록 반박-재반박의 공방만 길어졌을 뿐 선거판에선 진위가 가려지지 않았다.의혹이 거짓이라고 한들,법원판결은 대선이 끝난 후에나 내려졌기에 판세엔 영향을 미칠 수 없었다. ‘아니면 말고’식의 무책임한 폭로전을 부추길 수밖에 없었다.\n이회창 후보는1997년7월 한나라당 경선을 통해 후보로 선출되자 여론지지율이50%에 육박하는 등 대세론을 탔으나‘잠시’였을 뿐이었다.\n새정치국민회의와 자유민주연합 등 야권이 이 후보 두 아들에 대한 병역비리 의혹을 집중적으로 부각시키면서 판세가 흔들리기 시작했다.체중을 고의적으로 줄여 병역면제를 받았다는 것이다.우리나라에선 민감할 수밖에 없는 병역문제를 고의로 기피했다는 폭로이니 그 파장은 엄청났다.게다가 이 후보의 대세론을 지탱했던 게‘대쪽’원칙주의자 이미지였다는 점에서 충격은 더욱 클 수밖에 없었다.여론지지율이 졸지에 반토막났을 정도였다.\n이 후보는 선거전 막판까지 김대중 후보를 추격,접전으로 치달았으나 판세를 뒤집지는 못했다.\n선거 당시 이 후보는“위법사안이 아니었던 만큼 문제 될 게 없다”고 자신했으나,병역문제에 대한 국민정서를 제대로 고려하지 못했기에 대응전략이 부실했던 것이다.\n",
		"passage_Cnt": 722
	},
	"Annotation": {
		"summary1": "이 후보는 여론지지율이 50%에 육박하는 등 대세론을 탔고 김 후보를 선거전 막판까지 추격해 접전으로 치달았지만 판세를 뒤집지는 못했다.",
		"summary2": "이회창 후보는1997년7월 한나라당 경선을 통해 후보로 선출되자 여론지지율이50%에 육박하는 등 대세론을 탔으나‘잠시’였을 뿐이었다. 이 후보는 선거전 막판까지 김대중 후보를 추격,접전으로 치달았으나 판세를 뒤집지는 못했다.",
		"summary3": null,
		"summary_3_cnt": null
	}
}