{
	"Meta(Acqusition)": {
		"doc_id": "REPORT-edit-10063",
		"doc_category": "REPORT",
		"doc_type": "edit",
		"doc_name": "25년전 '다이애나 인터뷰 사건'은 왜 지금 영국을 뒤집어놓았나 로열 웨딩을 통해 본 영국의 계급문화",
		"author": null,
		"publisher": null,
		"publisher_year": null,
		"doc_origin": "월간조선"
	},
	"Meta(Refine)": {
		"passage_id": "REPORT-edit-10063-00001",
		"passage": "25년 전인 1995년 영국의 왕세자빈(찰스 왕세자의 아내) 다이애나가 BBC와 인터뷰했던 '다이애나 인터뷰 사건'이 지금 영국에서 뜨거운 화제가 되고 있다. 당시 다이애나 왕세자빈은 BBC 방송 인터뷰에서 찰스와 커밀라 파커 볼스 현 왕세자빈의 불륜을 폭로했고, 자신의 혼외정사도 인정했다. 이 인터뷰 이후 찰스와 다이애너는 영국 왕실의 압박 등을 이유로 1996년 이혼하게 됐고 다이애나는 1997년 파리에서 파파라치의 카메라를 피하다 숨졌다.\n영국 왕실의 비극을 가져온 이 사건은 BBC 인터뷰가 단초가 됐는데, 이 인터뷰가 사실은 BBC 기자의 협박, 그것도 거짓 자료를 이용한 협박 때문이었다는 점이 이번에 밝혀진 것이다. 언론윤리 문제는 물론, 왕실에 대한 영국인들의 관심이 이어지면서 '다이애나 인터뷰 사건'은 영국에서 엄청난 이슈가 되고 있다.\n영국방송 는 지난 21일 다큐멘터리 '인터뷰 너머의 진실'에서 해당 인터뷰를 진행한 BBC 마틴 바시르 기자가 인터뷰를 성사시키기 위해 다이애나측에 거짓 자료를 만들어 보냈다고 밝혔다.\n바시르 기자가 찰스 비서의 계좌에 거액이 입금된 계좌 내역을 다이애나측에 보내며 \"왕실과 MIS(영국정보기관)에서 다이애나의 사생활을 알기 위해 돈을 쓰고 있다\"고 불안감을 조성했다는 것이다. 그러나 이 내역은 조작된 거짓 자료였다. 제보자들에 따르면 바시르 기자 등이 거짓 은행 명세서를 만들었고, 이를 다이애너측에 보여줬다. 이에 위기감을 느낀 다이애너 왕세자빈이 어쩔 수 없이 인터뷰에 응했다고 방송은 보도했다.\n",
		"passage_Cnt": 763
	},
	"Annotation": {
		"summary1": "다이애나 인터뷰 사건은 BBC 기자의 협박 때문이었다는 점이 밝혀지며 영국에서 엄청난 이슈가 되고 있다.",
		"summary2": "영국 왕실의 비극을 가져온 이 사건은 BBC 인터뷰가 단초가 됐는데, 이 인터뷰가 사실은 BBC 기자의 협박, 그것도 거짓 자료를 이용한 협박 때문이었다는 점이 이번에 밝혀진 것이다. 언론윤리 문제는 물론, 왕실에 대한 영국인들의 관심이 이어지면서 '다이애나 인터뷰 사건'은 영국에서 엄청난 이슈가 되고 있다.",
		"summary3": null,
		"summary_3_cnt": null
	}
}