{
	"Meta(Acqusition)": {
		"doc_id": "REPORT-edit-10055",
		"doc_category": "REPORT",
		"doc_type": "edit",
		"doc_name": "이란의 한국 선박 억류에 미국 나섰다... 일촉즉발 상태",
		"author": null,
		"publisher": null,
		"publisher_year": null,
		"doc_origin": "월간조선"
	},
	"Meta(Refine)": {
		"passage_id": "REPORT-edit-10055-00001",
		"passage": "이란이 한국 국적 유조선을 억류한 후 미국 개입이 가시화되면서 국제 정세의 일촉즉발 상태가 가시화되고 있다. 한국 국적 화학 운반선 '한국케미'가 현지시간 4일 오전 10시께 호르무즈 해협의 오만 인근 해역에서 이란 혁명수비대에 나포되면서다.\n이란 혁명수비대는 \"해당 선박이 해양 환경 규제를 반복적으로 위반한 데 따른 것\"이라고 주장하면서 \"한국케미호는 남부 반다르아바스 항에 억류 중\"이라고 밝혔다.\n미국 국무부는 즉시 억류해제를 요구했다. 4일(미국 현지시각) 로이터통신에 따르면 미 국무부는 대변인 명의로 억류해제 요구와 함께 \"이란이 걸프만에서 항행의 자유를 위협하고, 대이란 제재 완화를 강요하려고 한다\"고 비판했다.\n국무부 대변인은 \"이란 정권이 페르시아만에서 항행의 권리와 자유를 위협하고 있는 것은 국제사회의 제재 압력 완화를 얻어내려는 명백한 시도의 일환\"이라면서 \"우리는 이란에 유조선을 즉각 억류해제하라는 한국의 요구에 동참한다\"고 말했다. 이란 외무부는 이와 관런해 \"기술적인(technical) 사안\"이라는 입장을 밝힌 상태다. 사이드 하티브자데 이란 외무부 대변인은 4일(현지시간) 한국케미호 나포와 관련해 \"지방 당국의 초기 보고에 따르면 이 사안은 완전히 기술적인 것이며, 해당 선박은 해양 오염에 대해 조사하라는 법원의 명령에 따라 조치된 것\"이라고 말했다. 이어 혁명수비대가 나포 전 경고했음에도 항행을 계속했다고 덧붙였다.\n",
		"passage_Cnt": 705
	},
	"Annotation": {
		"summary1": "이란이 한국 국적 유조선을 억류한 후 미국 개입이 가시화됐고 이란 혁명수비대는 한국케미호는 남부 반다르아바스 항에 억류 중이라고 밝혔다.",
		"summary2": "이란이 한국 국적 유조선을 억류한 후 미국 개입이 가시화되면서 국제 정세의 일촉즉발 상태가 가시화되고 있다. 이란 혁명수비대는 \"해당 선박이 해양 환경 규제를 반복적으로 위반한 데 따른 것\"이라고 주장하면서 \"한국케미호는 남부 반다르아바스 항에 억류 중\"이라고 밝혔다.",
		"summary3": null,
		"summary_3_cnt": null
	}
}