{
	"Meta(Acqusition)": {
		"doc_id": "REPORT-edit-20055",
		"doc_category": "REPORT",
		"doc_type": "edit",
		"doc_name": "日 기업 자산 강제매각 時 한국총영사관 폐쇄할 수도",
		"author": null,
		"publisher": null,
		"publisher_year": null,
		"doc_origin": "월간조선"
	},
	"Meta(Refine)": {
		"passage_id": "REPORT-edit-20055-00005",
		"passage": " 언론 보도에 따르면 큰 변수(變數)가 없는 한 한국 내 일본 기업 자산 강제매각이 현실화될 전망이다. 현시점에서 강제징용 문제에 대한 양국 간 합의는 거의 불가능하다.\n 일본은 이를 두고 1965년 6월 22일 체결된 한일기본조약을 뒤집는 행위라고 비난한다. 일본에 있어서 강제징용 문제는 한국만이 아니라 아시아 전체와 관련된 문제다. 자칫하면 제2차 세계대전 이후 중국·동남아시아 각국과 맺었던 조약 전부가 허물어질 수 있다. 그 때문에 한국과의 접점(接點)을 찾는 것은 거의 불가능하다.\n 미국을 모델로 한 일본의 ‘공격적’ 모노마네 외교는 이 같은 상황하에서 나타날 것이다. 앞에서 언급했던 총영사관 폐쇄는 결국 한일 모두 패자(敗者)가 될 수밖에 없는 선택이다. 그러나 일본 입장에서 보면 최소한 미국과 함께 간다는 메시지를 줄 수 있다. 중국에 대한 미국의 대응을 모노마네 하는 과정에서, WTO 분쟁해결기구 논의에서처럼 일본에 대한 미국의 응원도 기대할 수 있다. 설사 미국이 적극적으로 지지하지 않는다 해도 동병상련(同病相憐) 차원에서 일본에 반대하지는 않을 것이다.\n 자산 강제매각이 시행될 경우 한일갈등은 극에 달할 것이다. 총성·포성이 없는 ‘한일전쟁’이라 부를 만한 최악의 갈등이다. 1952년 1월 이승만라인(평화선)이 선포됐을 때와 비견할 만한 상황이다. 이 경우 총영사관 폐쇄를 포함한 도쿄발 보복이 시작될 것이다.\n 일본의 분위기를 보면 이는 아베 총리가 주도한다기보다 일본 국민이 원하고 있는 것 같다. 물론 한국은 ‘반일(反日) 애국’ 운동으로 대응해나갈 것이다. 일제(日製) 불매(不買) 운동은 당연한 수순이다. 싫든 좋든 한국은 반일 분위기로 달아오를 것이다.\n",
		"passage_Cnt": 838
	},
	"Annotation": {
		"summary1": "한국 내 일본 기업의 자산 강제매각을 두고 일본은 한일기본조약을 뒤집는 행위라며 비난한다.",
		"summary2": "언론 보도에 따르면 큰 변수(變數)가 없는 한 한국 내 일본 기업 자산 강제매각이 현실화될 전망이다. 일본은 이를 두고 1965년 6월 22일 체결된 한일기본조약을 뒤집는 행위라고 비난한다.",
		"summary3": null,
		"summary_3_cnt": null
	}
}