{
	"Meta(Acqusition)": {
		"doc_id": "REPORT-edit-20015",
		"doc_category": "REPORT",
		"doc_type": "edit",
		"doc_name": "“드레스 코드 무시는 無禮와 無知의 극치”",
		"author": null,
		"publisher": null,
		"publisher_year": null,
		"doc_origin": "월간조선"
	},
	"Meta(Refine)": {
		"passage_id": "REPORT-edit-20015-00004",
		"passage": " 의전(儀典)상 초대국은 첫날 G7 정상회의와 공식 만찬에 참석할 수 없다. 초대국은 본회의와 무관한 회의 둘째 날부터 친선 모임에나 참석할 수 있다.\n 한국만이 영국 연방국 이외 나라라는 자화자찬은 아전인수(我田引水)식 해석에 불과하다. 공교롭게도 올해에 한해 그런 식의 평가를 내릴 수는 있다. G7은 매년 열린다. 2018년 캐나다에서 열린 회의에는 베트남·방글라데시를 포함해 무려 12개국이 초대됐다. 2019년 프랑스 G7에서는 스페인을 비롯한 3개국이 초대됐다. 올해로 47번째 열린 G7 역사를 보면, 과거 초대국 중에 영국 연방국도 아니고 아시아에서 초대된 나라가 수십 개국에 이른다. 매년 돌아가면서 지역별·인종별·경제권역별로 초대하는 것이 G7 특별 이벤트 중 하나다. 따라서 2021년에야 한국이 초대국에 들어갔다는 사실 자체가 너무 늦은 것이라 볼 수 있다.\n G7이 백인 중심에다 아시아에서는 일본만이 멤버이기에 곧 한국도 들어갈 수 있다는 기대를 갖는 듯하지만, 천만의 말씀이다. 중국·러시아·스페인·인도네시아·나이지리아·아르헨티나·싱가포르 등이 모두 문을 두드리지만, 정식 멤버는 7개국으로 한정된다. 노벨상 수상이 발표되는 매년 10월이면 한국인 수상에 대한 기대감이 번지곤 하는 것처럼 한국이 곧 ‘G8’에 들어갈 수 있을 것이라는 발상 자체가 황당하다. 지구 아니 우주 전체가 서울을 중심으로 움직인다고 믿는 ‘한반도 신앙’에 불과하다.\n",
		"passage_Cnt": 711
	},
	"Annotation": {
		"summary1": "매년 돌아가면서 지역별, 인종별로 초대하는 것이 G7 특별 이벤트 중 하나로 2018년 캐나다에서 열린 회의에는 12개국이, 2019년 프랑스 G7에서는 3개국이 초대됐다.",
		"summary2": "2018년 캐나다에서 열린 회의에는 베트남·방글라데시를 포함해 무려 12개국이 초대됐다. 2019년 프랑스 G7에서는 스페인을 비롯한 3개국이 초대됐다. 매년 돌아가면서 지역별·인종별·경제권역별로 초대하는 것이 G7 특별 이벤트 중 하나다.",
		"summary3": null,
		"summary_3_cnt": null
	}
}