{
	"Meta(Acqusition)": {
		"doc_id": "REPORT-edit-00040",
		"doc_category": "REPORT",
		"doc_type": "edit",
		"doc_name": "【서봉대의 ‘되짚기’】 윤석열, 이재명에겐 ‘트라우마’가 있다? 없다?",
		"author": null,
		"publisher": null,
		"publisher_year": null,
		"doc_origin": "월간조선"
	},
	"Meta(Refine)": {
		"passage_id": "REPORT-edit-00040-00003",
		"passage": "하지만 야권 단일후보 협상이 논란을 거듭하던 끝에 안 후보가 출마 포기와 함께 문 후보 지지 입장을 밝히자 호남 민심은 대안 부재상황에 처하게 됐고 문 후보에게 몰표를 던졌다.\n반문정서는 4년뒤 총선에서 거세졌다. 문 대통령은 더불어민주당 대표시절이던 2016년 총선을 앞두고 호남표심에 비상이 걸리자 광주를 찾아 호남홀대론은 오해라며 “이곳에서 지지를 거두면 대선에 불출마하겠다”고 배수진까지 쳤으나 참패를 당했다. 8석이 걸려있던 광주에선 전패했을 정도였다.\n2017년 대선에서도 반문정서는 사라지지 않았다. 문재인 더불어민주당 후보가 호남권 지지율에서 국민의당 안철수 후보와 엎치락뒤치락했던 것. 다행히 호남표심이 선거전 막판 당선 가능성이 높은 후보를 찍겠다는 전략적 선택을 했던 덕에 문 후보는 안 후보를 누를 수 있었다.\n하지만 문 후보의 득표율은 호남지역에서 60%에 그쳤으며, 이는 안 후보가 중도 포기했던 직전 대선에서의 90%에는 훨씬 못 미쳤다.\n# 안철수 국민의당 대표에게는 후보단일화 트라우마가 있다.\n안 대표는 2012년 대선에 새정치 바람을 타고 무소속 후보로 출마, 여론지지율에서 문재인 민주통합당 후보를 제치고 집권당인 새누리당의 박근혜 후보에 이어 2위를 차지하는 등 급부상했다. 반문 정서가 강했던 호남도 안 후보 쪽으로 쏠렸다.\n하지만 대선 막판 야권 후보단일화를 추진했던 게 안 후보에겐 패착이었다. 문 후보와의 단일화 협상에 나서면서 지지율이 하락세를 보였고 협상 과정에서 진통을 거듭하다 중도 사퇴, 대권 꿈을 접었던 것.\n",
		"passage_Cnt": 764
	},
	"Annotation": {
		"summary1": "더불어민주당 후보가 호남권 지지율에서 국민의당 후보와 엎치락 뒤치락 했지만 호남 표심이 당선 가능성이 높은 후보를 찍겠다는 전략적 선택으로 문 후보가 안 후보를 누를 수 있었다.",
		"summary2": "문재인 더불어민주당 후보가 호남권 지지율에서 국민의당 안철수 후보와 엎치락뒤치락했던 것. 다행히 호남표심이 선거전 막판 당선 가능성이 높은 후보를 찍겠다는 전략적 선택을 했던 덕에 문 후보는 안 후보를 누를 수 있었다.",
		"summary3": null,
		"summary_3_cnt": null
	}
}