{
	"Meta(Acqusition)": {
		"doc_id": "REPORT-edit-20020",
		"doc_category": "REPORT",
		"doc_type": "edit",
		"doc_name": "정부 TF, “오염수 방류, 한국에 끼칠 영향 미미”(2020년 10월)",
		"author": null,
		"publisher": null,
		"publisher_year": null,
		"doc_origin": "월간조선"
	},
	"Meta(Refine)": {
		"passage_id": "REPORT-edit-20020-00006",
		"passage": " 대한방사선방어학회 김교윤 회장은 지난해 12월 위 논문의 수치를 인용해 기고문을 작성했다. 그중 일부를 소개한다.\n 〈해양 방출일 경우 일본과 한국의 일반인이 받을 방사선 선량은 각각 연간 0.85μSv(마이크로시버트)와 연간 0.000014μSv로 평가됐다. 피폭선량 수준은 일반인의 연간 선량한도인 1mSv(1000μSv)보다 훨씬 낮아서 우리 국민에게 미치는 방사선 영향은 거의 없을 것으로 판단하고 있다.〉\n 시버트(Sv·sievert)는 인체에 미치는 방사선의 측정 단위로 방사선을 흡수했을 때 생물학적으로 동일한 효과를 나타내는 방사선량이다. 선량한도는 인체에 해가 없다고 생각되는 방사선의 양적 한계이다.\n 방사선이 인체에 미치는 정도는 주로 mSv로 나타낸다. 1mSv는 1Sv(시버트)의 1000분의 1이고, 1μSv는 1mSv의 1000분의 1이다. 흉부 엑스레이를 1회 촬영하면 약 0.04mSv의 방사선에 노출된다.\n 카이스트 원자력 및 양자공학과 조규성 교수가 공개한 ‘방사선표’에 따르면, 서울에 거주하는 이들의 연간 피폭선량(被曝線量)은 3.1mSv이다. 반면 도쿄에 거주하는 이들은 피폭선량이 1.5mSv이다. 이는 화강암 지대가 많은 우리나라 특성상 자연방사선의 영향을 더 받기 때문이다.\n 1000mSv(1Sv)에 피폭될 경우, 백내장 또는 메스꺼움을 경험한다. 피폭선량이 4000mSv(4Sv)에 이르면 50%가 2개월 이내에 사망한다.\n",
		"passage_Cnt": 713
	},
	"Annotation": {
		"summary1": "방사선이 인체에 미치는 정도는 주로 mSv로 나타내는데 흉부 엑스레이 1회에 약 0.04mSv의 방사선에 노출되고 서울에 거주하는 이들의 연간 피폭선량은 3.1mSv이다.",
		"summary2": "방사선이 인체에 미치는 정도는 주로 mSv로 나타낸다. 카이스트 원자력 및 양자공학과 조규성 교수가 공개한 ‘방사선표’에 따르면, 서울에 거주하는 이들의 연간 피폭선량(被曝線量)은 3.1mSv이다. 흉부 엑스레이를 1회 촬영하면 약 0.04mSv의 방사선에 노출된다.",
		"summary3": null,
		"summary_3_cnt": null
	}
}