{
	"Meta(Acqusition)": {
		"doc_id": "REPORT-edit-20001",
		"doc_category": "REPORT",
		"doc_type": "edit",
		"doc_name": "드골-아데나워, 獨佛 화해를 넘어 유럽 통합의 길을 열다!",
		"author": null,
		"publisher": null,
		"publisher_year": null,
		"doc_origin": "월간조선"
	},
	"Meta(Refine)": {
		"passage_id": "REPORT-edit-20001-00002",
		"passage": " 브뤼셀에서 남쪽으로 달려 룩셈부르크를 지나 프랑스의 스당으로 가는 길은 아르덴 숲을 지난다. 아르덴 숲 지대는 면적이 경상남도 정도이고 벨기에-룩셈부르크-프랑스에 걸쳐 있으며 아름드리나무로 울창하다. 언덕과 낮은 야산, 그리고 평지의 연속이다. 프랑스군이, 독일 전차군단은 이 숲 지대를 통과하기 어려울 것이라 판단, 방어에 소홀했다가 당한 것이 이해도 되었다. 프랑스는 아르덴 지역을 지나는 뮤즈강이 자연적 방어망이라 생각했다.\n 스당은 군사도시여서인지, 두 번의 결정적 패전(敗戰)의 현장이어서인지 무거운 분위기였다. 유럽에서 가장 크다는 중세(中世)의 성곽엔 군사박물관이 있었고 보불(普佛)전쟁 기록이 많았다. 프랑스 군인들이 단체로 입장, 패전의 교훈을 되새기고 있었다. 스당 시내를 가르는 뮤즈강은 너비가 100m 내외였다. 독일군 전차군단은 1800대의 전차와 3만 대가 넘는 차량으로 50여 시간에 걸쳐 아르덴 숲을 통과한 뒤 이 뮤즈강을 건넌다.\n 대안(對岸)에서 진지를 구축했던 프랑스군은 독일 전폭기의 맹폭(猛爆)을 견디지 못하고 공포에 질려 달아났다. 프랑스 공군이 만약 아르덴 숲속에서 교통체증을 겪고 있는 독일 전차군단을 발견, 폭격했더라면 제2차 세계대전은 거기서 끝났을지 모른다. 실제로 한 프랑스 정찰기는 숲속에 엉켜 있는 어마어마한 기갑부대를 발견, 상부에 보고하였으나 “잘못 봤겠지. 거기에 독일군이 있을 리 없다”며 묵살당했다.\n",
		"passage_Cnt": 708
	},
	"Annotation": {
		"summary1": "브뤼셀에서 프랑스의 스당으로 가는 길은 아름드리나무로 울창한 아르덴 숲을 지난다.",
		"summary2": "브뤼셀에서 남쪽으로 달려 룩셈부르크를 지나 프랑스의 스당으로 가는 길은 아르덴 숲을 지난다. 아르덴 숲 지대는 면적이 경상남도 정도이고 벨기에-룩셈부르크-프랑스에 걸쳐 있으며 아름드리나무로 울창하다.",
		"summary3": null,
		"summary_3_cnt": null
	}
}