{
	"Meta(Acqusition)": {
		"doc_id": "REPORT-edit-20017",
		"doc_category": "REPORT",
		"doc_type": "edit",
		"doc_name": "“한국 정부는 중국 공산당에 우호적”",
		"author": null,
		"publisher": null,
		"publisher_year": null,
		"doc_origin": "월간조선"
	},
	"Meta(Refine)": {
		"passage_id": "REPORT-edit-20017-00009",
		"passage": " ― 영화 제작 이후인가요.\n “영화를 제작하기 전이었어요. 그때 저는 캐나다에서 중국을 알리는 보도를 하고 있었어요. 일종의 독립언론이었죠. 중국 정부는 제가 누군지 알고 있었던 거예요. 대사관 직원에게 애원했어요. ‘아버지가 너무 편찮으시다, 나를 보고 싶어 한다, 제발 비자를 달라’고. 아무 말 없이 전화를 끊더군요.”\n ― 결국 비자를 못 받았나요.\n “중국대사관에 갔어요. 비자를 안 준다는 거예요. 왜냐고 물었어요. 답이 돌아왔어요. ‘당신이 이유를 알지 않느냐’고. 중국은 경찰국가예요. 누구든 감시당해요. 결국 아버지의 임종을 못 지켰어요.”\n 중국 기업 화웨이의 최고재무책임자(CFO)이자 부회장인 멍완저우(孟晩舟)가 캐나다에서 체포됐다. 중국 정부는 지난해에만 3명의 캐나다인에게 사형선고를 내렸다. 리우 감독은 중국에 가지 않는 편이 나을 것 같았다.\n 그는 영화가 끝난 후 질의응답 시간에 이런 말을 했다. “한국 정부는 중국 공산당에 우호적”이라고. 이 말에 대해 다시 물었다.\n “최소한 중국 공산당에 반대하지 않는 것 같아요. 공자학원에 대한 연구와 개인적인 경험으로 미뤄보면, 정부와 지자체가 허가해야 공자학원이 들어서요. 모든 나라에서 마찬가지예요. 세계 거의 모든 나라의 정부는 중국과 경제 교류를 하고 싶어 해요. 중국 정권이 좋은 정부가 아니라는 걸 모두 알아요. 지적재산권을 훼손하고 기밀을 훔치고 모조품을 만들고, 부패했죠. 코로나19도 중국에서 시작됐잖아요. 그런데도 중국 정부와 연관되고 싶어 해요. 결국 돈 때문이에요.”\n",
		"passage_Cnt": 766
	},
	"Annotation": {
		"summary1": "리우 감독은 질의응답 시간에 한국 정부가 중국 공산당에 우호적이라고 말했다.",
		"summary2": "리우 감독은 중국에 가지 않는 편이 나을 것 같았다. 그는 영화가 끝난 후 질의응답 시간에 이런 말을 했다. “한국 정부는 중국 공산당에 우호적”이라고.",
		"summary3": null,
		"summary_3_cnt": null
	}
}