{
	"Meta(Acqusition)": {
		"doc_id": "REPORT-edit-20052",
		"doc_category": "REPORT",
		"doc_type": "edit",
		"doc_name": "돈으로 통일을 샀다!",
		"author": null,
		"publisher": null,
		"publisher_year": null,
		"doc_origin": "월간조선"
	},
	"Meta(Refine)": {
		"passage_id": "REPORT-edit-20052-00001",
		"passage": " 베를린장벽은 1949년 이래 12년 동안 260만 인구를 빼앗긴 동독의 마지막 카드였다. 1961년 8월 13일 첫 삽을 뜬 후, 한 달 만에 장벽을 세웠다. 세계는 장벽을 주목했다. 착공 3일 만에 국경수비대원 콘라드 슈만(19)이 탈출해 제1호 탈출자가 되었다. 마지막은 1989년 2월의 크리스 구에프로이(19)였다. 슈만은 성공했고 구에프로이는 사살되었다.\n 이 비극이 28년 만인 1989년 11월 9일 베를린장벽이 무너지면서 끝났다. “베를린장벽은 자기방어의 상징이다. 함부로 허물려 말라”고 했던 ‘동방정책의 주역’ 에곤 바르가 떠오르는 순간이다. 독선과 이념에 사로잡혔던 그의 행각은 일간지 《디벨트》의 한참 후인 2014년 11월4일자 보도에서도 확인되었다. 제목은 ‘베를린장벽이 붕괴되자 행방불명이 된 에곤 바르’, 그는 11월 10일 장벽 해체 기념행사에 몸퍼(사민당) 베를린 시장의 초청에 응한다고 하고 나타나지 않았다.\n 1989년 12월 28일 헬무트 콜 서독 총리는 동독 드레스덴을 방문했다. 동독 공산 정권은 콜의 방문을 사회주의통일당(공산당)을 살릴 최후의 기회로 보았다. 개혁파 공산주의자 한스 모드로 총리가 나섰다. 그가 내민 카드는 40년간 금기였던 통일 카드였다. 그는 동·서독 경제공동체를 제안하며 긴급자금 150억 마르크를 요청했다.\n 콜의 대응은 놀랍도록 차분했다. 모드로의 요구를 전면 수용하는 대신, 한 가지 조건을 내세웠다. 자유·비밀·평등 선거를 통한 합법적 정권이 아니면 협상이 불가능하다는 조건이었다. 결국 1990년 3월 18일 동독 최초이자 최후의 자유선거가 치러졌다. \n",
		"passage_Cnt": 801
	},
	"Annotation": {
		"summary1": "콜 서독 총리의 동독 방문을 공산당을 살릴 최후의 기회로 본 동독 공산 정권은 동·서독 경제공동체를 제안하면 긴급자금을 요청했다.",
		"summary2": "1989년 12월 28일 헬무트 콜 서독 총리는 동독 드레스덴을 방문했다. 동독 공산 정권은 콜의 방문을 사회주의통일당(공산당)을 살릴 최후의 기회로 보았다. 그는 동·서독 경제공동체를 제안하며 긴급자금 150억 마르크를 요청했다.",
		"summary3": null,
		"summary_3_cnt": null
	}
}