{
	"Meta(Acqusition)": {
		"doc_id": "REPORT-edit-20040",
		"doc_category": "REPORT",
		"doc_type": "edit",
		"doc_name": "미국 大選 구경하기",
		"author": null,
		"publisher": null,
		"publisher_year": null,
		"doc_origin": "월간조선"
	},
	"Meta(Refine)": {
		"passage_id": "REPORT-edit-20040-00012",
		"passage": " ‘매카시 선풍’으로 유명한 조지프 R. 매카시 상원의원의 몰락을 부른 것은 한 변호사의 결정적 질문이었다. 매카시는 1950년 정부에 수백명의 소련 간첩이 침투하였다고 폭로해서 유명해졌다. 한국전과 중공군 개입으로 위기감을 느낀 대중을 자극하기 좋은 소재였다. 상원에 관련 조사위원회가 만들어지고 그 위원장이 되자 그는 수백명을 증인으로 불러 텔레비전 중계하에 지독한 신문을 했다. 1954년엔 육군을 공격 대상으로 삼았다. 지휘부에 간첩이 침투하였다는 의혹을 제기하자 육군도 변호사를 고용해서 대응했다. 보스턴에서 개업 중이던 조셉 웰치 변호사는 그해 6월 9일 상원 청문회에 출석했다. 매카시는 웰치의 한 동료 변호사가 공산주의 조직과 관련 있다면서 캐고 들었다. 웰치 변호사가 반격을 개시하였는데 그는 이렇게 말을 꺼냈다.\n “이 순간까지 나는 귀하의 잔인함이나 멋대로 행동하는 것에 대하여 계량해본 적이 없지만….”\n 놀란 매카시가 공격을 계속하려고 하자, 웰치는 그의 말을 중간에 끊고 화를 내면서 유명한 한마디를 던졌다.\n “상원의원, 이 젊은이를 더 이상 죽이려 들지 마세요. 당신은 충분히 했잖아요. 귀하는 예의라는 걸 모릅니까? (Have you no sense of decency?)”\n 이 말에 시청자들은 박수를 쳤다. 그동안 매카시의 무례한 행태에 숨죽이고 있던 사람들의 울분을 대변한 이 한마디 말에 매카시는 무너졌다. 그에 대한 공포심이 사라지자, 그는 하루아침에 조롱거리가 되었다. 상원은 그를 징계했고 공화당은 그를 추방하였다. 3년 뒤 그는 비참한 모습으로 죽었다.\n",
		"passage_Cnt": 783
	},
	"Annotation": {
		"summary1": "매카시 선풍으로 유명한 매카시 상원의원은 한 변호사의 귀하는 예의라는 걸 모르냐는 질문에 무너졌다.",
		"summary2": "‘매카시 선풍’으로 유명한 조지프 R. 매카시 상원의원의 몰락을 부른 것은 한 변호사의 결정적 질문이었다. “상원의원, 이 젊은이를 더 이상 죽이려 들지 마세요. 당신은 충분히 했잖아요. 귀하는 예의라는 걸 모릅니까? (Have you no sense of decency?)” 이 말에 시청자들은 박수를 쳤다. 그동안 매카시의 무례한 행태에 숨죽이고 있던 사람들의 울분을 대변한 이 한마디 말에 매카시는 무너졌다.",
		"summary3": null,
		"summary_3_cnt": null
	}
}