{
	"Meta(Acqusition)": {
		"doc_id": "REPORT-edit-00047",
		"doc_category": "REPORT",
		"doc_type": "edit",
		"doc_name": "【이상곤의 ‘흐름’】 이준석의 前과 後 “당내 대선 구도 바뀌나?”",
		"author": null,
		"publisher": null,
		"publisher_year": null,
		"doc_origin": "월간조선"
	},
	"Meta(Refine)": {
		"passage_id": "REPORT-edit-00047-00001",
		"passage": "국민의힘 이준석 체제가 들어섰다. 36세 (0)선의 청년 당대표가 들어서자 정가가 발칸 뒤집혔다. 102석의 제1야당, 그것도 보수정당의 당 대표를 30대 청년이 맡다니 가히 우리 정치에서 경천동지할 일이다. 전두환, 노태우는 거론할 필요 없고 김영삼, 이회창, 이명박, 박근혜, 황교안으로 이어지던 대세 명망가, 꼰대 중심 정당에 국회의원 한 번도 못해본 이준석 당 대표라니 정말 놀라운 일이 아닐 수 없다.\n그런데 또 놀라운 일이 있다. 이미 야권의 대선주자가 결정된 것이나 마찬가지이던 야권에 이준석 ‘전과 후’가 달라진 것이다. 이준석 당 대표 전만해도 국민의힘은 내년 대선후보가 정해진 것이나 마찬가지였다. 비록 당외 인사이긴 해도 윤석열 전 검찰총장이 부동의 1위였다. 전당대회 내내 윤 전 총장 모시기가 최대의 화두였다. 윤 전 총장 입당을 위해 누가 당 대표로 적합하냐가 최대 논란거리였다.\n그런데 지금은 달라졌다. 윤 전 총장의 압도적 여론조사 지지율에 맥을 못추던 당내 인사들이 기를 펴기 시작했다. 대표적으로 유승민 전 의원이다. 덩달아 원희룡 제주지사도 꿈틀댄다. 김태호 의원 등 숨은 당내 인사도 몸을 풀 태세다. ‘윤석열 대세론‘에 막혀 기를 못 피던 이들이 ’이준석 바람’에 몸을 ‘두둥실’ 실었다.\n실제로 이 대표는 당선된 후 ‘윤석열 대세론‘에 전혀 밀리지 않는다. 심지어는 윤 전 총장 측과 ’기싸움‘도 벌인다.\n언론 인터뷰에서 “윤석열의 반부패 이미지가 자체 발광이냐, 반사체냐”면서 “윤 전 총장은 문재인 정부의 모순이 부각돼야 하는 것 아니냐”고 말했다. 국민의힘 대선 경선 일정과 관련해서는 8월에 경선 버스는 정시(定時)에 출발한다는 점을 분명히 했다. 그는 “대선은 특정인을 위해 치러지는 이벤트가 아니다”며 “8월에 탑승할 분들 일정에 맞춰 갈 것”이라고 말했다.\n",
		"passage_Cnt": 901
	},
	"Annotation": {
		"summary1": "국민의 힘 이 씨 체제가 들었는데 36세의 청년 당대표가 들어서자 정가가 뒤집혔고 우리 정체에서는 경천동지할 일이다.",
		"summary2": "국민의힘 이준석 체제가 들어섰다. 36세 (0)선의 청년 당대표가 들어서자 정가가 발칸 뒤집혔다. 102석의 제1야당, 그것도 보수정당의 당 대표를 30대 청년이 맡다니 가히 우리 정치에서 경천동지할 일이다.",
		"summary3": null,
		"summary_3_cnt": null
	}
}