{
	"Meta(Acqusition)": {
		"doc_id": "REPORT-edit-00086",
		"doc_category": "REPORT",
		"doc_type": "edit",
		"doc_name": "【이상곤의 ‘흐름’】 ‘부패한 진보’를 소환한 사람들",
		"author": null,
		"publisher": null,
		"publisher_year": null,
		"doc_origin": "월간조선"
	},
	"Meta(Refine)": {
		"passage_id": "REPORT-edit-00086-00002",
		"passage": "윤미향의‘위안부 장사’의혹도 조국과 함께 국제적 망신 사례에 포함됐다.\n미 국무부는 윤미향 의원의‘위안부 기금유용’혐의를 부패항목에 담았다.보고서는“9월 검찰은 초선 의원 윤미향을 일본군 위안부를 지원하는 비정부기구(NGO)인'일본군 성노예제 문제 해결을 위한 정의기억연대(정의연)'이사장 재직 기간에 사기,업무상 횡령,직무 유기 및 자금 유용과 관련한 기타 범죄를 저지른 혐의로 기소했다”고 소개했다.\n대표적인 부동산 어벤져스인‘흑석 선생’김의겸의 등장도 달갑지 않다.청와대 재직 시절 부동산‘영끌 투자’로 대변인에서 물러났던 그가 열린민주당 김진애 의원의 사퇴로 비례대표 의원직을 승계 받은 것이다.\nLH사태로 공분을 사고 있는 여권으로서는‘아닌 밤중에 홍두깨’격이다.지난4·15총선 때 이같은 부작용을 우려해 공천 탈락시킨 그가 우회로로 여론의 전면에 등장해 버린 것이다.\n더욱이 서울 흑석동 재개발 상가를25억7000만원에 사들였다 되팔아 거액의 차익을 남긴 그가 국토교통위원회로 배정될 예정이어서 더욱 가관이다.이해충돌을 넘어 정권의 도덕성에 치명타가 됐다.\n서울시장 보궐선거를 초래한 장본인인 고 박원순 전 서울시장은 가만둬도 선거 논란의 대상인데 임종석 전 대통령비서실장이 재소환했다. 23일“박원순이 정말 몹쓸 사람이었나”라며‘2차가해’논란을 일으키더니24일에는 박 전시장의 재임시절 성과를 줄줄이 언급하며 재평가를 요구했다.\n여당 박영선 서울 시장 후보가 애가 타“도움이 안 되니 삼가 달라”고 해도 임 전 실장은 막무가내다.\n",
		"passage_Cnt": 752
	},
	"Annotation": {
		"summary1": "미 국무부는 윤 의원의 위안부 기금유용 혐의를 부패항목에 담아 국제적 망신 사례에 포함됐다.",
		"summary2": "미 국무부는 윤미향 의원의‘위안부 기금유용’혐의를 부패항목에 담았다. 윤미향의‘위안부 장사’의혹도 조국과 함께 국제적 망신 사례에 포함됐다.",
		"summary3": null,
		"summary_3_cnt": null
	}
}