{
	"Meta(Acqusition)": {
		"doc_id": "REPORT-edit-00091",
		"doc_category": "REPORT",
		"doc_type": "edit",
		"doc_name": "LH 사태 공분 들끓는데... 변창흠 국토부 장관도 못 자르는 ‘식물 대통령?’",
		"author": null,
		"publisher": null,
		"publisher_year": null,
		"doc_origin": "월간조선"
	},
	"Meta(Refine)": {
		"passage_id": "REPORT-edit-00091-00003",
		"passage": "지난 4년 문 대통령 집권 기간을 보면 참모들과 측근이란 사람들의 ‘문재인 패싱’은 가관이다. 일례로 본인과 가족의 비위로 현재 검찰 기소 상태인 조국 전 법무장관은 소위 ‘언더’에서 민주당 친문 의원들을 ‘홍위병’ 부리듯 하고 있다. 지난달 16일 페이스북에 “6대 범죄 전담수사기관을 만들면 수사와 기소가 분리돼 검찰개혁의 마지막 단추가 채워지게 된다”고 하자 민주당 초선 강경파가 ‘중수청법’ 깃발을 보란 듯이 들었다. 나중에 대통령이 속도를 조절하라 해도 귓등으로도 안 들었다.\n‘문 대통령의 입’이었던 김의겸 전 청와대 대변인이 열린 민주당 비례대표로 국회의원이 된 일은 어떤가. 청와대 관사로 온 식구가 살림을 옮긴 부동산 투기로 ‘관사 재테크’라는 비난을 받았던 사람이 버젓이 ‘우회 등원’을 했다. 보통 사람이라면 낯부끄러워 얼굴을 못 들 텐데 문 대통령 참모들은 이런 일도 태연히 하고 있다.\n문 대통령은 변호사 출신에 일천한 정치 경험 때문에 링컨 대통령과 자주 비교된다. 그런데 링컨 대통령이 백악관 참모들에게 포위돼 일을 그르쳤다는 말은 못 들어봤다. 링컨 대통령도 똑똑하고 이기적인 참모들 때문에 맘고생이 심했다는 이야기는 있다. 하지만 타고난 기질과 수양으로 적재적소에 이들을 배치, 남북 전쟁 와중에도 재선 고지를 달성했다. 문 대통령도 늦었지만 참모들 관리에 좀 더 신경을 써야 하지 않을까. 이미 ‘식물 대통령’이란 소리를 듣고 있지만 말이다.\n",
		"passage_Cnt": 714
	},
	"Annotation": {
		"summary1": "문 대통령 집권기간을 보면 측근이란 사람들의 문재인 패싱이 가관인데 일례로 본인과 가족의 비위로 현재 검찰 기소 상태인 조 전 법무장관은 민주당 친문 의원들을 부리듯 하고 있다.",
		"summary2": "지난 4년 문 대통령 집권 기간을 보면 참모들과 측근이란 사람들의 ‘문재인 패싱’은 가관이다. 일례로 본인과 가족의 비위로 현재 검찰 기소 상태인 조국 전 법무장관은 소위 ‘언더’에서 민주당 친문 의원들을 ‘홍위병’ 부리듯 하고 있다.",
		"summary3": null,
		"summary_3_cnt": null
	}
}