{
	"Meta(Acqusition)": {
		"doc_id": "REPORT-edit-20013",
		"doc_category": "REPORT",
		"doc_type": "edit",
		"doc_name": "나폴레옹은 누구에게 졌나?",
		"author": null,
		"publisher": null,
		"publisher_year": null,
		"doc_origin": "월간조선"
	},
	"Meta(Refine)": {
		"passage_id": "REPORT-edit-20013-00003",
		"passage": " 1815년 6월 18일 워털루 결전은 약 20년간 유럽 대륙을 석권하였던 나폴레옹 군대를 파멸로 몰고 가, 루이 14세 전후부터 약 200년간 패권(覇權)국가 행세를 하던 프랑스를 내려 앉혔다. 1789년 일어난 프랑스대혁명 이후 25년간 진행된 대격동의 시대가 지고 19세기의 새로운 격변이 시작된다. 프로이센과 러시아가 강대해지기 시작하고(독일 통일로 이어진다), 영국은 라이벌을 제거함으로써 ‘팍스 브리태니커’ 시대를 연다. 영국은 늘 마지막 전투에서 이긴다는 말이 있다. 전광석화의 군사적 천재 나폴레옹에게 이긴 웰링턴은 우직하고 끈질긴 지휘관이었다.\n 워털루 전투는 그로부터 3년 전 러시아 원정 실패의 결산이었다. 1799년, 프랑스대혁명 10년 뒤 쿠데타를 일으켜 29세에 집권한 나폴레옹은 1804년에 황제가 되고 그 이듬해 숙적 영국을 치려다가 트라팔가르 해전(海戰)에서 넬슨 제독이 이끄는 함대에 의하여 저지된다. 넬슨은 이순신(李舜臣)처럼 목숨을 바쳤다. 19세기 영국의 가장 유명한 두 장군 넬슨과 웰링턴은 나폴레옹 덕분에 역사적 인물이 되었다.\n 트라팔가르 해전에도 불구하고 1805년은 나폴레옹 최고의 해였다. 그해 12월 2일 지금의 체코 브르노 근방 아우스터리츠에서 벌어졌던 이른바 ‘3제회전(三帝會戰)’에서 나폴레옹군 7만5000명은 러시아 알렉산드르 1세와 오스트리아(신성로마제국) 프란츠 2세가 이끈 동맹군 8만5000명을 격파(사상자 2만7000명), 사실상 유럽 대륙의 패권을 잡게 된다(이 전투 패배로 오스트리아 황제가 겸하던 신성로마제국도 거의 1000년 만에 해체되었다). 아우스터리츠 전투는 나폴레옹의 거의 예술적 지휘로 그의 최고 걸작품으로 평가된다.\n",
		"passage_Cnt": 840
	},
	"Annotation": {
		"summary1": "나폴레옹 최고의 해였던 1805년 12월 2일 3제회전에서 나폴레옹군은 러시아 알렉산드르 1세와 오스트리아 프란츠 2세가 이끈 동맹군을 격파하고 유럽 대륙의 패권을 잡게 된다.",
		"summary2": "트라팔가르 해전에도 불구하고 1805년은 나폴레옹 최고의 해였다. 그해 12월 2일 지금의 체코 브르노 근방 아우스터리츠에서 벌어졌던 이른바 ‘3제회전(三帝會戰)’에서 나폴레옹군 7만5000명은 러시아 알렉산드르 1세와 오스트리아(신성로마제국) 프란츠 2세가 이끈 동맹군 8만5000명을 격파(사상자 2만7000명), 사실상 유럽 대륙의 패권을 잡게 된다(이 전투 패배로 오스트리아 황제가 겸하던 신성로마제국도 거의 1000년 만에 해체되었다).",
		"summary3": null,
		"summary_3_cnt": null
	}
}