{
	"Meta(Acqusition)": {
		"doc_id": "REPORT-edit-20050",
		"doc_category": "REPORT",
		"doc_type": "edit",
		"doc_name": "“민주주의적 가치관보다 同族 개념 우선하는 건 위험”",
		"author": null,
		"publisher": null,
		"publisher_year": null,
		"doc_origin": "월간조선"
	},
	"Meta(Refine)": {
		"passage_id": "REPORT-edit-20050-00002",
		"passage": " ― 그때 어떤 느낌이 들었습니까.\n “사실 베를린장벽 붕괴 이전에도 동독 정권이 무너질 것이라는 생각은 해왔습니다. 그해 여름 헝가리에서 휴가 중이던 동독인들이 헝가리-오스트리아 국경을 넘어 서독으로 탈출하기 시작했고, 체코슬로바키아 프라하에 있는 서독대사관으로도 동독 사람들이 몰려들지 않았어요? 또 베를린장벽 붕괴 3개월 전, 장벽 붕괴 후 총리가 되는 동독 사회주의통일당(공산당)의 한스 모드로가 소련을 방문, 고르바초프에게 차관(借款)을 요청했다가 거절당한 일이 있었습니다. 당시 고르바초프는 ‘우리도 글라스노스트(개방), 페레스트로이카(신사고·혁신)를 빨리 진척시켜야 하는 상황이라 당신들을 도와줄 겨를이 없다’고 말했다고 합니다. 이런 이유에서 동독의 붕괴는 피할 수 없다고 여기고 있었습니다.”\n ― 그럼 베를린장벽 붕괴가 독일 통일로 이어질 것이라는 생각도 했습니까.\n 이 질문에 대해 박 교수는 놀라울 정도로 단호한 음성으로 “천만에!”라고 답했다. 동독 공산 정권 붕괴는 일찍부터 예상했다면서 통일은 예상하지 못했다니 의외였다.\n ― 왜 그런 생각을 했습니까.\n “1973년 서독 보훔대학에서 교수 자격을 취득하기 위한 하빌리타치온(Habilitation) 논문을 쓰게 됐을 때, 지도교수는 ‘언젠가 공산권이 망할 텐데, 그때 어떻게 공산주의 경제를 자본주의 경제로 전환시킬 수 있을지에 대한 논문을 써보라’고 했습니다. 당시 공산권 경제에 관한 자료들이 그렇게 많은 건 아니었지만, 그 논문을 쓰려고 어렵게 구해서 연구해보니 공산권과 서방의 경제 격차가 무척 크다는 걸 알 수 있었습니다. 그때만 해도 서방 일부에서는 소련이나 동독은 물론 중국·북한·쿠바 경제도 잘 돌아가고 있다고 박수를 보내는 사람들이 있었는데, 막상 들여다보니 그게 아니었어요. 엉망이었습니다. 유럽 통합의 경우에서도 그렇지만, 서로 경제 수준이 비슷해야 가능한 겁니다.\n",
		"passage_Cnt": 932
	},
	"Annotation": {
		"summary1": "베를린장벽 붕괴 이전에 소련의 고르바초프에게 차관을 요청했다가 거절당한 일이 있어 동독의 붕괴는 피할 수 없다고 여겼다. ",
		"summary2": "또 베를린장벽 붕괴 3개월 전, 장벽 붕괴 후 총리가 되는 동독 사회주의통일당(공산당)의 한스 모드로가 소련을 방문, 고르바초프에게 차관(借款)을 요청했다가 거절당한 일이 있었습니다. 이런 이유에서 동독의 붕괴는 피할 수 없다고 여기고 있었습니다. 사실 베를린장벽 붕괴 이전에도 동독 정권이 무너질 것이라는 생각은 해왔습니다.",
		"summary3": null,
		"summary_3_cnt": null
	}
}