{
	"Meta(Acqusition)": {
		"doc_id": "REPORT-edit-20058",
		"doc_category": "REPORT",
		"doc_type": "edit",
		"doc_name": "쇄국 외교의 한국, 글로벌 플레이어 일본",
		"author": null,
		"publisher": null,
		"publisher_year": null,
		"doc_origin": "월간조선"
	},
	"Meta(Refine)": {
		"passage_id": "REPORT-edit-20058-00010",
		"passage": " 꽉 막힌 한일관계는 앞으로 어떻게 진행될까? 한국은 ‘일본 없이도 잘살 수 있다’는 주체론·자립론으로 나아갈 듯하다.\n 추측건대, 75주년을 맞는 2020년 광복절도 반일 성토로 도배를 할 듯하다. 한국 법원의 일제 강제징용공 배상 판결과 관련해 일본 기업의 한국 내 재산 매각도 강행될 전망이다. 일본은 한국이 강제 매각을 강행할 경우에 대비한 보복안(案)을 준비하고 있다고 한다. 두 나라 모두 한 치의 양보도 없고, 앞으로 개선될 조짐도 없다.\n 이 같은 척박한 현실은 결국 양국 국민 개개인에게 확산되는 형세다. 한일 간 무(無)비자 입국 문제도 그중 하나다. 전염병 때문에 막혔다고는 하지만 한일 간 무비자 입국도 당분간 시행되기 어려울 전망이다.\n 양국의 정치일정도 국민들의 이동을 막는 요인이다. 일본은 7월 들어 10월 총선 분위기로 나아가고 있다. 아베 내각의 잇따른 스캔들과 코로나19 확산에 따른 국민적 불안과 불만을 잠재울 ‘새로운 판’에 대한 구상이 일본 정가(政街)에 퍼져나가고 있다. 여기에는 일단 아베가 선두에 서겠지만 아베의 뒤를 이을 후계자도 총선을 통해 데뷔할 전망이다.\n 선거가 치러진다면, 11월 미국 대선(大選) 당선자에 상응하는 지도체제 개편도 이뤄질 것이다. 자민당이 승리한다는 가정하에 아베가 재등장할 가능성이 높다. 그러나 만에 하나 아베가 아니라 해도 아베의 정책을 잇는 ‘아베 아바타’가 뒤를 이을 것은 분명하다.\n",
		"passage_Cnt": 709
	},
	"Annotation": {
		"summary1": "앞으로 한국은 일본 없이도 잘살 수 있다는 주체론·자립론으로 나아갈 듯하다.",
		"summary2": "꽉 막힌 한일관계는 앞으로 어떻게 진행될까? 한국은 ‘일본 없이도 잘살 수 있다’는 주체론·자립론으로 나아갈 듯하다.",
		"summary3": null,
		"summary_3_cnt": null
	}
}