{
	"Meta(Acqusition)": {
		"doc_id": "REPORT-edit-20019",
		"doc_category": "REPORT",
		"doc_type": "edit",
		"doc_name": "“한국은 한국인 생각 이상으로 미국이 중시하는 나라”",
		"author": null,
		"publisher": null,
		"publisher_year": null,
		"doc_origin": "월간조선"
	},
	"Meta(Refine)": {
		"passage_id": "REPORT-edit-20019-00004",
		"passage": " ― 아베(安倍) 전 총리, 스가(菅) 현 총리에서 볼 수 있지만, 코로나19 팬데믹과 관련해 총리가 과학자와 함께 대국민 기자회견에 나서게 됐다. 사령탑으로서의 정치가와 과학자의 결합인데, 이것은 후쿠시마에서 얻은 교훈일 듯하다.\n “정치가와 과학자가 함께 자리를 하면서 의견을 교환한다는 것은 상당히 중요하다. 후쿠시마 참사 당시 총리는 간 나오토(菅直人)다. 도쿄공업대학 출신으로, 본인 스스로 과학기술에 정통한 엔지니어로 생각할지 모르겠다. 너무 잘 알고 있었기 때문인지 모르겠지만, 사건 발생 당시 간 총리의 대응이 사사건건 지나치다는 불만이 곳곳에서 나왔다. 총리관저와 과학기술자들과의 불협화음이 곳곳에서 노출됐다. 아베 전 총리나 스가 총리의 대응 방식을 보면 간 총리의 실패를 거울로 삼아 적절히 대응하는 듯하다.” \n ― 후쿠시마 참사는 1000년에 한 번 올까 말까 하는 천재지변의 결과라는 말도 있다.\n “후쿠시마 원전 관리 기업인 도쿄(東京)전력이 그 같은 변명의 진원지다. ‘거대한 자연의 힘을 인간이 어떻게 막아낼 수 있는가’라는 심정일 것이다. ‘쓰나미(津波)로 인해 세상을 뜬 사람들 모두가 어떻게 해서 도쿄전력의 책임인가’라는 변명도 심심찮게 들린다.\n 나는 그 같은 변명을 수용할 수 없다. 증거는 도호쿠(東北)전력이 운영한 오나가와(女川) 원전이다. 후쿠시마에서 북쪽으로 175km 떨어진 곳에 들어선 바닷가 원전이다. 후쿠시마보다 지진층에 한층 더 가까운 곳에 들어선 발전소이다. 1984년부터 발전에 들어갔지만, 만약의 사태에 대비해 무려 15m 높이의 방파제를 쌓았다. 당시 도호쿠전력 부사장의 제안으로 이뤄진 것인데, 방파제 건설에 따른 추가 비용에 대한 반발이 엄청났다. 하지만 그 덕분에 3·11 당시 쓰나미에도 불구하고 경미한 피해만 입었을 뿐 무사히 지나갔다. 당시 오나가와 주변은 쓰나미 피해자들의 피난 생활 무대로도 활용되었다. 방파제가 지켜주고, 다른 곳은 전부 정전(停電)인데도 원자력발전이 가능했기 때문에 사막의 오아시스 같은 역할을 할 수 있었다. 후쿠시마에는 도호쿠전력의 부사장 같은 사람이 없었다.”\n",
		"passage_Cnt": 1043
	},
	"Annotation": {
		"summary1": "후쿠시마 원전 관리 기업인 도쿄 전력은 거대한 자여의 힘을 인간이 어떻게 막아낼 수 있는가라는 심정일 것이다.",
		"summary2": "후쿠시마 원전 관리 기업인 도쿄(東京)전력이 그 같은 변명의 진원지다. ‘거대한 자연의 힘을 인간이 어떻게 막아낼 수 있는가’라는 심정일 것이다.",
		"summary3": null,
		"summary_3_cnt": null
	}
}