{
	"Meta(Acqusition)": {
		"doc_id": "REPORT-edit-20031",
		"doc_category": "REPORT",
		"doc_type": "edit",
		"doc_name": "政敵 린뱌오의 자리를 찾아준 덩샤오핑",
		"author": null,
		"publisher": null,
		"publisher_year": null,
		"doc_origin": "월간조선"
	},
	"Meta(Refine)": {
		"passage_id": "REPORT-edit-20031-00001",
		"passage": "린뱌오(林彪·1907~1971)는 영욕(榮辱)이 엇갈리는 삶을 살았던 사람이다. 마오쩌둥의 대장정에도 참여했던 그는 국공내전(國共內戰) 기간 중에는 동북인민해방군을 이끌고 요심전역(遼瀋戰役)에서 승리, 만주(동북3성)를 장악했다. 이 전투는 마오쩌둥의 공산군이 내전 초기의 열세(劣勢)를 만회하고 중국 대륙을 석권하는 결정적인 계기가 되었다.\n 1966년 문화대혁명 당시 국방부장이던 린뱌오는 마오쩌둥에게 맹목적인 충성을 바쳤고, 그 덕분에 마오쩌둥의 공식적인 후계자가 됐다. 린뱌오는 “마오 주석은 천재”라는 문구를 공산당 강령에 집어넣어야 한다는 주장까지 하면서 아부했지만, 마오쩌둥의 시의심(猜疑心)을 피해 가지는 못했다. 궁지에 몰린 린뱌오는 1971년 9월 13일 가족과 함께 비행기를 타고 도망치다가 몽골 상공에서 비행기가 추락하는 바람에 사망했다. 린뱌오가 쿠데타를 시도했다느니, 그의 아들이 마오쩌둥을 암살하려 했다느니 하는 소문이 무성했다. 이후 린뱌오는 ‘마오 주석의 충직한 전우’에서 ‘혁명의 배신자’ ‘만고(萬古) 역적’으로 추락했다.\n 마오쩌둥이 죽고 문혁이 끝난 후, 어느 해인가 최고지도자 덩샤오핑이 혁명박물관을 방문했다. 린뱌오의 사진이 안 보이자 덩샤오핑은 “다른 곳도 아니고, 혁명박물관에 린뱌오가 없다는 것은 말도 안 된다”고 야단을 쳤다. 이후 베이징을 비롯해 중국 전역에 있는 혁명박물관에 린뱌오의 사진이 다시 내걸리고, 곳곳에 그의 동상이 섰다.\n",
		"passage_Cnt": 720
	},
	"Annotation": {
		"summary1": "마오쩌둥에게 맹목적인 충성을 바친 덕분에 마오쩌둥의 공식적인 후계자가 된 린뱌오는 영욕이 엇갈리는 삶을 살았다.",
		"summary2": "린뱌오(林彪·1907~1971)는 영욕(榮辱)이 엇갈리는 삶을 살았던 사람이다. 1966년 문화대혁명 당시 국방부장이던 린뱌오는 마오쩌둥에게 맹목적인 충성을 바쳤고, 그 덕분에 마오쩌둥의 공식적인 후계자가 됐다.",
		"summary3": null,
		"summary_3_cnt": null
	}
}