{
	"Meta(Acqusition)": {
		"doc_id": "REPORT-edit-10065",
		"doc_category": "REPORT",
		"doc_type": "edit",
		"doc_name": "강경화 장관, \"박지원 국정원장 訪日, 충분히 협의 안 돼\"",
		"author": null,
		"publisher": null,
		"publisher_year": null,
		"doc_origin": "월간조선"
	},
	"Meta(Refine)": {
		"passage_id": "REPORT-edit-10065-00001",
		"passage": "지난 13일 강경화 외교부 장관은 박지원 국가정보원장의 방일(訪日)에 대해 \"외교부로서는 충분히 협의한 상황은 아니다\"고 했다.\n강 장관은 이날 ‘SBS 8뉴스’와 화상 인터뷰에서 ‘일부에서 국정원이 외교 문제에 나서는 것이 적절한 것이냐는 지적도 있고, 외교부 패싱 논란이 있는데 사전에 협의가 된 것이냐’는 질문에 “국정원을 포함해 안보 부처 사이에서는 소통을 자주하고 있다”면서도 “정보당국 수장께서 하신 말씀에 대해서 제가 평가를 할 수 있는 위치는 아닌 것 같다”고 했다.\n이어 “이 사안 자체에 대해서는 외교부로서는 충분히 협의했다는 상황은 아니고, 원장께서 나름대로 생각이 있을 것으로 생각된다”고 했다.\n박 원장은 최근 3박 4일 일정으로 일본을 방문해 일본 정·관계 고위 관계자들을 만났다. 지난 10일에는 스가 요시히데(菅義偉) 일본 총리와 만났다. 이 자리에서 한일 관계 개선을 위한 ‘문재인-스가 선언’의 필요성을 전달한 것으로 알려졌다.\n‘박 원장의 방일에 대해 외교부에서 사전에 모르고 있었는가’라는 앵커의 질문에는 “사전에 인지는 늘 하고 있지만 가시는 사실이라든가, 가셔서 하는 말씀에 대해서는 외교부로서는 공개적으로 평가할 위치는 아니다”고 했다.\n한일 정상 간 빅딜 가능성에 대해 강 장관은 “정상들의 의지가 있다면 현안들에 대해서도 해결할 수 있는 좋은 모멘텀(계기)이 될 수 있다고 생각하지만, 그걸 목적으로 한다기보다는 현안 하나하나를 잘 풀어나가야 할 시점”이라고 했다.\n",
		"passage_Cnt": 734
	},
	"Annotation": {
		"summary1": "강 장관은 박 국가정보원의 방일에 대해 외교부로서 충분히 협의한 상황은 아니지만 원장이 나름대로 생각이 있을 것으로 생각된다고 했다.",
		"summary2": "지난 13일 강경화 외교부 장관은 박지원 국가정보원장의 방일(訪日)에 대해 \"외교부로서는 충분히 협의한 상황은 아니다\"고 했다. 이어 “이 사안 자체에 대해서는 외교부로서는 충분히 협의했다는 상황은 아니고, 원장께서 나름대로 생각이 있을 것으로 생각된다”고 했다.",
		"summary3": null,
		"summary_3_cnt": null
	}
}