{
	"Meta(Acqusition)": {
		"doc_id": "REPORT-edit-20041",
		"doc_category": "REPORT",
		"doc_type": "edit",
		"doc_name": "“바이든, 지미 카터 이래 가장 리더십 약한 대통령 될 것”",
		"author": null,
		"publisher": null,
		"publisher_year": null,
		"doc_origin": "월간조선"
	},
	"Meta(Refine)": {
		"passage_id": "REPORT-edit-20041-00002",
		"passage": " 지난 10월 24일 문재인(文在寅) 대통령은 “모처럼 좋은 책을 한 권 읽었다”면서 미술평론가 최열의 책 《옛 그림으로 본 서울》을 추천했다. 조선 시대 화가들의 그림을 수록한 미술서라고 한다. 그 하루 전인 10월 23일, 스가 요시히데(菅義偉) 일본 총리는 베트남과 인도네시아 방문 후 귀국 즉시, 어느 미국인과의 화상(畵像)회의에 임했다. 두 사람은 30여 분간에 걸쳐 미국 대선과 이후 국제 정세에 대해 의견을 교환했다. 이 화상회의에서 스가 총리와 대화를 나눈 미국인이 바로 이안 브레머다. 그는 스가 총리에게 각종 정책을 제언한 것으로 알려졌다.\n 필자와 이안 브레머의 인연은 10여 년 전으로 돌아간다. 워싱턴DC에 거주할 당시, 이안 브레머란 인물이 눈에 들어왔다. 그가 주장하는 ‘G-제로’ 세계관은 읽는 즉시 이해됐다. 필자가 주목한 부분은 그가 아르메니아 출신 독일계라는 점이다. 초기 기독교 사상과 후기 프로테스탄트 정신을 동시에 보유한 서방 사상의 정수(精髓)인 셈이다. 그는 표면이 아니라 내면의 유전자(遺傳子)를 가지고 세계를 보는 캐릭터라고 느껴졌다.\n 필자가 보기에 이안 브레머는 ‘21세기판 비즈니스 영역의 키신저’라고 할 수 있다. 그는 특정한 이념 구현을 위한 분석이나 평가를 하는 사람이 아니다. 그에게서 공화당-민주당, 보수-진보, 자본주의-사회주의에 관한 특별한 이념이나 집착은 찾아보기 어렵다. 대신 그는 있는 그대로의 눈앞의 현실을 분석·전망해 관계자에게 던져준다. 정책 실현이 아닌, 정책 입안(立案)을 위한 도우미 역할이 이안 브레머의 주된 영역이다.\n",
		"passage_Cnt": 785
	},
	"Annotation": {
		"summary1": "스가 일본 총리와 브레머는 화상 회의에서 미국 대선과 국제 정서에 대해 의견을 교환했다.",
		"summary2": "그 하루 전인 10월 23일, 스가 요시히데(菅義偉) 일본 총리는 베트남과 인도네시아 방문 후 귀국 즉시, 어느 미국인과의 화상(畵像)회의에 임했다. 두 사람은 30여 분간에 걸쳐 미국 대선과 이후 국제 정세에 대해 의견을 교환했다. 이 화상회의에서 스가 총리와 대화를 나눈 미국인이 바로 이안 브레머다.",
		"summary3": null,
		"summary_3_cnt": null
	}
}