{
	"Meta(Acqusition)": {
		"doc_id": "REPORT-edit-20036",
		"doc_category": "REPORT",
		"doc_type": "edit",
		"doc_name": "“바이든의 동맹 개선 의지는 중국에 큰 고통이 될 것”",
		"author": null,
		"publisher": null,
		"publisher_year": null,
		"doc_origin": "월간조선"
	},
	"Meta(Refine)": {
		"passage_id": "REPORT-edit-20036-00011",
		"passage": " 이러한 바이든의 대중정책에 대해 중국의 한 정치분석가는 “바이든은 트럼프와 달리 중국 정책 전반을 미국 양당의 합의를 대표하는 방식으로 추진할 것이므로 결국 중국은 트럼프가 더 쉬운 상대였음을 알게 될 것이고, 특히 트럼프가 지난 4년간 무시했던 동맹국과의 관계 개선에 대한 바이든의 의지는 중국에 큰 고통이 될 것”이라고 전망했다. \n 중국의 외교전문가들의 다수가 바이든 행정부에 대해 기대보다 경계의 입장을 취하는 것과 궤를 같이하여 중국 정부 내에서도 바이든 행정부에 대한 깊은 고민과 우려를 표시하는 사례가 늘어나고 있다.\n 미국 대선이 끝난 이후에 왕이(王毅) 중국 외교부장은 한국과 일본을 방문하여 중국의 입장을 전달했고, 관계 개선과 발전을 위한 당근을 제시하였다. 또한 아프리카 동맹국들에 지원 확대를 약속하고, 결속 강화를 요구했다. 후춘화 국무원 부총리는 유럽연합 상공회의소 만찬을 개최한 자리에서 “중국은 유럽 각국의 지도자들과 공감대를 형성하고, 투자협상을 적극적으로 추진할 것이며, 지속적인 협력을 통해 전략적 동반자 관계 발전에 새로운 동력을 제공할 것”을 약속했다. 시진핑 주석은 의례적으로 브릭스 정상회의 연설집을 출판하여 전국에 배포하였다. 그 책 제목은 〈상호협조를 통해 코로나19 위기를 극복하고, 협력과 한마음으로 합작을 추진하자〉였다. 이러한 중국 정부의 전방위적 행보는 바이든 행정부가 향후 추진할 국제동맹관계 회복과 글로벌 리더로서의 역량 강화를 견제하겠다는 의도가 분명하다.\n",
		"passage_Cnt": 739
	},
	"Annotation": {
		"summary1": "왕이 중국 외교부장은 미국 대선이 끝난 후 한국과 일본을 방문해 중국의 입장을 전달하고 관계 개선과 발전을 위한 당근을 제시했으며 아프리카 동맹국들에 지원 확대를 약속했다.",
		"summary2": "미국 대선이 끝난 이후에 왕이(王毅) 중국 외교부장은 한국과 일본을 방문하여 중국의 입장을 전달했고, 관계 개선과 발전을 위한 당근을 제시하였다. 또한 아프리카 동맹국들에 지원 확대를 약속하고, 결속 강화를 요구했다.",
		"summary3": null,
		"summary_3_cnt": null
	}
}