{
	"Meta(Acqusition)": {
		"doc_id": "REPORT-edit-20055",
		"doc_category": "REPORT",
		"doc_type": "edit",
		"doc_name": "日 기업 자산 강제매각 時 한국총영사관 폐쇄할 수도",
		"author": null,
		"publisher": null,
		"publisher_year": null,
		"doc_origin": "월간조선"
	},
	"Meta(Refine)": {
		"passage_id": "REPORT-edit-20055-00007",
		"passage": " 사실 2020년 가을 현재 한일갈등은 일본 외교에서 핵심 사안이 아니다. 코로나19 확산에 따른 대응이 가장 중요하겠지만, 미중 디커플링에 따른 대응이 최대 현안이다. 두 강대국 사이에서 어떻게 하면 일본이 살아남을 수 있을지가 관건이다. 한일갈등은 그 같은 변수 또는 상수 속의 부분집합에 들어간다. 미중 디커플링 속에서 살아남을 경우 한일갈등 문제도 자연히 해결될 것이라는 것이 일본의 속내이다.\n 앞서 말했듯이, 미국이 일본의 방향이자 미래다. 그러나 ‘전부(全部) 아니면 전무(全無)’식의 정책을 멀리하는 것이 제2차 세계대전 이후 일본 외교의 특징이자 장점이다. 일방통행식 승리는 언젠가 반드시 화(禍)를 부른다. 모두 만족하는 윈윈(win-win)정책, 아니면 최소한 누구도 패자가 아닌 상태로 나아가자는 것이 전후(戰後) 일본 외교의 특징이다.\n 이런 외교는 외부에서 보면, ‘줏대도 주장도 없는 애매하고도 간사한 외교’로 비치기 십상이다. 하지만 일본에 중요한 것은 ‘통 큰’ 줏대나 주장이 아니다. 서로 만족하고, 절치부심(切齒腐心)하는 패자를 만들어내지 않는 것이 일본에는 최대의 성과다.\n 따라서 일본은 미중 디커플링하에서도 일방적으로 미국에만 기대지는 않는다. 미국을 따르되, 중국도 섭섭하지 않게 하는 것이 일본의 방침이다. 일본 정치무대에서 상식으로 통하는 이른바 ‘이중외교(二重外交)’다. 외무성의 공식적인 방침과 달리 이뤄지는 ‘양다리 외교’다. 좀 심하게 얘기하자면, 총론(總論) 따로 각론(各論) 따로인 외교다.\n",
		"passage_Cnt": 754
	},
	"Annotation": {
		"summary1": "일본은 미중 디커플링하에서도 미국에만 기대지는 않고 미국을 따르되 중국도 섭섭하지 않게 하는 것이 일본의 방침이다.",
		"summary2": "따라서 일본은 미중 디커플링하에서도 일방적으로 미국에만 기대지는 않는다. 미국을 따르되, 중국도 섭섭하지 않게 하는 것이 일본의 방침이다.",
		"summary3": null,
		"summary_3_cnt": null
	}
}