{
	"Meta(Acqusition)": {
		"doc_id": "REPORT-edit-20009",
		"doc_category": "REPORT",
		"doc_type": "edit",
		"doc_name": "抗蘇 지도자들, 사치에 빠져 탈레반과 싸우지 못해",
		"author": null,
		"publisher": null,
		"publisher_year": null,
		"doc_origin": "월간조선"
	},
	"Meta(Refine)": {
		"passage_id": "REPORT-edit-20009-00004",
		"passage": " 1979년 소련의 아프가니스탄 침공은 단순히 존립을 위협받고 있는 친소(親蘇) 정권을 수호하기 위한 것이 아니었다. 중앙아시아에서 아라비아해로 이어지는 통로를 장악하여 가스와 석유 파이프라인을 마련하려는 지정학적(地政學的)·지경학적(地經學的) 노림수가 숨어 있었다.\n 이에 미국은 소련의 남하를 막고 ‘소련판 베트남전쟁’을 선사할 준비를 하였다. 싸움의 구도를 신(神)을 믿지 않는 공산주의자와 신을 따르는 무슬림 전사(戰士)로 잡고, 무신론자(無神論者) 소련에 대항하여 성전(聖戰·지하드)을 수행할 전사(무자헤딘)를 양성하였다.\n 소련은 농촌 지역에서 민간인과 전사 간의 구분이 어렵다고 느껴 농민들을 도시로 강제 이주시켰다. 이에 여성과 아이들은 전쟁의 참화(慘禍)를 피해 파키스탄 난민촌으로 이주하였다. 고향을 떠나 파키스탄으로 몰려온 파슈툰 소년 난민과 전쟁고아들은 데오반디 마드라사에서 제공하는 이슬람과 군사 교육을 받으며 전사로 성장하였다. 세상을 흑백(黑白)으로 보고 종말론적 사상으로 무장한 무자헤딘으로 변모한 것이다. 이들이 1994년 물라 오마르가 조직한 탈레반 병사가 되었다. 미국과 사우디아라비아로부터 든든한 후원을 받은 파키스탄 정보부는 탈레반에게 무기와 군사 기술·정보를 제공하였다.\n 미국은 오사마 빈라덴과 손을 잡고 아프가니스탄을 무신론자의 군홧발에서 해방시킬 아랍 전사들을 무슬림 세계로부터 끌어들였다. 1988년 그러한 전사들과 함께 오사마 빈라덴은 아프가니스탄에서 알카에다를 결성하였다. 요르단 감옥에서 원리주의자의 설교에 회심(回心)한 알자르카위도 성전에 참여하고자 아프가니스탄에 와서 오사마 빈라덴을 만났다. 알자르카위는 2014년 잔혹함으로 악명을 떨친 IS의 창시자다.\n",
		"passage_Cnt": 847
	},
	"Annotation": {
		"summary1": "1979년 소련의 아프가니스탄 침공은 가스와 석유 파이프라인을 마련하려는 지정학적·지경학적 노림수가 숨어 있었다.",
		"summary2": "1979년 소련의 아프가니스탄 침공은 단순히 존립을 위협받고 있는 친소(親蘇) 정권을 수호하기 위한 것이 아니었다. 중앙아시아에서 아라비아해로 이어지는 통로를 장악하여 가스와 석유 파이프라인을 마련하려는 지정학적(地政學的)·지경학적(地經學的) 노림수가 숨어 있었다.",
		"summary3": null,
		"summary_3_cnt": null
	}
}