{
	"Meta(Acqusition)": {
		"doc_id": "REPORT-edit-20029",
		"doc_category": "REPORT",
		"doc_type": "edit",
		"doc_name": "“미국 대통령이 폭도들을 불러냈다!”(리즈 체니 공화당 하원의원)",
		"author": null,
		"publisher": null,
		"publisher_year": null,
		"doc_origin": "월간조선"
	},
	"Meta(Refine)": {
		"passage_id": "REPORT-edit-20029-00005",
		"passage": " 최근 《뉴욕타임스(NYT)》가 특별 취재반을 만들어 2020년 11월 3일부터 2021년 1월 20일까지 77일간 트럼프 주변에서 일어난 일들을 재구성하였다. 단편소설 분량의 심층취재물이었다. \n 《NYT》는 ‘트럼프의 선거 관련 변호인단이 선거가 치러진 한 주쯤 뒤인 2020년 11월 12일이 되자 트럼프가 현실에 맞지 않는 주장을 한다는 결론에 도달했다’고 썼다. 선거부정을 증명할 구체적인 증거가 없으며 법정에서 선거 결과를 뒤집기 위한 비정상적인 상황 역시 거의 발견되지 않았기 때문이었다.\n 민주당이 부정행위를 저질렀다는 트럼프 맹종자들의 주장은 창피한 수준에 이르고 있었다. 디트로이트에서 발견된 부정투표지가 담겼다는 가방은 카메라 장비를 보관하는 박스로 확인됐다. 투표에 죽은 사람이 참여했다는 주장도 나왔지만 죽었다는 사람들이 TV와 신문 인터뷰에 등장해 살아 있는 모습을 보여주었다.\n 11월 둘째 주에는 트럼프의 선거부정 주장에 사기를 꺾는 또 하나의 일이 일어났다. 트럼프의 변호인단이 애리조나에서 추진하던 소송 절차를 포기하기로 한 것이다. 조 바이든이 1만 표 이상으로 앞선 상황이었는데 변호인단이 찾은 부정의 소지(단순 계산 착오)가 있는 투표지는 191표에 불과했기 때문이다.\n 트럼프의 부(副)선거관리국장인 저스틴 클라크는 이 무렵 대통령 집무실로 들어오라는 긴급 호출을 받았다. 가보니 트럼프의 개인 변호사인 루디 줄리아니가 스피커폰으로 회의에 참여하고 있었다. 그는 대통령에게 조지아주에 대한 연방 차원의 소송을 제기하라고 압박했다. 우파 언론 등을 통해 음모론을 퍼뜨리자고 했다. 도미니언 시스템이 만든 투표기기로 인해 트럼프가 받았어야 할 수천 표가 바이든의 표로 바뀌었다는 주장이었다. 클라크는 줄리아니가 구상한 이런 소송은 법원에서 기각될 것이라고 경고했다. 조지아주의 감사가 마무리 단계에 접어들고 있고, 도미니언의 기기가 개표부정에 이용되지 않았다는 결론으로 향하고 있다고 설명했다.\n",
		"passage_Cnt": 969
	},
	"Annotation": {
		"summary1": "뉴욕타임스가 특별 취재반을 만들어 트럼프 주변에서 일어난 일들을 단편소설 분량의 심층취재물로 재구성하였다.",
		"summary2": "최근 《뉴욕타임스(NYT)》가 특별 취재반을 만들어 2020년 11월 3일부터 2021년 1월 20일까지 77일간 트럼프 주변에서 일어난 일들을 재구성하였다. 단편소설 분량의 심층취재물이었다.",
		"summary3": null,
		"summary_3_cnt": null
	}
}