{
	"Meta(Acqusition)": {
		"doc_id": "REPORT-edit-00088",
		"doc_category": "REPORT",
		"doc_type": "edit",
		"doc_name": "【이상곤의 ‘흐름’】 “윗물이 깨끗하다고?” 정권의 아집과 레임덕",
		"author": null,
		"publisher": null,
		"publisher_year": null,
		"doc_origin": "월간조선"
	},
	"Meta(Refine)": {
		"passage_id": "REPORT-edit-00088-00001",
		"passage": "브라질 ‘좌파의 대부‘ 룰라 전 대통령을 그린 넷플릭스 다큐 영화 ’위기의 민주주의‘에 이런 장면이 있다. 2011년 1월1일 대통령 임기를 마친 룰라 전 대통령과 영부인 마리자가 관저인 알보라다궁을 나서는 모습이다. 엘리베이터를 나오는 대통령 부부에게 취재진이 “어디로 갈 것인지”를 묻자 영부인 마리자는 “이제 (살던)아파트로 가야죠”라고 말한다. 상파울로 집 주소까지 대며 즐겁고 홀가분하다는 표정이다.\n이 장면에서 새로 양산에 땅을 사 퇴임 후 사저를 짓겠다는 문재인 대통령이 자연스레 오버랩 됐다.\n문 대통령는 작년 4월 경남 양산에 농지가 포함된 땅 3774㎡(약 1144평)를 퇴임 후 사저용으로 구입했다. 이 농지 구입을 위해 문 대통령은 ‘영농 경력 11년’을 적어냈고 9개월 만에 농지를 대지로 형질 변경했다. 대통령의 사저용 부지 구입이 LH ‘땅투기’ 수법을 그대로 닮았다. 그런데도 그는 땅투기 의혹을 제기하는 쪽에 “좀스럽다” “법대로 하고 있다”며 오히려 격노하며 일축했다.\n룰라 전 대통령은 차베스 전 베네수엘라 전 대통령과 함께 현 집권 세력이 ‘롤모델‘로 삼는 사람이다. 작년 이맘때쯤 한창 추미애 법무장관이 ’윤석열 죽이기‘를 할 때는 이 영화가 집권 세력의 ’프로파간다‘에 이용되기도 했다. 조국 전 장관과 소위 ’문빠‘들은 이 영화를 추천영화로 각자 SNS에 경쟁적으로 올렸다.\n그렇지만 ‘롤모델’인 룰라 이미지를 차용하는 것과 실제는 차원이 달랐다. 문 대통령이 영화의 이 장면을 놓친 것인지, 아니면 애써 보지 않으려고 했는지 우리는 알지 못한다. 분명한 것은 문 대통령은 양산 사저 문제로 ‘땅투기’ 논란에 휩싸였다.\n",
		"passage_Cnt": 818
	},
	"Annotation": {
		"summary1": "문 대통령은 경남 양산에 농지가 포함된 땅을 퇴임 후 사저용으로 구입했지만 농지를 대지로 형질 변경하며 땅투기 논란에 휩싸였다.",
		"summary2": "문 대통령는 작년 4월 경남 양산에 농지가 포함된 땅 3774㎡(약 1144평)를 퇴임 후 사저용으로 구입했다. 이 농지 구입을 위해 문 대통령은 ‘영농 경력 11년’을 적어냈고 9개월 만에 농지를 대지로 형질 변경했다. 분명한 것은 문 대통령은 양산 사저 문제로 ‘땅투기’ 논란에 휩싸였다.",
		"summary3": null,
		"summary_3_cnt": null
	}
}