{
	"Meta(Acqusition)": {
		"doc_id": "REPORT-edit-20032",
		"doc_category": "REPORT",
		"doc_type": "edit",
		"doc_name": "“백신 나와도 코로나19 퇴치되지 않는다”",
		"author": null,
		"publisher": null,
		"publisher_year": null,
		"doc_origin": "월간조선"
	},
	"Meta(Refine)": {
		"passage_id": "REPORT-edit-20032-00007",
		"passage": " ― 인류 역사상 코로나19처럼 치사율은 낮으면서도 전 세계를 공포로 몰아넣은 바이러스나 전염병이 있었는가.\n “바이러스나 전염병은 동물이나 불결한 환경을 통해 확산된다. 인류 문명사는 그런 전염병과의 투쟁사였다.\n 과거와 2021년 현재 상황의 가장 큰 차이점은 지역, 규모, 스피드에 있다. 과거에는 일부 지역에 국한되고, 규모도 그렇게 크지 않으며, 감염 스피드도 느렸다. 21세기 글로벌 시대에 들어서면서 모든 상황은 급변했다. 광범위한 지역에서 대규모로 그리고 빠른 속도로 진행하게 된 것이다. 주목할 부분은 지구환경과의 문제다.”\n ― 바이러스가 환경문제와도 관련이 있다는 말인가.\n “지구 차원에서 삼림 남벌(濫伐)이 이뤄지면서 과거에는 인간이 쉽게 접하지 않던 동물들을 일상적으로 만나게 됐다. 깊은 정글 속에 살던 동물들이 어느 날 인간 바로 옆에 나타나게 된 것이다. 그러면서 이들이 가진 색다른 바이러스가 인간에게 전파된 것이다.\n 2015년 에볼라가 좋은 예다. 원래 밀림 속에서나 발생했을 동물 바이러스가 환경 파괴와 함께 인간에게 전파되더니, 시에라리온·기니의 수도처럼 인구가 밀집된 곳까지 확산됐다.\n 여기에 세계화까지 더해지면서 과거 같으면 수백 년 걸려 전파됐을 전염병이 불과 수개월 만에 전 세계에 퍼지게 된 것이다.”\n ― 환경 파괴란 관점에서 보면, 앞으로 이런 식의 바이러스 전파가 한층 더 심해진다고 볼 수 있겠는가.\n",
		"passage_Cnt": 704
	},
	"Annotation": {
		"summary1": "인류 문명사는 동물이나 불결한 환경을 통해 확산된 전염병과의 투쟁사였다.",
		"summary2": "바이러스나 전염병은 동물이나 불결한 환경을 통해 확산된다. 인류 문명사는 그런 전염병과의 투쟁사였다.",
		"summary3": null,
		"summary_3_cnt": null
	}
}