{
	"Meta(Acqusition)": {
		"doc_id": "REPORT-edit-00034",
		"doc_category": "REPORT",
		"doc_type": "edit",
		"doc_name": "【서봉대의 ‘되짚기’】 국민의힘과 민주당에 ‘대선 빨간불’... 위기 타개할 후보 나올까?",
		"author": null,
		"publisher": null,
		"publisher_year": null,
		"doc_origin": "월간조선"
	},
	"Meta(Refine)": {
		"passage_id": "REPORT-edit-00034-00002",
		"passage": "앞서 YS가 신군부 및 JP 세력과 함께 3당 합당을 추진할 수 있었던 것도 통일민주당에 주도 계파가 있었고 그게 자신의 세력이었기 때문이다. \"군사정권과의 야합\" \"변절자\" 등의 비난들이 야권에서 잇따랐지만 상도동계가 통일민주당을 주도하고 있었기에 합당이 가능했던 것.\n2007년 대선의 이명박 후보와 2012년 대선의 박근혜 후보 역시 DJ, YS의 경우와 마찬가지였다. 이들의 세력인 친이, 친박계가 당내 주도세력으로 선거전을 이끌었다. 이명박 후보가 BBK 주가조작 의혹 등 대형 악재들에도 불구, 흔들리지 않고 대권을 차지할 수 있었던 건 친이계라는 버팀목이 있었기 때문이다.\n2017년 대선때 문재인 후보도 친문(친 문재인)이란 지지세력을 당내 최대 계파로 갖고 있었기에 대권 재도전이 가능했고 당선까지 이어졌다. 호남지역의 반(反)문재인 정서때문에 안철수 후보와 접전양상을 보이기도 했으나, 탄탄한 당 조직력을 토대로 선거전 막판 이 지역 표심을 돌릴 수 있었다.\n이들 다섯 사람은 모두 당을 주도하는 계파의 보스였고 대통령에 당선됐다는 공통점을 갖고 있다.\n# 2002년 대선 때 노무현의 경우 국민경선을 통해 후보로 당선됐으나 당내에선 비주류였다는 점에서 대선가도는 순탄할 수 없었다. 대선에 앞서 치러졌던 지방선거에서 새천년민주당이 참패한 것을 계기로 노 후보 지지율도 급락, 이회창 후보는 물론 정몽준 후보에게도 밀렸던 것. 당내 주류인 반노(반 노무현) 혹은 비노 세력들이 후보교체론을 제기하며 그를 흔들기 시작했다. 투표일도 한 달여밖에 남지 않았고 월드컵 붐에 편승한 정 후보는 상승세를 타고 있었던 만큼 노 후보로선 궁지에 몰릴 수밖에 없던 상황이었다.\n",
		"passage_Cnt": 829
	},
	"Annotation": {
		"summary1": "2007년 대선의 이 후보와 2012년 대선의 박 후보도 DJ, YS의 경우와 마찬가지였고 2017년 대선의 문 후보까지 이들 다섯 사람은 계파의 보스였고 대통령에 당선됐다.",
		"summary2": "2007년 대선의 이명박 후보와 2012년 대선의 박근혜 후보 역시 DJ, YS의 경우와 마찬가지였다. 이들 다섯 사람은 모두 당을 주도하는 계파의 보스였고 대통령에 당선됐다는 공통점을 갖고 있다. 2017년 대선때 문재인 후보도 친문(친 문재인)이란 지지세력을 당내 최대 계파로 갖고 있었기에 대권 재도전이 가능했고 당선까지 이어졌다.",
		"summary3": null,
		"summary_3_cnt": null
	}
}