{
	"Meta(Acqusition)": {
		"doc_id": "REPORT-edit-00016",
		"doc_category": "REPORT",
		"doc_type": "edit",
		"doc_name": "【이상곤의 ‘흐름’】 ‘고발 사주 의혹’ 대신 ‘대장동 특혜 의혹’... “정치공작 실력이 예전 민주당만 못한 것 아닌가?”",
		"author": null,
		"publisher": null,
		"publisher_year": null,
		"doc_origin": "월간조선"
	},
	"Meta(Refine)": {
		"passage_id": "REPORT-edit-00016-00001",
		"passage": "사람들의 심리는 묘한 데가 있다.그중 의학 심리이론으로‘플라시보(Placebo)’와‘노시보(Nocebo)’이론이 있다.\n‘플라시보’는 가짜약이나 가짜 치료를 해도 사람들이 긍정적으로 믿으면 병세가 호전되는 현상을 말한다.사람들이 특정 치료에 얼마나 큰 믿음을 두느냐에 따라 달라진다.효과가 있을 것이라고 믿으면 효과가 커지는 바람에 의학적 치료에 많이 사용된다.\n여기에 반대되는 이론이‘노시보’다.환자 또는 희생자가 어떤 식으로든 나빠질 것을 기대하는 치료를 말한다.어떤 사람을 더 아프게 만드는 것을 둘러싼 윤리적 문제나 임상적인 용도 부재 때문에 플라시보 효과보다 연구는 훨씬 적다.하지만 어떤 식으로든 상대를 나빠지게 할 의도로 하는 치료기 때문에 의학외적으로 자주 활용이 된다.즉 주술(呪術)이다.\n사람들은 질투와 저주의 대상에게 마법의 주문을 걸면 그 때문에 아프거나 다치고 죽을 수도 있다고 믿어 왔다.이런 믿음 체계가 주술 또는 마법이란 이름으로 통한다.노시보 효과가 이론으로 자리를 잡은 것도 이런 우리의 일상적인 믿음 때문이다.\n그런데 이런 우리의 일상의 믿음을 교묘하게 이용하는 곳이 있다.바로 정치권이다.특히 권력을 쥔 집권세력이 정치공작에 이런 심리효과를 최대한 활용한다.조직과 물량 공세에 자신이 있기 때문에 실체와 진실은 상관이 없다.일단 자신들의 의지만 관철할 수 있다면 사람들이 믿고 안 믿고는 중요하지 않다.정치권의 가짜뉴스나 허구가 그렇게 만들어져 유통되는 것이다.\n",
		"passage_Cnt": 727
	},
	"Annotation": {
		"summary1": "희생자 또는 환자가 어떤 식으로든 나빠질 것을 기대하는 치료인 노시보 이론은 의학외적으로 자주 활용된다.",
		"summary2": "환자 또는 희생자가 어떤 식으로든 나빠질 것을 기대하는 치료를 말한다. 여기에 반대되는 이론이‘노시보’다. 하지만 어떤 식으로든 상대를 나빠지게 할 의도로 하는 치료기 때문에 의학외적으로 자주 활용이 된다.",
		"summary3": null,
		"summary_3_cnt": null
	}
}