{
	"Meta(Acqusition)": {
		"doc_id": "REPORT-edit-20058",
		"doc_category": "REPORT",
		"doc_type": "edit",
		"doc_name": "쇄국 외교의 한국, 글로벌 플레이어 일본",
		"author": null,
		"publisher": null,
		"publisher_year": null,
		"doc_origin": "월간조선"
	},
	"Meta(Refine)": {
		"passage_id": "REPORT-edit-20058-00001",
		"passage": "반도체 소재 독립, 자기 발등 찍은 사무라이, 세계무역기구(WTO)에 일본 제소 진행, 삼성전자에 납품하려 일본 탈출한 일본 기업….\n 지난 7월 초 한국 신문・방송을 뒤덮은 일본 관련 기사의 제목들이다. ‘일본산 대신 새로 개발된 국산제품만으로 문제없고, 손해 보는 쪽은 결국 일본이다’라는 것이 핵심이다.\n 갑자기 왜 이렇게 많은 일본 관련 경제기사가 등장했을까? 한일(韓日) 무역분쟁이 그 배경이다. 일본 정부가 시행한 공업 소재 수출 규제 방침이 지난 7월 1일을 기해 1년을 맞이했기 때문이다. 한국 뉴스의 대세는 ‘일본 없이도 우리끼리 잘하고 있다’로 모인다. 좋게 보면 자립(自立)이지만, 어쩐지 이웃(?)의 ‘주체경제론’을 연상케 하는 분위기다. 이런 보도대로라면 삼성으로 대표되는 한국 반도체 산업은 세계 정상을 지키고 있는 반면, 수출 규제를 행한 일본 내 업자들의 피해는 심각한 셈이고, 일본은 이미 꼬리를 내리고 잘못했다고 빌었어야 한다.\n 바다 건너 일본에서의 반응은 어떨까? 일단 수출 규제 1년째에 즈음한 뉴스가 별로 없다. 가끔씩 흘러나온 뉴스를 종합해보면, 한일 모두 패자(敗者)라는 식의 분석이 대부분이다. 한국의 ‘승리론’과 달리, 한국・일본 ‘모두 손해’가 중론(衆論)이다.\n 수출 규제 여부를 떠나 좀 더 근본적 차원의 한일 협력이 중요하다는 얘기가 이런 기사들의 결론이다. 여기서 제일 문제가 되는 것은 위안부 및 징용공 문제다. 두 문제가 풀리지 않는 한, 수출 규제보다 더 큰 문제도 나타날 수밖에 없다는 것이 일본 내 전망이다.\n",
		"passage_Cnt": 769
	},
	"Annotation": {
		"summary1": "일본 정부가 시행한 공업 소재 수출 규제 방침이 1년을 맞이해 일본산 대신 새로 개발된 국산제품만으로 문제없고 손해 보는 쪽은 일본이라는 일본 관련 경제기사가 많이 등장했다.",
		"summary2": "‘일본산 대신 새로 개발된 국산제품만으로 문제없고, 손해 보는 쪽은 결국 일본이다’라는 것이 핵심이다. 갑자기 왜 이렇게 많은 일본 관련 경제기사가 등장했을까? 일본 정부가 시행한 공업 소재 수출 규제 방침이 지난 7월 1일을 기해 1년을 맞이했기 때문이다.",
		"summary3": null,
		"summary_3_cnt": null
	}
}