{
	"Meta(Acqusition)": {
		"doc_id": "REPORT-edit-00041",
		"doc_category": "REPORT",
		"doc_type": "edit",
		"doc_name": "【서봉대의 ‘되짚기’】 이번 대선도 땅따먹기 싸움...‘東進 VS 西進’ 불붙는다",
		"author": null,
		"publisher": null,
		"publisher_year": null,
		"doc_origin": "월간조선"
	},
	"Meta(Refine)": {
		"passage_id": "REPORT-edit-00041-00002",
		"passage": "영·호남만 대상으로 벌어졌던 싸움도 아니었다. 특정 정당에 대한 충성도가 이들 지역에 비해 약했을 뿐 충청·강원에서도 지역적 지지성향이 두드러졌다. 어떤 선거에선 민주당 계열 정당에, 다른 선거에선 국민의힘 계열 정당에 압도적인 지지율을 보였다. DJT(김대중+김종필+박태준 ) 연대라는 것도 호남을 토대로 충청 및 대구경북으로 지지세를 확산, 대권을 차지하겠다는 선거 전략일 뿐이었다.\n지역적 지지기반이 취약한 정당들은 단명으로 끝나기 일쑤였다. 역대 대선 때 새 정치에 대한 국민 열망을 업고 출마했던 3 후보가 대권을 잡을 수 없었던 것도 땅 따먹기 싸움의 열세를 극복하지 못했기 때문이다.\n이들 정당은 민주당 계열이나 국민의힘 계열 정당과 합쳐야 존속할 수 있었고 그러지 못했을 땐 당세가 약화되고 결국 사라지는 운명에 처했다.\n# 열린우리당, ‘꼬마’민주당, 한국미래연합, 창조한국당, 통일국민당 등등이 그랬다.\n꼬마민주당은 1990년대 초·중반 김대중(DJ)·김영삼(YS) 전 대통령의 정치 행보에 맞서 창당됐다.\nYS의 통일민주당, JP(김종필)의 신민주공화당, 노태우 당시 대통령의 민주정의당이 1990년 1월 합당했을 때 이에 반발하며 통일민주당에 잔류했던 일부 의원들이 창당했던 게 민주당, 일명 꼬마민주당이었다.\n그러나 꼬마민주당은 1991년 9월 DJ측 신민주연합당과 합당, 제 1 야당인 민주당을 창당하면서 1년 3개월 만에 당 간판을 내려야 했다.\n",
		"passage_Cnt": 713
	},
	"Annotation": {
		"summary1": "충청·강원에서도 지역적 지지 성향이 두드러졌고 DJT 연대는 호남을 토대로 충청 및 대구 경북으로 지지세를 확산하겠다는 선거 전략일 뿐이었다.",
		"summary2": "DJT(김대중+김종필+박태준 ) 연대라는 것도 호남을 토대로 충청 및 대구경북으로 지지세를 확산, 대권을 차지하겠다는 선거 전략일 뿐이었다. 특정 정당에 대한 충성도가 이들 지역에 비해 약했을 뿐 충청·강원에서도 지역적 지지성향이 두드러졌다.",
		"summary3": null,
		"summary_3_cnt": null
	}
}