{
	"Meta(Acqusition)": {
		"doc_id": "REPORT-edit-20013",
		"doc_category": "REPORT",
		"doc_type": "edit",
		"doc_name": "나폴레옹은 누구에게 졌나?",
		"author": null,
		"publisher": null,
		"publisher_year": null,
		"doc_origin": "월간조선"
	},
	"Meta(Refine)": {
		"passage_id": "REPORT-edit-20013-00002",
		"passage": " ‘웰링턴 때문에 졌을까, 블뤼헤 때문에 졌을까, 아니다 그가 신을 건드렸으니 이길 수 있었겠는가.’\n 신의 질투가 나폴레옹의 신기(神器)인 포병을 무력화(無力化)시켰다는 것이다. 전날 밤 비를 내려 땅을 진창으로 만드는 식으로. 워털루 기념관의 짤막한 3D 영화보다는 파노라마관에서 본 길이 110m 기록화가 압권이다. 이 그림도 전투에 진 나폴레옹 군대 중심이다. 그날 전투는 나폴레옹군의 포병 일제사격, 보병돌격, 기병돌격, 황제근위대의 최후돌격 순으로 진행되어 공세적이었던 것은 사실이다. 이 그림은 워털루 100주년을 맞아 프랑스 화가가 그린 것이다. 그림의 주제는 ‘프랑스 기병돌격’이다. 실패로 끝난 돌격을 지나치게 미화(美化)한 것은, 소설적 비장미(悲壯美)는 몰라도 정확한 역사기록은 아니다.\n 기념관 서점도 나폴레옹 관련 책이 많았다. 나폴레옹 이미지는 여러 상품의 브랜드로 활용되는데, 이 서점에서 산 책을 읽어보니 한 한국 기업인은 나폴레옹의 유명한 모자를 100만 달러 이상을 주고 매입해 회사에 전시하고 있다는 것이다. 스티픈 클라크라는 저술가가 쓴 책을 샀는데, 《프랑스는 어떻게 워털루에서 이겼나(혹은 그렇게 생각하는가)》였다. 프랑스인들이 영국을 질투, 나폴레옹의 패배를 인정하지 않으려 요설(饒說)을 구사한다는 비판서이다.\n 한국의 가장 유명한 나폴레옹 팬은 박정희(朴正熙)일 것이다. 그는 보통학교 다닐 때 이순신과 나폴레옹 전기를 읽고 병정놀이를 하면서 군인이 되고 싶어 했다고 한다. 박정희의 최후는 이순신과 닮았지만(“난 괜찮아” “나의 죽음을 알리지 마라”), 그의 비장한 생애는 나폴레옹의 판박이다. 두 사람은 식민지에서 태어나 종주국 군대에 들어갔고, 포병장교가 되었으며, 쿠데타로 집권해 국가의 기틀을 세웠다. 독서인의 교양으로 근대국가 건설을 주도했으며 이혼 경력, 단신(短身), 사후(死後) 재평가도 공통점이다. 두 사람은 군인, 혁명가, 교사, CEO의 자질을 갖추었지만 큰 차이점도 있다.\n",
		"passage_Cnt": 976
	},
	"Annotation": {
		"summary1": "박 씨는 식민지에서 태어나 종주국 군데에 들어가서 포병장교가 되었으며 쿠데타로 집권하여 국가의 기틀을 세운 나폴레옹의 생애와 판박이다.",
		"summary2": "박정희의 최후는 이순신과 닮았지만(“난 괜찮아” “나의 죽음을 알리지 마라”), 그의 비장한 생애는 나폴레옹의 판박이다. 두 사람은 식민지에서 태어나 종주국 군대에 들어갔고, 포병장교가 되었으며, 쿠데타로 집권해 국가의 기틀을 세웠다.",
		"summary3": null,
		"summary_3_cnt": null
	}
}