{
	"Meta(Acqusition)": {
		"doc_id": "REPORT-edit-10435",
		"doc_category": "REPORT",
		"doc_type": "edit",
		"doc_name": "김동연-강경화, '안보동맹' 내세워 철강관세 면제 호소... 한 달 전 청와대는 \"안보와 통상은 별개\"",
		"author": null,
		"publisher": null,
		"publisher_year": null,
		"doc_origin": "월간조선"
	},
	"Meta(Refine)": {
		"passage_id": "REPORT-edit-10435-00002",
		"passage": "언론 보도에 의하면 당시 ‘청와대 핵심 관계자’는 “문 대통령의 생각은 안보의 논리와 통상의 논리는 다르다는 것”이라며 “현재 북핵 문제 등 미국과 여러 가지 문제가 걸려 있지만 안보의 논리와 통상 문제가 굴러가는 문제는 다른 것”이라고 말했다.\n홍장표 대통령 경제수석비서관도 다음날 \"이(문제)를 외교안보적 시각에서 확대 해석하거나 상대방 국가에 대한 비우호적 조치로 간주하는 것은 적절하지 않다고 생각한다\"고 말했다. 미국의 철강 관세 부과 등의 조치가 문재인 정부 등장 후 한미관계가 소원해졌기 때문이라는 비판이 나오는 것을 반박하는 것으로 풀이됐다.\n민주당도 거들고 나섰다. 김태년 민주당 정책위원회 의장은 2월 22일 “트럼프 대통령의 미국우선주의는 미국 내의 상황이 원인\"이라면서 \"문재인 정부의 정책, 특히 대북정책하고는 전혀 관계가 없디\"고 주장했다.\n국내 경제에 커다란 타격을 입힐 수 있는 미국의 철강 관세 부과를 막기 위해서 정부가 필요한 모든 논리를 동원해서 최선을 다해야 하는 것은 당연하다. 하지만 거기에 최소한의 논리적 일관성은 있어야 한다. 한 달 전까지만 해도 “안보는 안보, 경제는 경제”라고 큰소리치다가 이제와서 ‘안보논리’를 내세워 가면서 철강 관세를 면하게 해달라고 읍소하는 건 군색하다.\n강경화 외교장관이 철강 관세를 두고 \"미국이 안보동맹에 할 일은 아니다\"라고 말한 것도 민망하다. 평창 동계올림픽 때 정부는 북한의 김영남·김여정에 대해서는 ‘국빈 A급’ 경호를, 펜스 미국 부통령에 대해서는 ‘국빈 B급’ 경호를, 트럼프 대통령의 딸인 이방카 백악관 선임고문에게는 ‘국빈 C급’ 경호를 했다. 그러고도 '동맹'이라는 소리가, “미국이 안보동맹에 이럴 수가 있느냐?”는 식의 얘기가 나오나?\n",
		"passage_Cnt": 859
	},
	"Annotation": {
		"summary1": "국내 경제에 타격을 입힐 수 있는 미국의 철강 관세 부과를 막기 위해 정부가 필요한 모든 논리를 동원해 최선을 다해야 하는 것은 당연하지만 거기에 논리적 일관성은 있어야 한다.",
		"summary2": "하지만 거기에 최소한의 논리적 일관성은 있어야 한다. 국내 경제에 커다란 타격을 입힐 수 있는 미국의 철강 관세 부과를 막기 위해서 정부가 필요한 모든 논리를 동원해서 최선을 다해야 하는 것은 당연하다.",
		"summary3": null,
		"summary_3_cnt": null
	}
}