{
	"Meta(Acqusition)": {
		"doc_id": "REPORT-edit-20057",
		"doc_category": "REPORT",
		"doc_type": "edit",
		"doc_name": "-하노이에서 김정은은 애원하며 매달렸다",
		"author": null,
		"publisher": null,
		"publisher_year": null,
		"doc_origin": "월간조선"
	},
	"Meta(Refine)": {
		"passage_id": "REPORT-edit-20057-00010",
		"passage": " 두 번째 보고회는 2월 15일이었다. 북한 측 선전 영상을 통하여, 미국은 한미연합훈련을 중단했는데 북한은 대규모 훈련을 계속하고 있음을 트럼프에게 설명했다. ‘완전한 비핵화’의 요점을 정리하여 트럼프에게 주었다. 이것을 트럼프는 김정은에게 주겠다고 했다. 볼턴은 국무부가 추진하는 ‘행동 대 행동’의 단계적 접근법보다는 협상의 기본입장을 확실히 하는 것, 즉 핵시설에 대한 완벽한 신고를 받는 것이 중요하다는 점을 강조하였다.\n 트럼프는, 하노이 회담을 앞두고 2월 19일 문재인 대통령과 통화하였다. 트럼프는 문재인 대통령에게 협상에 진전이 있는 것처럼 언론에 알려달라고 했다. 그날 아침에도 폼페이오와 비건, 그리고 볼턴과 NSC(국가안보회의)의 앨리슨 후커가 참석한 가운데 트럼프에게 보고회를 가졌다. 트럼프는 “회담을 결렬시켜도 좋다”고 했다. 비건에겐 “김정은을 좋아한다고 말하되, 내가 원하는 것이 무엇인지를 알려주라”고 했다.\n 트럼프를 뺀 실무 책임자 회의에서 던퍼드 합참의장은 종전선언은 법적 구속력이 없다고 강조하였다. 이날 회의 분위기도 “그렇다면 왜 우리가 그것을 추진해야 하는가. 북한도 그것엔 관심이 없다고 하지 않았나. 종전선언은 문재인만이 원하는 것이다”면서 내키지 않아 했다는 것이다.\n 2월 21일에 마지막 브리핑이 있었다. 직전에 아베 총리가 트럼프와 통화하였는데 도움이 되었다고 한다. 김정은이 예상하지 못한 카드를 숨겨 가지고 와서 트럼프의 양보를 얻어내는 전술 대비책도 논의되었다. \n",
		"passage_Cnt": 743
	},
	"Annotation": {
		"summary1": "실무 책임자 회의에서 던퍼드 합참의장은 종전선언이 문 씨만 원하는 것이라면서 내키지 않아 했다고 했다.",
		"summary2": "트럼프를 뺀 실무 책임자 회의에서 던퍼드 합참의장은 종전선언은 법적 구속력이 없다고 강조하였다. 이날 회의 분위기도 “그렇다면 왜 우리가 그것을 추진해야 하는가. 북한도 그것엔 관심이 없다고 하지 않았나. 종전선언은 문재인만이 원하는 것이다”면서 내키지 않아 했다는 것이다.",
		"summary3": null,
		"summary_3_cnt": null
	}
}