{
	"Meta(Acqusition)": {
		"doc_id": "REPORT-edit-10392",
		"doc_category": "REPORT",
		"doc_type": "edit",
		"doc_name": "미북정상회담 전격 취소한 트럼프의 속내",
		"author": null,
		"publisher": null,
		"publisher_year": null,
		"doc_origin": "월간조선"
	},
	"Meta(Refine)": {
		"passage_id": "REPORT-edit-10392-00002",
		"passage": "트럼프 대통령의 복심(腹心)인 폼페이오 미국 국무장관은 5월 13일 폭스뉴스에 나와 “북한이 핵 프로그램을 완전히 해체하면 미국 민간 기업이 북한에 투자할 수 있도록 허용하겠다”고 밝혔다. 그는 구체적으로 \"미국의 민간 부문이 (북한에) 들어가서 대규모 전력망 건설을 돕고, 식량난 해소를 위한 농업 투자와 인프라 투자가 가능할 것\"이라고 말했다. 그러면서도 폼페이오 장관은 \"'완전한 비핵화(CVID)'라는 트럼프 대통령의 요구를 북한이 충족하는지 여부에 달려 있다\"는 전제를 다는 것을 잊지 않았다.\n2. 항상 최악의 경우를 예상하라\n〈나는 긍정적 사고의 힘을 믿는다고 알려져 있으나 실제로는 오히려 부정적 사고의 능력을 믿고 있다. 의도하지는 않았지만 거래를 할 때는 보수적 입장을 가지게 되었다. 즉 항상 최악의 경우를 고려하는 것이다. 최악의 경우를 예상하고 있으면 막상 일이 닥치더라도 견뎌낼 수가 있다.〉\n이는 트럼프 대통령이 북한에 빅딜을 제안하더라도 그에 대한 환상에 빠지지는 않을 것임을 보여준다. 실제로 폼페이오 미국 국무장관은 판문점 선언 직후인 4월 27일 “나는 언제나 조심스럽다. 여기에는 약속을 하고 희망이 제기됐다가 내동댕이쳐지는 많은 역사가 있다\"면서 \"우리는 북한이 항구적이고 검증 가능하며, 불가역적으로 대량 파괴무기 프로그램을 지체 없이 폐기하는 데 전념하고 있다\"고 말해 '완전하고 검증가능하며 불가역적인 비핵화(CVID)' 원칙을 재확인했다.\n",
		"passage_Cnt": 719
	},
	"Annotation": {
		"summary1": "미국 국무장관은 북한이 핵 프로그램을 완전히 해체하면 미국 민간 기업이 북한에 들어가서 전력망 건설을 돕고 식량난 해소를 위한 농업 투자와 인프라 투자가 가능할 것이라고 말했다.",
		"summary2": "트럼프 대통령의 복심(腹心)인 폼페이오 미국 국무장관은 5월 13일 폭스뉴스에 나와 “북한이 핵 프로그램을 완전히 해체하면 미국 민간 기업이 북한에 투자할 수 있도록 허용하겠다”고 밝혔다. 그는 구체적으로 \"미국의 민간 부문이 (북한에) 들어가서 대규모 전력망 건설을 돕고, 식량난 해소를 위한 농업 투자와 인프라 투자가 가능할 것\"이라고 말했다.",
		"summary3": null,
		"summary_3_cnt": null
	}
}