{
	"Meta(Acqusition)": {
		"doc_id": "REPORT-edit-10027",
		"doc_category": "REPORT",
		"doc_type": "edit",
		"doc_name": "유럽축구 '인싸들만의 리그' 탄생... 돈이냐 의리냐",
		"author": null,
		"publisher": null,
		"publisher_year": null,
		"doc_origin": "월간조선"
	},
	"Meta(Refine)": {
		"passage_id": "REPORT-edit-10027-00001",
		"passage": "19일 유럽 축구계와 전세계 축구팬들이 혼란에 휩싸였다. 유럽 축구 리그의 명문 인기 클럽(구단)들이 이날 '유러피안 슈퍼리그(ESL)'를 만들겠다고 발표하면서다. FIFA(국제축구연맹)는 물론 영국 정부까지 나서 슈퍼리그에 불이익을 주겠다고 벼르며 새 리그 창설을 저지하고 있다. 축구계에 자본의 논리가 횡행하며 스포츠정신이 퇴색된다는 지적이 이어진다.\n슈퍼리그에 참여하기로 한 구단은 영국 스페인 이탈리아 리그 소속의 최고 인기구단(빅클럽) 12곳이다. 영국(잉글랜드) 프리미어리그의 맨유/맨시티/리버풀/첼시/아스날/토트넘, 스페인 라리가의 레알/바르셀로나/아틀레티코 마드리드, 이탈리아 세리에A의 유벤투스/AC밀란/인테르나치오날레 밀라노 등이다. 프랑스 리그1과 독일 분데스리가의 팀들은 참여하지 않는다.\n현재 유럽 각국 리그에서 활동하는 팀이 맞붙는 리그는 UEFA가 주관하는 챔피언스리그(챔스)와 유로파리그가 있는데, 12개 구단은 이에 참여하지 않고 슈퍼리그를 갖겠다는 것이다. 스폰서로는 미국의 투자은행 JP모건이 약 7조원을 투자한 것으로 알려졌다 .\n'인싸들만의 리그'를 만든다는 점은 씁쓸하지만 자본주의사회에서는 불가피한 결정이라는 의견도 많다. 축구팬 입장에서는 인기구단만 모아 볼 수 있어서 좋고, 구단 입장에서는 더 많은 수입이 들어와서 좋다. 슈퍼리그의 우승상금은 3천억원으로 참가만 해도 챔스 우승 상금보다 많은 2천억원을 받는 것으로 알려졌다.\n",
		"passage_Cnt": 713
	},
	"Annotation": {
		"summary1": "유럽 축구 리그의 명문 인기 클럽들이 유러피안 슈퍼리그를 만들겠다고 발표하자 유럽 축구계와 전세계 축구팬들이 혼란에 휩싸였다.",
		"summary2": "19일 유럽 축구계와 전세계 축구팬들이 혼란에 휩싸였다. 유럽 축구 리그의 명문 인기 클럽(구단)들이 이날 '유러피안 슈퍼리그(ESL)'를 만들겠다고 발표하면서다.",
		"summary3": null,
		"summary_3_cnt": null
	}
}