{
	"Meta(Acqusition)": {
		"doc_id": "REPORT-edit-00060",
		"doc_category": "REPORT",
		"doc_type": "edit",
		"doc_name": "【이상곤의 ‘흐름’】 문재인 취임 4주년을 축하할 수 없는 이유",
		"author": null,
		"publisher": null,
		"publisher_year": null,
		"doc_origin": "월간조선"
	},
	"Meta(Refine)": {
		"passage_id": "REPORT-edit-00060-00001",
		"passage": "문재인 대통령이 드디어 임기 1년 남겨 놓았다. 10일 문 대통령이 청와대에서 특별 연설을 하고 기자회견을 갖는 것을 보니 이제 실감이 난다. 외신에서 조차 ‘내로남불’을 영어로 표기할 정도로 비판 받는 문 정권이 이제 서서히 역사의 뒤안길(?)로 사라지는 것이다. 아직 1년이라는 세월이 남았지만 문 정권의 위선과 독주, 아집도 이제 1년만 견디면 되는구나 싶다. 그 와중에 무슨 예상치 못한 일이 벌어질지 모르지만 말이다. 사실 전임 박근혜 전 대통령이 그렇게 순식간에 몰락할 지 누가 알았나.\n사실 문 대통령은 정권을 그저 주운 것이나 마찬가지다. 정권 주변 사람들의 말을 들어보면 문 정권은 사실 박근혜 탄핵이 성사될지 장담을 못했다고 한다. 지금이야 박근혜 탄핵 과정을 알고 있으니 그러려니 하지만 당시 민주당 내부에서는 박근혜 탄핵은 어렵다고 봤다. 탄핵소추안의 국회통과도 당시 여야 의석수를 보면 어렵고, 통과가 된들 헌법재판소 탄핵 인용을 장담할 수 없었던 것이다. 그러니 문 대통령 입장에서 그 탄핵 과정이 얼마나 드라마틱했을까.\n그래서 그랬는지 문 정권 4년은 거의 망나니 칼춤에 비유될 정도로 갈지(之)자로 흘러왔다. 운좋게 최순실 사태를 만나 정권에 무임승차를 하고 보니 내밀하고 철저한 준비와 실행이 뒷받침되지 못했다. 그저 남 탓과 독선으로 일관해도 극렬지지층이 “우리 이니하고 싶은대로 해”라며 뒤를 봐줬다. 실력은 필요 없고 오로지 상대방 탓만 하면 됐다. 그래도 초반부터 역점을 두고 장악했던 검찰과 경찰, 사법 권력이 입맛대로 움직였다. 그렇게 정권의 독선과 독주는 거침없는 질주를 거듭했다.\n",
		"passage_Cnt": 798
	},
	"Annotation": {
		"summary1": "갈지자로 흘러왔던 문 정권은 최 씨 사태를 만나 운좋게 정권에 무임승차를 하고 보니 철저한 준비와 실행이 뒷받침되지 못했다.",
		"summary2": "그래서 그랬는지 문 정권 4년은 거의 망나니 칼춤에 비유될 정도로 갈지(之)자로 흘러왔다. 운좋게 최순실 사태를 만나 정권에 무임승차를 하고 보니 내밀하고 철저한 준비와 실행이 뒷받침되지 못했다.",
		"summary3": null,
		"summary_3_cnt": null
	}
}