{
	"Meta(Acqusition)": {
		"doc_id": "REPORT-edit-20005",
		"doc_category": "REPORT",
		"doc_type": "edit",
		"doc_name": "한국의 對美 로비 금액 1억7217만 달러, 세계 3위(2016~2021년)",
		"author": null,
		"publisher": null,
		"publisher_year": null,
		"doc_origin": "월간조선"
	},
	"Meta(Refine)": {
		"passage_id": "REPORT-edit-20005-00011",
		"passage": " 영국 주재 북한 공사를 지낸 국민의힘 태영호 의원(서울 강남구갑)은 “북한은 동구공산권이 무너지기 전인 1989년까지만 해도 로비를 (활발히) 펼쳤다. 규모는 연간 100만 달러 수준”이라고 했다. 로비는 해외 유력 인사를 찾아다니며 북한의 입장을 전달하고 현금이나 고가 시계(롤렉스)를 제공하는 방식으로 이뤄졌다고 했다. 이 때문에 크게 논란이 된 적도 있다고 했다.\n 북한 외교관이 핀란드에서 국회의원들에게 고급 시계를 전달했는데, 한 핀란드 의원이 이를 폭로한 사건이다. 이로 인해 현지에서 로비 활동을 벌이던 북한 외교관이 제재를 받기도 했다고 소개했다. 하지만 소련이 붕괴한 뒤로는 북한의 재정이 악화해 금전을 통한 로비는 거의 사라졌다고 했다.\n 태영호 의원은 “로비를 목적으로 선물을 주더라도 값비싼 선물은 거의 불가능하다”며 “해외 인사가 북한을 방문하면 고급 호텔에 묵게 하거나 주요 관광지에 들러 도자기와 같은 북한 특산물을 전하는 수준이 전부”라고 했다.\n 북한은 주로 외무성이나 대외문화연락위원회가 로비를 펼친다. 대외문화연락위원회는 주로 비정부NGO를 상대한다. 당과 관련된 로비는 당 국제부에서 맡고 해외 인사에 대한 로비는 통일전선부가 담당한다고 했다.\n 태 의원은 “북한은 중국, 러시아, 유럽 주요 국가 등 큰 나라를 중심으로 로비를 펼친다”면서 “해당 국가에서 영향력이 있는 정치인이나 법조인을 대상으로 진행한다”고 했다.\n",
		"passage_Cnt": 704
	},
	"Annotation": {
		"summary1": "영국 주재 북한 공사를 지낸 국민의힘 태 의원은 북한이 동구공산권이 무너지기 전 해외 유력 인사를 찾아다니며 현금이나 고가 시계를 제공하는 방식의 로비를 펼쳤다고 말했다.",
		"summary2": "영국 주재 북한 공사를 지낸 국민의힘 태영호 의원(서울 강남구갑)은 “북한은 동구공산권이 무너지기 전인 1989년까지만 해도 로비를 (활발히) 펼쳤다. 규모는 연간 100만 달러 수준”이라고 했다. 로비는 해외 유력 인사를 찾아다니며 북한의 입장을 전달하고 현금이나 고가 시계(롤렉스)를 제공하는 방식으로 이뤄졌다고 했다.",
		"summary3": null,
		"summary_3_cnt": null
	}
}