{
	"Meta(Acqusition)": {
		"doc_id": "REPORT-edit-20042",
		"doc_category": "REPORT",
		"doc_type": "edit",
		"doc_name": "트럼프의 부정선거 주장, 왜 나오고 어떻게 확산됐나",
		"author": null,
		"publisher": null,
		"publisher_year": null,
		"doc_origin": "월간조선"
	},
	"Meta(Refine)": {
		"passage_id": "REPORT-edit-20042-00006",
		"passage": " 이후 트럼프의 패배가 확실시되자, 그는 본격적으로 부정선거론을 전면에 내세운다. 아직 패배를 받아들이지 않은 자신의 지지자들에게 소리친다. “이 선거는 불법이자 조작이었다!”고. 그러고 나서 본격적인 법정 공방을 예고했다. 이미 선거 이전 주 법원들에 의해 부정선거와 관련한 법적 증거가 없다는 이유로 패소(敗訴)했음에도 불구하고, 이번에는 선거 자체를 뒤집기 위해 다시 싸움을 거는 것이다.\n 트럼프가 현재 기대하고 있는 것은 연방대법원으로 보인다. 최근 긴즈버그 대법관 사망 이후 그 자리를 우(右)성향 배넷 대법관이 채웠다. 선거 이후 대법관을 임명해야 한다는 민주당 측 주장에도 불구하고, 공화당은 서둘러 절차를 밟았다. 대통령에게 후보자 임명 권한이 있고, 공화당이 다수당(多數黨)을 차지하고 있는 상원(上院)에서 인준 권한을 가지고 있기에 가능한 일이었다.\n 그렇게 해서 배넷 대법관이 연방대법원에 입성하면서 현재 연방대법원은 우성향 대법관 6명과 좌성향 대법관 3명으로 구성되어 있다. 대법관은 사임·탄핵·사망 등의 경우에만 물러나는 종신직(終身職)이기에 이들은 임기 4년, 연임(連任) 시 8년간 재직하는 대통령보다 미국 사회의 방향성을 결정하는 데에 훨씬 큰 역할을 한다고 보는 이들이 많다.\n 트럼프는 이런 우성향 절대우위 대법원이 자신의 편이라고 생각하고 있다. 따라서 우편투표, 부정선거와 관련된 논란을 대법원까지 끌고 가면 자신에게 승산(勝算)이 있다고 보고 있을 가능성이 높다.\n",
		"passage_Cnt": 731
	},
	"Annotation": {
		"summary1": "트럼프의 패배가 확실시되자 그는 선거 자체를 뒤집기 위해 부정선거론을 내세웠다.",
		"summary2": "이후 트럼프의 패배가 확실시되자, 그는 본격적으로 부정선거론을 전면에 내세운다. 이미 선거 이전 주 법원들에 의해 부정선거와 관련한 법적 증거가 없다는 이유로 패소(敗訴)했음에도 불구하고, 이번에는 선거 자체를 뒤집기 위해 다시 싸움을 거는 것이다.",
		"summary3": null,
		"summary_3_cnt": null
	}
}