{
	"Meta(Acqusition)": {
		"doc_id": "REPORT-edit-20002",
		"doc_category": "REPORT",
		"doc_type": "edit",
		"doc_name": "박유미, 김유미, 그리고 유미 호건",
		"author": null,
		"publisher": null,
		"publisher_year": null,
		"doc_origin": "월간조선"
	},
	"Meta(Refine)": {
		"passage_id": "REPORT-edit-20002-00008",
		"passage": " 마냥 그립고 아름다운 고국. 막상 그 땅에서 현실을 살아가는 이들은 사정이 조금 다를 수 있다. \n ― 메릴랜드주는 민주당과 공화당이 협치(協治)한다지만, 한국 정치권은 분열이 심각합니다. 작은 땅덩이에 지역감정도 극복해야 할 문제고요. 사회 전반적으로 갈등이 심화된 시기입니다.\n “가정에서도 그렇습니다만 서로를 이해하는 게 참 중요해요. 우리는 각자 다른 색을 지니고 태어났으니까요. 정치든 무엇이든 결국 사람이 하는 일 아니겠어요. 나랑 다른 사람, 가끔은 나와 다투는 사람도 품어주고 포용해야 하겠죠.”\n 실제로 ‘호건 패밀리’ 내에도 다양성이 존재한다. 미국인 남편과 한국인 아내, 나아가 둘째 딸과 사위는 공화당원, 큰딸 내외와 셋째 딸 내외는 모두 민주당원이라고 한다. 서로에게 정치색을 강요하지 않는 게 불문율이다.\n ― 한국은 내년 대선을 앞두고 있는데요. 메릴랜드주와의 협력에서 나아가 한미 관계 증진까지 끌어내기 위해서 어떤 지도부가 들어서야 한다고 봅니까.\n “제가 정치인이 아니다 보니 딱 떨어지는 답을 드릴 수는 없지만, 한인 동포와 메릴랜드에 관심을 많이 가져주고, 미국이라는 사회와 나라에 대한 이해를 잘 하는 분이면 좋겠어요. 궁극적으로는 모두가 평화롭고 서로를 이해하며 잘 지내는 게 최우선이라는 것을 알아주는 인물이면 좋겠고요.”\n ― 퍼스트레이디의 가장 큰 덕목은 뭐라 생각합니까. 한국의 예비 영부인에게 귀감이 될 만한 얘기를 하자면요.\n",
		"passage_Cnt": 715
	},
	"Annotation": {
		"summary1": "한인 동포와 메릴랜드에 관심을 가지고 미국이라는 사회와 나라에 대한 이해를 잘 하는 지도부가 들어서면 좋겠다.",
		"summary2": "메릴랜드주와의 협력에서 나아가 한미 관계 증진까지 끌어내기 위해서 어떤 지도부가 들어서야 한다고 봅니까. 제가 정치인이 아니다 보니 딱 떨어지는 답을 드릴 수는 없지만, 한인 동포와 메릴랜드에 관심을 많이 가져주고, 미국이라는 사회와 나라에 대한 이해를 잘 하는 분이면 좋겠어요.",
		"summary3": null,
		"summary_3_cnt": null
	}
}