{
	"Meta(Acqusition)": {
		"doc_id": "REPORT-edit-20032",
		"doc_category": "REPORT",
		"doc_type": "edit",
		"doc_name": "“백신 나와도 코로나19 퇴치되지 않는다”",
		"author": null,
		"publisher": null,
		"publisher_year": null,
		"doc_origin": "월간조선"
	},
	"Meta(Refine)": {
		"passage_id": "REPORT-edit-20032-00011",
		"passage": " ― 한국의 지도자, 의료진에 전하고 싶은 말이 있나.\n “한국은 사스와 메르스 체험에 기초한, 방역 선진국으로 느껴진다. 메르스 당시 얻은 여러 가지 교훈을 통해 국가적 차원의 방역 체계를 이미 갖춘 나라다. 의료 관계자와 일반 국민의 바이러스에 관한 대응이나 인식도 상당히 높다. 건강한 삶에 주목하는 한국인의 의식도 중요한 역할을 했다. 세계적으로 보면 한국의 의료 시스템은 최첨단 선진국 수준에 도달해 있다. 따라서 기초체력이란 점에서 한국은 이미 코로나19 발생 이전부터 방역 선진국에 올라서 있다.\n 그 같은 튼튼한 기반을 바탕으로 클러스터가 발생하는 즉시 발 빠르게 대응한다. 바이러스에 대한 한국인의 의식과 의료진의 자세를 보면 아주 세부적이고 철저히 행한다는 것을 알 수 있다. WHO에서 보면, 데이터 수집·분석·통계가 전 세계 어떤 나라보다 빠르다. 감염자가 발생할 경우 발병 원인이 어디에 있는지, 장소는 어디인지, 어떤 식으로 전염됐는지에 대한 통계와 설명이 아주 구체적으로 정리·정돈 되어 있다. 누구라도 자료를 대하는 즉시, 한눈에 알 수 있도록 만들어진 입체적 대응이 한국 방역 체계의 특징이다. 초기에 교회에서 초대형 클러스터가 일어났지만, 환자·의료진·행정 당국 사이의 원활한 커뮤니케이션을 통해 원만하고 빠르게 해결해나갔다는 것도 WHO에 잘 알려져 있다.\n WHO에서 보면 한국은 전 세계의 모델이 될 만한 선진 방역국가다. WHO가 거꾸로 한국에서 많이 배우는 상태다.”\n",
		"passage_Cnt": 733
	},
	"Annotation": {
		"summary1": "WHO에서 보면 한국은 사스와 메르스를 체험한 방역 선진국가로 감염자가 발생하면 원인과 장소에 대한 통계와 설명이 구체적으로 정리되어 있어 전 세계의 방역 모델이 될 만하다.",
		"summary2": "한국은 사스와 메르스 체험에 기초한, 방역 선진국으로 느껴진다. 감염자가 발생할 경우 발병 원인이 어디에 있는지, 장소는 어디인지, 어떤 식으로 전염됐는지에 대한 통계와 설명이 아주 구체적으로 정리·정돈 되어 있다. WHO에서 보면 한국은 전 세계의 모델이 될 만한 선진 방역국가다.",
		"summary3": null,
		"summary_3_cnt": null
	}
}