{
	"Meta(Acqusition)": {
		"doc_id": "REPORT-edit-10056",
		"doc_category": "REPORT",
		"doc_type": "edit",
		"doc_name": "《근대 일본의 조선침략과 대아시아주의》에 나타난 강창일 주일대사 내정자의 일본관",
		"author": null,
		"publisher": null,
		"publisher_year": null,
		"doc_origin": "월간조선"
	},
	"Meta(Refine)": {
		"passage_id": "REPORT-edit-10056-00003",
		"passage": "‘대륙낭인’과 ‘대아시아주의’라는 키워드를 바탕으로 강창일 전 의원은 ‘동학농민전쟁과 천우협’ ‘명성황후 시해 사건과 일본 낭인’ ‘흑룡회의 결성과 활동’ ‘흑룡회와 일진회의 한일합방운동’ ‘조선낭인과 대아시아주의’라는 주제들을 풀어나가고 있는데, 한국인들의 일반적인 역사 상식과는 꽤 거리가 있는 이야기도 많아 흥미롭다.\n예컨대 조선 내에서 활동하던 조선낭인들이 결성한 천우협이라는 단체가 동학운동 지도자 전봉준과 1894년 7월 접촉했다든가, 친일단체인 일진회가 손병희의 지시로 만들어졌으며 소수(少數) 친일파들의 단체가 아니라 12만명의 회원을 거느린 당대 최대의 정치조직이었다는 이야기 등이 그것이다. 물론 지금은 구한말 역사에 관심 있는 사람들 사이에서는 웬만큼 알려진 이야기이기는 하지만, 강 전 의원이 제시하는 연구 결과들 중에는 상당히 충격적인 내용들도 적지 않다. 구한말이나 일본 메이지시대의 역사에 관심이 있는 사람이라면 흥미롭게 읽을 수 있는 책이다.\n이 책에서 강창일 전 의원은 ‘일본제국주의의 조선 침략’을 소리 높여 비난하지는 않는다. 절제된 언어로 실증적 연구 결과를 제시하는 학자적 면모를 보이는데, 후일 제주 4.3연구소장으로, 국회의원으로서의 그의 모습을 기억하는 이들에게는 의외다 싶을 정도다. 이 책의 연구 결과가 오늘날 어떤 의미를 갖는지에 대한 강창일 전 의원의 생각이 드러나는 것은 결론부이다. 몇 대목을 소개하면 다음과 같다.\n",
		"passage_Cnt": 711
	},
	"Annotation": {
		"summary1": "조선 내에서 활동하던 조선낭인들이 결성한 천우협이라는 단체가 동학운동 지도자 전 씨와 접촉한 이야기 등 강 전 의원이 제시한 연구 결과들 중에는 충격적인 내용들도 적지 않다.",
		"summary2": "예컨대 조선 내에서 활동하던 조선낭인들이 결성한 천우협이라는 단체가 동학운동 지도자 전봉준과 1894년 7월 접촉했다든가, 친일단체인 일진회가 손병희의 지시로 만들어졌으며 소수(少數) 친일파들의 단체가 아니라 12만명의 회원을 거느린 당대 최대의 정치조직이었다는 이야기 등이 그것이다. 물론 지금은 구한말 역사에 관심 있는 사람들 사이에서는 웬만큼 알려진 이야기이기는 하지만, 강 전 의원이 제시하는 연구 결과들 중에는 상당히 충격적인 내용들도 적지 않다.",
		"summary3": null,
		"summary_3_cnt": null
	}
}