{
	"Meta(Acqusition)": {
		"doc_id": "REPORT-edit-20028",
		"doc_category": "REPORT",
		"doc_type": "edit",
		"doc_name": "미얀마와 박정희와 전두환",
		"author": null,
		"publisher": null,
		"publisher_year": null,
		"doc_origin": "월간조선"
	},
	"Meta(Refine)": {
		"passage_id": "REPORT-edit-20028-00001",
		"passage": " 네 윈의 쿠데타와 통치기법은 군 출신 한국 대통령들에게도 영향을 줄 뻔했다. 박정희(朴正熙) 전 대통령은 5·16 이전부터 쿠데타에 동참할 만한 장교들에게 ‘네 윈식 쿠데타’에 대해 이야기하곤 했다. “그게 뭐냐?”고 물어보면 “군부가 나서서 사회혼란을 수습한 후 병영으로 복귀하되, 이후 민간정부를 감시·감독하는 것”이라고 설명했다. 이러한 생각은 5·16혁명공약 제6조 “이와 같은 우리의 과업이 성취되면 참신하고도 양심적인 정치인들에게 언제든지 정권을 이양하고 우리들은 본연의 임무에 복귀할 준비를 갖춘다”는 규정으로 현실화됐다. 5·16혁명 후 중앙정보부는 1963년의 민정(民政) 이양을 앞두고 정권을 민간정부에 넘겨준 후에도 박정희 국가재건최고회의 의장이 원수(元帥) 계급을 달고 군부 최고지도자로 막후에서 영향력을 행사하는 방안을 연구하기도 했다. 물론 이 방안은 한국 현실에는 맞지 않는다고 해서 폐기되었고, 박정희 장군은 군복을 벗고 대선에 출마해 대통령으로 당선됐다.\n 네 윈 모델은 전두환(全斗煥) 전 대통령에게도 영향을 주었다. 당시 ‘3허(許)’로 꼽히던 이 중 하나가 전두환 당시 대통령에게 군부 출신인 세인 윈에게 대통령직을 넘겨준 후 집권당 당수 자격으로 막후에서 실권을 행사하던 네 윈 모델을 속삭였다는 것이다. 1983년 10월 전두환 대통령이 동남아 순방을 하면서, 당시 한국과 정치·경제·외교적으로 별다른 관계가 없던 버마(당시 국명)를 순방국에 포함시킨 것은 바로 이 때문이었다고 한다. 하지만 전두환 대통령의 버마 순방은 아웅산 국립묘지 참배 시 북한의 폭탄테러라는 비극으로 막을 내리고 말았다. 어쩌면 전두환 대통령이 (실패로 끝나기는 했지만) 국가원로자문회의를 통한 ‘상왕(上王)정치’를 모색했던 것은 버마 모델의 변형일 수도 있다.\n",
		"passage_Cnt": 884
	},
	"Annotation": {
		"summary1": "박 전 대통령은 네 윈식 투데타를 군부가 나서서 사회혼란을 수습한 후 병영으로 복귀하되 이후 민간정부를 감시·감독하는 것이라고 설명했다.",
		"summary2": "박정희(朴正熙) 전 대통령은 5·16 이전부터 쿠데타에 동참할 만한 장교들에게 ‘네 윈식 쿠데타’에 대해 이야기하곤 했다. “그게 뭐냐?”고 물어보면 “군부가 나서서 사회혼란을 수습한 후 병영으로 복귀하되, 이후 민간정부를 감시·감독하는 것”이라고 설명했다.",
		"summary3": null,
		"summary_3_cnt": null
	}
}