{
	"Meta(Acqusition)": {
		"doc_id": "REPORT-edit-20029",
		"doc_category": "REPORT",
		"doc_type": "edit",
		"doc_name": "“미국 대통령이 폭도들을 불러냈다!”(리즈 체니 공화당 하원의원)",
		"author": null,
		"publisher": null,
		"publisher_year": null,
		"doc_origin": "월간조선"
	},
	"Meta(Refine)": {
		"passage_id": "REPORT-edit-20029-00007",
		"passage": " 선거불복 운동의 신호탄이 울린 것이다. 유명한 공화당 인사들이 동조하고 나섰다. 뉴트 깅그리치 전 하원의장은 폭스뉴스에 출연, “조 바이든이 필라델피아와 애틀랜타, 밀워키의 선거 결과를 훔치는 것을 목격한 트럼프 지지자들은 분노에 휩싸일 것”이라고 했다. 케빈 매카시 하원 공화당 원내대표는 다음 날 폭스뉴스 인터뷰에서 “이 방송을 듣는 사람들은 침묵해서는 안 된다. 우리 눈앞에서 이런 일이 발생하는 것을 용납할 수 없다”고 했다.\n 페이스북과 트위터 등 온라인 매체를 통해 거짓 정보가 빠르게 확산됐다. “캘리포니아주 산타크루즈에서 강아지가 투표를 했다” “개표기가 인식할 수 없는 펜을 사용하게 했다”는 주장들이었다. 이런 주장은 모두 사실이 아닌 것으로 확인됐다.\n 음모론은 또 다른 차원으로 진화했다. 선거 며칠 전인 10월 31일, 잘 알려지지 않은 매체인 ‘아메리칸 리포트’는 ‘해머’라고 불리는 슈퍼컴퓨터와 ‘스코어카드’라고 불리는 소프트웨어를 통해 트럼프의 표가 도둑맞을 수 있다고 보도했다. 이들은 2016년 대선 당시 오바마 행정부가 이런 기기(器機)를 사용해 트럼프의 선거운동을 감시했다는 거짓말을 퍼뜨린 장본인이다.\n 이런 주장은 데니스 몽고메리 전 국가안보 관련 계약직 직원과 토머스 매키너리 예비역 공군 중장 등을 통해 확산됐다. 매키너리는 극우 성향 매체에서 활동해온 인물이다. 폭스뉴스는 2년 전 그의 출연을 금지시켰다. 고(故) 존 매케인 상원의원이 베트남 전쟁에서 포로로 있을 때 군사기밀을 유출했다는 거짓말을 했기 때문이다.\n",
		"passage_Cnt": 763
	},
	"Annotation": {
		"summary1": "선거 불복 운동으로 깅그리치 전 하원의장이 폭스 뉴스에 출현해 선거 결과를 훔치는 것을 목격한 트럼프 지지자들은 분노에 휩싸일 것이라고 말했고 공화당 인사들도 동조하고 나섰다.",
		"summary2": "선거불복 운동의 신호탄이 울린 것이다. 유명한 공화당 인사들이 동조하고 나섰다. 뉴트 깅그리치 전 하원의장은 폭스뉴스에 출연, “조 바이든이 필라델피아와 애틀랜타, 밀워키의 선거 결과를 훔치는 것을 목격한 트럼프 지지자들은 분노에 휩싸일 것”이라고 했다.",
		"summary3": null,
		"summary_3_cnt": null
	}
}