{
	"Meta(Acqusition)": {
		"doc_id": "REPORT-edit-20037",
		"doc_category": "REPORT",
		"doc_type": "edit",
		"doc_name": "‘결과를 만들어내는 정치가’ ‘이벤트’는 안 통한다",
		"author": null,
		"publisher": null,
		"publisher_year": null,
		"doc_origin": "월간조선"
	},
	"Meta(Refine)": {
		"passage_id": "REPORT-edit-20037-00004",
		"passage": " 스가에게 따라붙는 별명 중 ‘구로코(黒子)’도 빼놓을 수 없다. 구로코는 일본 전통극 가부키(歌舞伎)에서 유래한 말로, ‘어둠 속에서 극의 진행이나 배우를 지원하는 도우미’를 뜻한다. 스가는 총리에 오르기까지의 정치인생 대부분을 구로코로 보냈다. 1974년 정치 입문 직후 중의원(衆議員) 비서관으로 출발한 이래 2006년 맺어진 아베와의 관계에서 보듯, 자신의 보스를 음지(陰地)에서 보좌해온 인물이다. 그가 ‘일본 정치무대에서 발이 가장 넓은 정치가’라는 말을 들을 수 있었던 것도 그 같은 구로코 정치 경력의 부산물이다. 스가는 부모의 후광이나 파벌, 학맥은 없어도 구로코로서 쌓은 인맥(人脈)은 일본 최대를 자랑한다.\n 스가에게 항상 따라붙는, ‘점심·저녁을 각각 두 번 먹는 정치인’이라는 말이 있다. 한정된 시간에 좀 더 많은 사람을 만나기 위한 스가식 정치인 셈이다.\n 구로코 스가는 그런 막강한 인맥을 자신만을 위해 활용하지 않았다. 아베를 비롯해 자신의 보스들을 위해 활용했다. 만나는 사람들의 생각과 상황을 보스에게 사심(私心) 없이 정확하게 전달하는 것이 스가식 정치의 핵심이었다. 용비어천가식 아부가 아니라, 객관적 전달자로서 믿을 만한 구로코의 역할을 해온 것이다.\n 흥미로운 것은 스가의 현황 파악에 관한 노하우다. 스가 반대파는 스가가 NHK를 국유화(國有化)하는 데 총력을 기울일 것이라고 말한다. 관방(官房)장관 재직 시 NHK는 물론 방송·신문 관계자들을 많이 만난 것이 그 같은 추측이 나오는 이유일 듯하다.\n",
		"passage_Cnt": 753
	},
	"Annotation": {
		"summary1": "스가에게 붙은 별명 중 구로코는 뺄 수 없는데 구로코는 어둠 속에서 진행이나 배우를 지원하는 도우미를 뜻한다.",
		"summary2": "스가에게 따라붙는 별명 중 ‘구로코(黒子)’도 빼놓을 수 없다. 구로코는 일본 전통극 가부키(歌舞伎)에서 유래한 말로, ‘어둠 속에서 극의 진행이나 배우를 지원하는 도우미’를 뜻한다.",
		"summary3": null,
		"summary_3_cnt": null
	}
}