{
	"Meta(Acqusition)": {
		"doc_id": "REPORT-edit-00066",
		"doc_category": "REPORT",
		"doc_type": "edit",
		"doc_name": "【이상곤의 ‘흐름’】 안철수 ‘트로이카 연합’ 선언.. 안철수가 아닌 야권 대선 승리 기폭제 될까?",
		"author": null,
		"publisher": null,
		"publisher_year": null,
		"doc_origin": "월간조선"
	},
	"Meta(Refine)": {
		"passage_id": "REPORT-edit-00066-00001",
		"passage": "안철수 국민의당 대표가 국민의힘과의 합당을 전격 선언했다. 그러면서 야권 대선주자 선호도 1위인 윤석열 전 검찰총장에게도 전격 합류를 제안했다.\n그는 27일 《한국일보》와의 인터뷰에서 “정권 교체 외엔 나라를 바로잡을 방법이 없고, 그러려면 야권 후보 단일화가 유일한 방안”이라며 야권 대통합과 야권 대선후보 단일화 의지를 밝혔다. 그는 또 “트로이카(국민의힘, 국민의당, 윤석열 전 검찰총장)가 힘을 합쳐야 한다“고 했다. 윤석열 전 총장에 대해서는 “정권교체에 도움이 되는 역할을 꼭 해주셨으면 좋겠다. 책임감을 좀 가져주셔야 한다”고 말했다.\n문재인 정권의 무능과 실정, 오만에 대한 국민적 분노와 정권 교체에 대한 의지를 생각하면 안 대표의 이번 전격 선언은 환영할 만한 일이다. 하지만 다소 늦은 감이 있어 아쉬운 점이 있는 것도 사실이다.\n국민의힘과 국민의당 합당 문제는 사실 안 대표가 먼저 제안한 것이다. 안 대표는 지난 4.7 보궐선거에서 서울시장 단일화 승패에 무관하게 국민의힘과 합당을 추진하겠다고 했었다. 물론 서울시장 후보 단일화에 우위를 점하기 위해 한 말이지만 당시 자신의 진정성을 알리기 위해 많은 말을 했다. “야권 대통합 추진을 통해 정권 교체의 교두보를 놓겠다” “시대가 야권 전체에 내리는 명령”이라고 까지 했다.\n그런데 주호영 국민의힘 당대표 권한대행이 4.7 보궐선거 승리 직후 합당에 대한 입장을 요구했지만 20일이 다 되도록 묵묵부답이었다. 국민의당 당원 의견을 묻는 절차를 진행 중이라는 말만 되풀이했다.\n",
		"passage_Cnt": 756
	},
	"Annotation": {
		"summary1": "국민의힘과의 합당을 선언한 안 국민의당 대표는 윤 전 검찰총장에게 합류를 제안하며 트로이카가 힘을 합쳐야 한다고 했다.",
		"summary2": "안철수 국민의당 대표가 국민의힘과의 합당을 전격 선언했다. 그러면서 야권 대선주자 선호도 1위인 윤석열 전 검찰총장에게도 전격 합류를 제안했다. 그는 또 “트로이카(국민의힘, 국민의당, 윤석열 전 검찰총장)가 힘을 합쳐야 한다“고 했다.",
		"summary3": null,
		"summary_3_cnt": null
	}
}