{
	"Meta(Acqusition)": {
		"doc_id": "REPORT-edit-20010",
		"doc_category": "REPORT",
		"doc_type": "edit",
		"doc_name": "美의 다음 전쟁은 글로벌 차원에서 國益에 직접 관련된 전쟁",
		"author": null,
		"publisher": null,
		"publisher_year": null,
		"doc_origin": "월간조선"
	},
	"Meta(Refine)": {
		"passage_id": "REPORT-edit-20010-00001",
		"passage": "‘가속도가 붙는 시대와 그에 맞서는 준비를…’.\n 유럽의 대표적인 지성(知性) 중 하나인 프랑스 경제학자 자크 아탈리(Jacques Attali)가 최근 언론에 기고한 글의 제목이다. 세상 스피드가 예상을 뛰어넘어 엄청 빨라지고 있으며 신속한 대응이 절실하다는 내용이 핵심이다. 갑자기 글로벌 뉴스 헤드라인으로 등장한 아프가니스탄 사태와 미국과 서방 쪽의 부실한 대응을 지적한 글이다.\n 아탈리는 1989년 동유럽 사회주의권이 무너질 때의 일을 소개하고 있다. 당시 조지 H. 부시 미국 대통령은 독일 통일이 10년 뒤에야 가능할 것으로 전망했다고 한다. 그런데 실제 동서독 통합은 부시 발언 이후 불과 1년 만에 이뤄졌다. 탈레반의 카불 입성도 원래 1년 이상 걸릴 것으로 전망했지만, 미군 철수가 이뤄지는 순간 함락됐다.\n 아탈리는 냉전(冷戰) 종식 이후 나타난 변화를 보면서, 글로벌 시대의 스피드가 앞으로 한층 더 가속화될 것이라고 전망한다. 예를 들어 2050년으로 예상되는 파멸적인 지구 온난화(溫暖化)도 당장 손을 쓰지 않으면 4년 뒤인 2025년에 닥칠 수 있고, 미군의 나토(NATO) 철수도 미국 이익에 맞춰 한순간 이뤄질 수 있다는 것이다. 그는 변이(變異) 바이러스 확산, 중국의 타이완(臺灣) 침공도 스피드를 더해가는 발등의 불이라고 경고한다.\n 탈레반의 카불 점령 소식도 마찬가지다. 지난 8월 15일부터 난리를 치면서 글로벌 뉴스 헤드라인을 장식하더니, 9월 1일 이후 갑자기 해외토픽 수준 뉴스로 뚝 떨어졌다. 여성 인권 문제와 관련된 탈레반의 폭정(暴政) 소식이 줄을 잇고 있지만, 9월에 들어서면서 사람들의 관심사에서 멀어졌다. 이라크·시리아 관련 뉴스가 그러했듯이, 미국인 집단 참수(斬首) 같은 좀 더 충격적인 ‘핏빛’ 뉴스가 없는 한 앞으로 탈레반 관련 뉴스는 해외토픽 수준에 머물다 완전히 사라져버릴 것이다.\n",
		"passage_Cnt": 923
	},
	"Annotation": {
		"summary1": "프랑스 경제학자 자크 아탈리는 언론에 세상의 스피드가 엄청나게 빨라지고 있으며 신속한 대응이 절실하다는 내용의 글을 기고했다.",
		"summary2": "유럽의 대표적인 지성(知性) 중 하나인 프랑스 경제학자 자크 아탈리(Jacques Attali)가 최근 언론에 기고한 글의 제목이다. 세상 스피드가 예상을 뛰어넘어 엄청 빨라지고 있으며 신속한 대응이 절실하다는 내용이 핵심이다.",
		"summary3": null,
		"summary_3_cnt": null
	}
}