{
	"Meta(Acqusition)": {
		"doc_id": "REPORT-edit-00027",
		"doc_category": "REPORT",
		"doc_type": "edit",
		"doc_name": "【이상곤의 ‘흐름’】 장기표의 ‘멈출 수 없는 꿈’... 영원한 재야와 만나다!",
		"author": null,
		"publisher": null,
		"publisher_year": null,
		"doc_origin": "월간조선"
	},
	"Meta(Refine)": {
		"passage_id": "REPORT-edit-00027-00002",
		"passage": "그,고(故)조영래 변호사와 함께‘전태일 평전’의 공동저자로 영화<1987>에도 나왔던 친구 김정남 씨는 어느 해 그에게 간곡한 말을 했다고 한다. “제발 장기표가 잘돼 성공하는 것을 단 한 번만이라도 꼭 보고 싶다”고 했단다.그러나 그는“본래 나는 인간해방 사회 건설을 위해 민주화 운동을 시작했고 정보문명 시대야말로 인간해방의 시대가 되리라고 확신하고 있기 때문에 지금 정치를 떠날 수 없다”고 했단다.\n“창랑의 물이 맑으면 갓끈을 씻고 창랑의 물이 흐리면 발을 씻는다”는 게 이 혼탁한 세상을 사는 지혜(어부 굴원)인데 아예 담을 쌓았다.정치를 자신의 천명(天命)으로 알고 사는데 객꾼들은 끼어들 자리는 없었다.다음은 그와의 일문일답.\n“일생동안 대한민국을 어떤 나라로 만들어야겠다는 이념과 정책을 정립하고 노력했다.그걸 이루려면 집권세력이 돼야 한다.그래서 국민의힘에 왔다.또 다른 이유는 반드시 정권교체를 해야 되기 때문이다.이 정권은 나라를 파탄을 내는 것도 모자라 국민들을 편을 가르고 있다.더 나쁜 것은 윤리와 도덕,가치관의 기준을 전도(顚倒)시켜 버렸다.정권을 교체하는데 내가 역할을 해야 하는 이유가 여기에 있다”\n“만만찮다.이유가 어쨌든 문재인 대통령의 지지율이 과장돼 있다 해도40%는 된다.또 최근 여론조사를 보면 여당대선후보 지지율을 합친 것이 야당 후보 지지율 합친 것보다 높다. 4,7보궐선거 후 야당이 약간 높았는데 역전됐다.믿을 것은 정권교체를 바라는 조사 결과가 아직은55%정도 된다는 건데 저쪽(집권세력)사람들이 권력과 정보,돈과 언론까지 다 갖고 있어 문제다”\n",
		"passage_Cnt": 782
	},
	"Annotation": {
		"summary1": "영화 1987에도 나왔던 김 씨는 장 씨가 잘돼서 성공하는 것을 꼭 보고 싶다고 간곡한 말을 했다.",
		"summary2": "그,고(故)조영래 변호사와 함께‘전태일 평전’의 공동저자로 영화<1987>에도 나왔던 친구 김정남 씨는 어느 해 그에게 간곡한 말을 했다고 한다. “제발 장기표가 잘돼 성공하는 것을 단 한 번만이라도 꼭 보고 싶다”고 했단다.",
		"summary3": null,
		"summary_3_cnt": null
	}
}