{
	"Meta(Acqusition)": {
		"doc_id": "REPORT-edit-20017",
		"doc_category": "REPORT",
		"doc_type": "edit",
		"doc_name": "“한국 정부는 중국 공산당에 우호적”",
		"author": null,
		"publisher": null,
		"publisher_year": null,
		"doc_origin": "월간조선"
	},
	"Meta(Refine)": {
		"passage_id": "REPORT-edit-20017-00007",
		"passage": " 리우 감독은 이번 한국 방문을 위해 비자를 발급받아야 했다. 주(駐)캐나다 한국대사관과 전화로 인터뷰하는데, 대사관 담당자가 공자학원 문제를 지금까지 몰랐다며 이것저것 물어왔단다.\n 한국은 공자학원 세계 진출에 꽤나 중요한 역할을 한 나라다. 일단 세계에서 최초로 공자학원이 설립된 곳이 바로 한국이다. 2004년 서울공자아카데미가 세워졌다. 이후 22개 대학으로 넓혀나갔다. 충북대, 우송대, 호남대, 동서대, 강원대, 충남대, 계명대, 순천향대, 동아대, 세한대, 대진대, 우석대, 제주한라대, 인천대, 한국외대, 경희대, 안동대, 연세대, 원광대, 세명대, 한양대, 제주대다. 공자학원뿐 아니라 공자학당도 17곳이 있다. 중·고등학생을 가르치는 곳이다.\n 리우 감독은 이번에 CUCI가 서울, 부산, 대구, 광주, 대전, 제주 등 여러 곳에서 개최한 상영회에 참석했다.\n ― 한국 관객들은 어떤 반응을 보이던가요.\n “정경희 국회의원이 첫 상영회에 함께했어요. 영화가 끝나고 제 손을 잡고 ‘인상적이었다’고 말해주는데, 진심이 전해졌어요. 부산에서는 어떤 고등학생이 이런 말을 해요. ‘중국인 친구를 만들고 싶다’는 거예요. 왜냐고 물었더니 이렇게 답해요. ‘우리나라에 중국 정부가 위험한 것 같다. 중국을 더 알고 싶다’고. 고등학생이 그런 생각을 하다니 인상적이었어요. 게임이나 아이돌이 아니라 조국과 국제 관계를 고민하는 거예요.”\n ― 그런 일이 있었군요.\n",
		"passage_Cnt": 712
	},
	"Annotation": {
		"summary1": "공자학원이 세계 최초로 설립된 한국은 공자학원 세계 진출에 꽤나 중요한 역할을 했다.",
		"summary2": "일단 세계에서 최초로 공자학원이 설립된 곳이 바로 한국이다. 한국은 공자학원 세계 진출에 꽤나 중요한 역할을 한 나라다.",
		"summary3": null,
		"summary_3_cnt": null
	}
}