{
	"Meta(Acqusition)": {
		"doc_id": "REPORT-edit-20020",
		"doc_category": "REPORT",
		"doc_type": "edit",
		"doc_name": "정부 TF, “오염수 방류, 한국에 끼칠 영향 미미”(2020년 10월)",
		"author": null,
		"publisher": null,
		"publisher_year": null,
		"doc_origin": "월간조선"
	},
	"Meta(Refine)": {
		"passage_id": "REPORT-edit-20020-00011",
		"passage": " 지난 4월 17일 정의용 외교부 장관은 방한한 존 케리 미국 대통령 기후특사를 만나 후쿠시마 오염수 방류에 대한 우려를 전달했다. 다음 날인 18일 케리 특사는 기자간담회를 열고 후쿠시마 오염수 문제와 관련한 질문에 “일본이 IAEA와 잘 협조할 것이라고 믿는다”며 “미국이 개입하는 것이 적절하지 않다”고 했다. 오염수 방류와 관련해 미국이 일본 편을 든 것이라는 해석이 나왔다.\n 4월 19일 정 장관은 국회 대정부 질문에서 “IAEA 기준에 맞는 적합한 절차에 따른다면 굳이 반대할 것은 아니다”라는 입장을 밝혔다. 이어 “반대한다기보다 우리 국민의 건강과 안전을 최우선으로 하면서 3가지 정도를 일본에 줄기차고, 일관되게 요청하고 있다”고 했다.\n 주일대사를 지낸 B씨는 이번 후쿠시마 오염수 방류에 대응하는 우리 정부에 대해 “과잉 대응은 오히려 우리 수산업을 망칠 수도 있다”고 했다. 그는 “외교는 정치이니 과잉 대응이 필요한 부분이 있다”면서도 “돌멩이를 던졌는데, 그 돌이 바위를 맞고 다시 자신에게 튕겨와 그 돌에 맞는 경우가 있다. 우리 정부도 종합적으로 계산해 과잉 대응으로 인한 피해가 발생하지 않도록 해야 한다”고 했다.\n 전직 고위 외교당국자 C씨는 “오염수 방류에 대한 구체적 검증이 중요하다”며 “일본이 국제 기준에 맞게 제대로 배출하는지를 확인하기 위해 이해당사국 중 하나로 우리 정부가 모니터링에 참여해야 한다”고 했다.\n",
		"passage_Cnt": 704
	},
	"Annotation": {
		"summary1": "존 케리는 기자간담회에서 후쿠시마 오염수 문제와 관련된 질문에 미국이 개입하는 것이 적절하지 않다고 했다.",
		"summary2": "지난 4월 17일 정의용 외교부 장관은 방한한 존 케리 미국 대통령 기후특사를 만나 후쿠시마 오염수 방류에 대한 우려를 전달했다. 다음 날인 18일 케리 특사는 기자간담회를 열고 후쿠시마 오염수 문제와 관련한 질문에 “일본이 IAEA와 잘 협조할 것이라고 믿는다”며 “미국이 개입하는 것이 적절하지 않다”고 했다.",
		"summary3": null,
		"summary_3_cnt": null
	}
}