{
	"Meta(Acqusition)": {
		"doc_id": "REPORT-edit-00033",
		"doc_category": "REPORT",
		"doc_type": "edit",
		"doc_name": "【이상곤의 ‘흐름’】 “과연 누구와 싸우는지 알기는 하는지..”",
		"author": null,
		"publisher": null,
		"publisher_year": null,
		"doc_origin": "월간조선"
	},
	"Meta(Refine)": {
		"passage_id": "REPORT-edit-00033-00001",
		"passage": "2018년 1월 18일 청와대 국민청원 게시판에 눈에 띄는 글이 하나 올라왔다. “포털사이트 ‘네이버’에 대한 철저한 수사가 필요하다”는 글이었다. “평창올림픽 여자 아이스하키 단일팀 구성에 대한 정부 여당 비판 글에 비정상적으로 ‘댓글’과 ‘좋아요’가 달려 상위에 랭크된다”는 것이다.\n화들짝 놀란 네이버는 이튿날 바로 분당경찰서에 수사를 의뢰했다. 이를 김어준이 덥석 물었다. 그는 1월 27일 자신의 유튜브 방송 ‘다스뵈이다’에서 “얘네들(보수진영)이 지방선거를 앞두고 여론공작에 돌입했다”며 ‘댓글 부대’ 의혹을 제기했다. 친문(親文)의 적자 김경수 경남지사의 몰락은 이렇게 시작됐다. 민주당 추미애 당시 대표가 김어준의 의혹 제기를 받아 서울경찰청에 수사를 의뢰하면서 김경수와 드루킹의 대선 여론조작 사건 실체가 드러난 것이다.\n김어준은 ‘가짜뉴스 공장장’으로 통한다. 실제로 지난 4.7 서울시장 보궐선거 당시 ‘김어준의 뉴스공장’은 내곡동 생태탕 집 가짜뉴스의 진원지였다. 야당이 ‘제2의 김대업’이라고 했지만 김어준의 ‘공장’은 가동을 멈추지 않았다. 현 집권 세력의 가짜뉴스와 여론공작은 실제로 이런 식으로 진행된다. 선거에서 이기기 위해 ‘철저히’ ‘뻔뻔하게’ ‘조직적으로’ ‘쉼 없이’ 조작이 이뤄진다.\n검찰이 청와대 인사 등 총 13명을 기소한 울산시장 선거개입 사건을 보자. 울산시장 선거개입 사건은 문재인 대통령의 30년 지기 송철호 현 시장을 당선시키기 위해 국가 공권력이 어떻게 동원됐는지 적나라하게 보여준다. 실제로 92년 14대 총선을 비롯해 이미 8차례 낙선을 한 송 시장 입장에서 이 방법 외 당선될 길은 없었다.\n",
		"passage_Cnt": 812
	},
	"Annotation": {
		"summary1": "집권 세력은 선거에서 이기기 위해 가짜 뉴스와 여론 공작은 쉼 없이 조작이 이뤄진다.",
		"summary2": "현 집권 세력의 가짜뉴스와 여론공작은 실제로 이런 식으로 진행된다. 선거에서 이기기 위해 ‘철저히’ ‘뻔뻔하게’ ‘조직적으로’ ‘쉼 없이’ 조작이 이뤄진다.",
		"summary3": null,
		"summary_3_cnt": null
	}
}