{
	"Meta(Acqusition)": {
		"doc_id": "REPORT-edit-20015",
		"doc_category": "REPORT",
		"doc_type": "edit",
		"doc_name": "“드레스 코드 무시는 無禮와 無知의 극치”",
		"author": null,
		"publisher": null,
		"publisher_year": null,
		"doc_origin": "월간조선"
	},
	"Meta(Refine)": {
		"passage_id": "REPORT-edit-20015-00007",
		"passage": " 문재인 대통령의 G7 사진 속에는 넥타이를 매지 않은 사람이 한 명 더 있다. 유럽의회(EC) 의장인 샤를 미셸(Charles Michel)이다. 청와대 입장에서 보면 좋은 변명거리가 될 듯하다. 하지만 그는 초대국이 아닌 정식 멤버로 회의 첫날부터 참가한 인물이란 점에서 문재인 대통령과 다르다. 그는 다른 G7 정상과 이미 안면을 튼 상태이다. 그는 유럽 리버럴의 대표 주자 격인 1975년생 벨기에 총리 출신이어서 드레스 코드를 알고는 있지만 일부러 넥타이를 매지 않은 것으로 볼 수 있다. 하지만 그도 슈트는 같은 색상의 정장을 입었다. \n 유럽과 미국의 정치인은 일찍부터 드레스 코드를 피부로 체득하면서 성장한 사람들이다. 매주 일요일에 가는 교회는 드레스 코드의 출발점이다. 집에서 입는 허름한 옷을 입고 신(神)의 제단에 가지는 않는다. 가족 모두 교회에 어울리는, 가장 아끼는 옷을 입고 교회에 간다. 학교에서 정기적으로 열리는 파티도 드레스 코드의 실전(實戰) 무대다. 사춘기 소년·소녀일수록 모두의 눈을 의식하게 된다. 야구나 축구, 테니스를 할 때에도 거기에 맞는 복장이 필수다. 어느 정도 교육 수준에 달한 사람이라면, 스포츠 드레스 코드가 당연하다. 그냥 집에서 입던 옷으로 나가 땀을 흘리면서 운동을 하지는 않는다.\n 성인이 된 뒤 입는 옷은 그 같은 과정을 거친 뒤 나타난 결과다. 옷은 개성을 표현하는 날개 이전에, 사회생활 속의 규칙이자 약속이다.\n",
		"passage_Cnt": 717
	},
	"Annotation": {
		"summary1": "G7 사진 속에 넥타이를 매지 않은 미셸을 청와대 입장에서 보면 좋은 변명거리가 될 듯하다.",
		"summary2": "문재인 대통령의 G7 사진 속에는 넥타이를 매지 않은 사람이 한 명 더 있다. 유럽의회(EC) 의장인 샤를 미셸(Charles Michel)이다. 청와대 입장에서 보면 좋은 변명거리가 될 듯하다.",
		"summary3": null,
		"summary_3_cnt": null
	}
}