{
	"Meta(Acqusition)": {
		"doc_id": "REPORT-edit-20017",
		"doc_category": "REPORT",
		"doc_type": "edit",
		"doc_name": "“한국 정부는 중국 공산당에 우호적”",
		"author": null,
		"publisher": null,
		"publisher_year": null,
		"doc_origin": "월간조선"
	},
	"Meta(Refine)": {
		"passage_id": "REPORT-edit-20017-00003",
		"passage": " ― 파룬궁을 수련했나요.\n “아니요. 그런 문제가 아니었어요. 저는 중국 남서부 지역에 있는 대학을 나왔어요. 대학을 졸업한 후 정치 담당 조교를 했어요. 4년 동안요. 학생들이 중국 정부가 원하는 대로 생각하고 발언하도록 단속하는 역할이었어요. 논쟁적이거나 반정부적인 생각이나 발언은 일절 하지 못하게 했지요.”\n ― 학생들이 세뇌(洗腦)당했네요.\n “그렇죠. 제 친구는 다른 과(科)에서 가르치고 있었어요. 그런데 그 과에서 한 교사가 체포됐다는 거예요. 감옥에 갇혔어요. 단지 파룬궁을 수련했다는 이유만으로요. 학생들에게 무척 인기가 많은 교사였어요. ‘중국 공산당은 좋은 교사를 단지 파룬궁을 수련했다는 이유만으로 감옥에 넣는구나…’ 생각했죠. 제가 아는 파룬궁은 진선인(眞善忍)이라는 좋은 덕목을 가르치는 수련법이었는데 말이에요.”\n ― 충격을 받았군요.\n “4년을 가르치다 대학을 떠났어요. 중국에 진출한 미국 기업에 들어갔어요. 당시 회사 사무실엔 미국 본사와 직접 연결하기 위한 인터넷 망이 있었어요. 중국 정부의 인터넷 검열 방화벽이 아직 완성되기 전이었어요. 정보에 자유롭게 접근하게 되자마자 뭘 찾았게요?”\n ― 파룬궁이었나요.\n “네. 그다음으로 천안문 사태에 대해 찾아봤어요. 천안문 사태 당시 저는 10대였어요. CCTV(중국의 국영방송)는 폭도들이 군인을 죽였다고 보도했어요. 시민들은 아무도 안 죽었다고요. 그 보도를 다 믿진 않았지만 사실이 뭔지 알 수 없었어요. 진실을 알려주는 책도 언론도, 아무것도 없었어요.”\n",
		"passage_Cnt": 755
	},
	"Annotation": {
		"summary1": "대학에서 정치 담당 조교를 하며 학생들이 반정부적인 생각과 발언을 일절 하지 못하게 해 중국 정부가 원하는 대로 생각하도록 단속하는 역할을 했다.",
		"summary2": "대학을 졸업한 후 정치 담당 조교를 했어요. 학생들이 중국 정부가 원하는 대로 생각하고 발언하도록 단속하는 역할이었어요. 논쟁적이거나 반정부적인 생각이나 발언은 일절 하지 못하게 했지요.",
		"summary3": null,
		"summary_3_cnt": null
	}
}