{
	"Meta(Acqusition)": {
		"doc_id": "REPORT-edit-20007",
		"doc_category": "REPORT",
		"doc_type": "edit",
		"doc_name": "코로나와 같이 살기로 작심한 유럽 종횡무진 45일간 여행기!",
		"author": null,
		"publisher": null,
		"publisher_year": null,
		"doc_origin": "월간조선"
	},
	"Meta(Refine)": {
		"passage_id": "REPORT-edit-20007-00003",
		"passage": " 헬싱키 공항은 유럽의 대표적인 허브공항 중 하나인데 7월 18일은 떠나온 인천공항처럼 한산했다. 문을 닫은 상점이 많았다. EU로 들어가는 첫 공항이므로 여기서 입국심사를 받았다. 체온 측정도 없이 음성확인서, 접종증명서, 여권을 확인하고 입국 허가를 해주었다. 두 시간 반을 더 날아 브뤼셀 공항에 도착했을 때는 입국심사할 필요가 없어 바로 짐을 찾아 나왔다. 브뤼셀 공항은 인천, 헬싱키와는 딴판으로 북적댔다. 이 공항은 짐을 찾는 곳이 별도 건물에 있어 많이 걸어야 한다.\n 벨기에·네덜란드·룩셈부르크를 베네룩스라고 약칭(略稱)하는데, 영어권에선 ‘저지대 국가(Low countries)’라고 불렀다. 이 세 나라에서 가장 높은 산은 벨기에 남쪽 아르덴 지방에 있는데 해발 694m이다. 산 같은 산은 없다고 보면 된다. 그래서인지 세 나라 출신 유명 등반가는 기억이 나지 않는다.\n 브뤼셀엔 EU 집행부와 나토(NATO) 사령부가 있어 EU의 사실상 수도 역할을 한다. 16세기 ‘해가 지지 않는 제국’을 다스렸던 신성로마제국 황제 카를 5세(스페인 왕으로서는 카를로스 1세)가 브뤼셀에 왕궁을 정하고 사실상 수도로 삼은 적이 있다. 브뤼셀은 숲의 도시이다. 울창한 숲길과 공원이 도심 이곳저곳에 있다. 벨기에 북부는 플랑드르 지역으로 네덜란드어권, 남부는 프랑스어권인데 여기에 유명한 아르덴 숲 지대가 펼쳐져 있다.\n 1940년 프랑스군은 이곳이 유럽에서 가장 좋은 탱크 방어선이라고 오판해 약한 군대를 배치했다. 나치 독일군은 1800대에 이르는 전차군단으로 아르덴 숲 지대를 50여 시간 만에 돌파해서 프랑스의 스당을 기습, 뫼즈강을 건너 영불(英佛)연합군의 배후를 차단·포위·섬멸해 6주 만에 프랑스군의 항복을 받아냈다. 이때 독일군 장병은 필로폰을 먹고 흥분상태에서 잠도 안 자고 야수처럼 싸웠다.\n",
		"passage_Cnt": 905
	},
	"Annotation": {
		"summary1": "헬싱키 공항은 유럽의 대표적인 허브공항 중 하나인데 인천공항처럼 한산했으며 체온 측정도 없이 음성확인서, 접종증명서, 여권을 확인하고 입국 허가를 해주었다.",
		"summary2": "체온 측정도 없이 음성확인서, 접종증명서, 여권을 확인하고 입국 허가를 해주었다. 헬싱키 공항은 유럽의 대표적인 허브공항 중 하나인데 7월 18일은 떠나온 인천공항처럼 한산했다.",
		"summary3": null,
		"summary_3_cnt": null
	}
}