{
	"Meta(Acqusition)": {
		"doc_id": "REPORT-edit-20026",
		"doc_category": "REPORT",
		"doc_type": "edit",
		"doc_name": "“북한은 그 어떤 협상에서도 한미동맹 종료에 관한 문구를 넣으려 할 것”",
		"author": null,
		"publisher": null,
		"publisher_year": null,
		"doc_origin": "월간조선"
	},
	"Meta(Refine)": {
		"passage_id": "REPORT-edit-20026-00011",
		"passage": " 싱가포르 미북정상회담을 전후해 본격화된 얘기로 유엔사령부(UNC· United Nations Command) 해체 문제가 있다. 종전선언과 평화협정으로 연결될 사안으로 그동안 북한이 줄기차게 주장해온 사안이다. ‘UNC 해체=주한미군 철수’로 연결될 수 있기 때문이다. 이후 문재인 정권이 들어서면서부터는 한국 정부도 가세해서 UNC 해체에 동조하는 분위기다. 미국은 해체가 있을 수 없다는 단호한 입장을 고수하고 있다. 홈스는 워싱턴 주재 외교관을 위한 온라인신문 ‘디플로매트(The Diplomat)’에 한국 UNC의 미래에 관한 글을 기고한 바 있다. \n ― UNC는 앞으로 어떻게 될 전망인가.\n “UNC는 한국 내 안보협정의 출발점에 해당된다. 한국전쟁 당시 유엔안전보장이사회가 미국에 요청한 것으로, 북한의 침략에 맞서 구축된 국제 군사협력 체제가 UNC다. UNC가 한국 방어자 입장에서 체결한 것이 한국군사정전협정(The Korean Armistice Agreement)이다. 한미연합사는 그 같은 UNC를 유지하는 기관 중 하나다. UNC와 관련된 조약이나 협정은 한국전쟁에 관계했던 모든 나라의 동의하에서만 가능하다. 북한과 중국을 초대해 UNC의 장래를 논의하자는 얘기가 있다. 나는 그런 주장에 동의할 수 없다. 결국에는 한반도 평화에 해(害)가 될 뿐이기 때문이다.”\n ― 북한만이 아니라 한국 정부도 UNC 해체를 주장하는 것으로 알고 있다.\n",
		"passage_Cnt": 711
	},
	"Annotation": {
		"summary1": "그동안 북한이 주장해 온 유엔사령부 해체 문제는 종전선언과 평화협정으로 연결된 사안이다.",
		"summary2": "싱가포르 미북정상회담을 전후해 본격화된 얘기로 유엔사령부(UNC· United Nations Command) 해체 문제가 있다. 종전선언과 평화협정으로 연결될 사안으로 그동안 북한이 줄기차게 주장해온 사안이다.",
		"summary3": null,
		"summary_3_cnt": null
	}
}