{
	"Meta(Acqusition)": {
		"doc_id": "REPORT-edit-10032",
		"doc_category": "REPORT",
		"doc_type": "edit",
		"doc_name": "애틀란타 총격 사고, 코로나19로 인한 아시안 혐오 범죄?",
		"author": null,
		"publisher": null,
		"publisher_year": null,
		"doc_origin": "월간조선"
	},
	"Meta(Refine)": {
		"passage_id": "REPORT-edit-10032-00002",
		"passage": "한편 미국에서 아시아계에 대한 인종차별 및 혐오범죄를 연구하는 비영리단체 ‘아시아·태평양계(AAPI) 증오를 멈춰라’가 17일 발표한 보고서에 따르면, 코로나19 확산 이후 지난 1년간 미국에서 아시아계 주민을 겨냥한 증오 관련 사건은 4000여건에 달한다. 보고서는 코로나19 사태 속에서 아시아계 주민에 대한 폭력 등 혐오범죄가 급증했다고 분석했다.\n이 단체에는 지난해 3월19일부터 지난 2월28일까지 아시아계를 대상으로 한 3795건의 혐오사건이 접수됐다. 사건의 68.1%는 언어폭력이고, 20.5%가 따돌림, 11.1%가 물리적 폭력이었다. 접수된 사건의 45%인 1691건이 아시아계 인구가 많은 캘리포니아에서 발생했고, 뉴욕에서도 14%인 517건이 보고됐다.\n사건이 발생한 장소는 ‘사업장'이 35.4%로 가장 많았고, 길거리(25.3%), 온라인(10.8%), 공원(9.8%), 대중교통(9.2%) 순이었다. 보고서는 “우리 센터에 접수된 혐오사건의 수는 실제로 발생한 사건의 일부”라며 “이것만으로도 아시아계 주민이 얼마나 차별에 취약한지를 보여준다”고 지적했다.\n아시안에 대한 범죄가 이어지면서 조 바이든 대통령이 지난 11일 연설에서 아시아계에 대한 혐오와 차별을 멈추라고 호소하기도 했다. 그러나 일주일도 지나지 않아 애틀랜타 연쇄 총격 참사가 발생했다.\n한편 아시안 증오 범죄가 이어지는 이유가 트럼프 전 대통령의 인종차별때문이라는 주장도 나온다. ‘아시아·태평양계(AAPI) 증오를 멈춰라’는 앞서 작년 10월 보고서에서 트럼프 전 대통령을 “코로나19 확산 사태와 관련해 아시아계 주민에 대한 차별적 언사를 하는 정치인 중에서 가장 큰 전파자”라고 밝힌 바 있다.\n",
		"passage_Cnt": 837
	},
	"Annotation": {
		"summary1": "코로나19 확산 이후 미국에서 아시아계 주민을 겨냥한 증오 관련 사건은 4000여건에 달하며 아시아계 주민에 대한 폭력 등 혐오범죄가 급증했다.",
		"summary2": "한편 미국에서 아시아계에 대한 인종차별 및 혐오범죄를 연구하는 비영리단체 ‘아시아·태평양계(AAPI) 증오를 멈춰라’가 17일 발표한 보고서에 따르면, 코로나19 확산 이후 지난 1년간 미국에서 아시아계 주민을 겨냥한 증오 관련 사건은 4000여건에 달한다. 보고서는 코로나19 사태 속에서 아시아계 주민에 대한 폭력 등 혐오범죄가 급증했다고 분석했다.",
		"summary3": null,
		"summary_3_cnt": null
	}
}