{
	"Meta(Acqusition)": {
		"doc_id": "REPORT-edit-10045",
		"doc_category": "REPORT",
		"doc_type": "edit",
		"doc_name": "도쿄올림픽, 2024년으로 극비 연기설?",
		"author": null,
		"publisher": null,
		"publisher_year": null,
		"doc_origin": "월간조선"
	},
	"Meta(Refine)": {
		"passage_id": "REPORT-edit-10045-00001",
		"passage": "지난해 한 차례 연기됐다가 올 7월 개최가 예정된 일본 도쿄올림픽의 재연기 가능성이 제기됐다.\n도쿄올림픽 조직위원회(조직위) 간부의 발언을 인용해 보도한 18일자 도쿄(東京)스포츠는 “일본 정부를 시작으로 올림픽 관계자들이 입을 모아 개최를 어필하고 있으나, 실제로는 수면 밑에서 플랜 B, C가 부상하고 있는 것을 본지는 알아냈다”고 했다.\n조직위의 한 간부는 “플랜 B, C는 존재한다. 다만 스가 요시히데(菅義偉) 총리도 모리 요시로(森喜朗) (조직위) 회장도 절대 밝히지 않는다. 공표하면 소란이 일어나기 때문이다”고 했다.\n이 간부는 “도쿄올림픽 개최 대체 계획은 아직 완성되지 않았으나, 조직위 내에서는 복수의 인사들이 말하고 싶어도 말할 수 없는 것이 ‘2024년 개최 계획’”이라고 밝혔다.\n2024년 개최 예정인 프랑스 파리 올림픽을 2028년으로, 2028년 미국 로스앤젤레스 올림픽을 2032년으로 각각 연기하는 방안이다.\n매체는 코로나19 영향으로 파리 올림픽 스폰서가 모이지 않아 프랑스도 올림픽을 준비할 상황이 아니라고 전했다.\n조직위 간부는 “국제올림픽위원회(IOC)가 취소를 꺼내지는 않겠지만 조직위는 2024년 개최를 제안할 가능성이 있다”고 했다.\n앞서 16일 미국 뉴욕타임스(NYT)는 “일본 도쿄올림픽의 개최는 어두워졌다”는 내용의 보도를 한 바 있다.\n고노 다로(河野太郞) 행정개혁·규제개혁상도 지난 14일 로이터통신과의 인터뷰에서 “도쿄올림픽이 둘 중 어느 쪽으로도 갈 수 있다”고 말하며 ‘취소 가능성’을 꺼냈다.\n",
		"passage_Cnt": 759
	},
	"Annotation": {
		"summary1": "한 차례 연기된 후 다시 개최 예정인 일본 도쿄올림픽이 조직위 내에서 2024년 개최를 계획하며 재연기 가능성이 제기됐다.",
		"summary2": "지난해 한 차례 연기됐다가 올 7월 개최가 예정된 일본 도쿄올림픽의 재연기 가능성이 제기됐다. 이 간부는 “도쿄올림픽 개최 대체 계획은 아직 완성되지 않았으나, 조직위 내에서는 복수의 인사들이 말하고 싶어도 말할 수 없는 것이 ‘2024년 개최 계획’”이라고 밝혔다.",
		"summary3": null,
		"summary_3_cnt": null
	}
}