{
	"Meta(Acqusition)": {
		"doc_id": "REPORT-edit-20057",
		"doc_category": "REPORT",
		"doc_type": "edit",
		"doc_name": "-하노이에서 김정은은 애원하며 매달렸다",
		"author": null,
		"publisher": null,
		"publisher_year": null,
		"doc_origin": "월간조선"
	},
	"Meta(Refine)": {
		"passage_id": "REPORT-edit-20057-00012",
		"passage": " 트럼프는 화제를 돌려 남북한의 통일 가능성과 중국의 역할에 대하여 물었지만 김정은은 본안으로 돌아가자고 했다. 트럼프는 미국을 때릴 수 있는 장거리 미사일 폐기를 약속하면 어떠냐고 했다. 그러면서 “존, 당신은 어떻게 생각해?”라고 했다. 볼턴은 좋은 기회라고 판단, “북한의 핵, 화학, 생물학 무기 및 탄도미사일 프로그램에 대한 완전한 신고가 있어야 하며 이는 군축협상의 전통적인 절차이고, 이전의 협상은 이것이 이뤄지지 않아 실패하였다”고 설명했다. 김정은은 단계적으로 진행하면 전체적인 그림을 그릴 수 있을 것이라고 응수했다.\n 김정은은 싱가포르에서 말했듯이 “북한은 체제안전을 위한 법적 보장이 없다”고 불평했다. 트럼프는 무슨 종류의 보장을 원하느냐고 물었다. 김정은은, 외교관계도 없고, 70년 동안 적대(敵對)관계였으며 겨우 8개월의 개인적 관계뿐이라고 답했다. 구체적 요구는 없었다. 김정은은 만약 미국 군함이 북한의 영해를 침범하면 어떻게 하느냐고 했고, 트럼프는 그럴 때는 “나에게 전화하라”고 했다.\n 김정은은 눈에 띄게 당황하는 모습이었다. 합의가 불가능하게 되었음이 명백해지자 양측은 발표문을 놓고 논의를 진행했다. 김정은은 공동성명으로 하자고 했고, 트럼프는 따로 발표하자고 했다가 말을 바꾼다. 이렇게 설왕설래하다가 트럼프가 한 번 더 ‘완전한 합의’를 원한다고 했더니 김정은은 더 제안할 것이 없다면서 공동발표를 ‘하노이 성명’으로 하자고 했다.\n",
		"passage_Cnt": 716
	},
	"Annotation": {
		"summary1": "트럼프는 중국의 역할에 대해 물었지만 김 씨는 본안으로 돌아가자고 했고 트럼프는 장거리 미사일 폐기를 약속하면 어떠냐고 말했다.",
		"summary2": "트럼프는 화제를 돌려 남북한의 통일 가능성과 중국의 역할에 대하여 물었지만 김정은은 본안으로 돌아가자고 했다. 트럼프는 미국을 때릴 수 있는 장거리 미사일 폐기를 약속하면 어떠냐고 했다.",
		"summary3": null,
		"summary_3_cnt": null
	}
}