{
	"Meta(Acqusition)": {
		"doc_id": "REPORT-edit-20049",
		"doc_category": "REPORT",
		"doc_type": "edit",
		"doc_name": "“첫째 목표는 자유, 둘째는 평화, 재통일은 세 번째”",
		"author": null,
		"publisher": null,
		"publisher_year": null,
		"doc_origin": "월간조선"
	},
	"Meta(Refine)": {
		"passage_id": "REPORT-edit-20049-00008",
		"passage": " 빌리 브란트는 “그 후로 나는 이 당시를 거울삼아 정치를 해왔다. 데탕트의 시작이라 할 동방정책은 이런 배경 속에서 이루어진 것이다”라고 밝혔다.\n 젊은 세대들 사이에서는 서방세계로의 통합을 바탕으로 장기적으로 통일을 추진한다는 아데나워의 노선에 대해 ‘연방공화국의 영원한 거짓말’이라고 빈정대는 이들이 나오기 시작했다. 그중 하나가 언론인 출신으로 브란트의 측근 참모가 된 에곤 바르였다. 에곤 바르는 1963년 7월 투칭에서 열린 한 토론회에서 ‘접근을 통한 변화’라는 개념을 처음으로 내놓았다. 그의 주장은 같은 행사에서 빌리 브란트가 했던 연설보다 훨씬 더 여론의 주목을 받았다.\n 한편 아데나워는 갈수록 데탕트로 기우는 미국의 자세에 불안을 느끼고 프랑스의 드골 대통령에게 접근했다. 1963년의 독불협력조약(엘리제조약)은 이런 배경에서 나온 것이었다. 이러한 흐름은 후일 유럽통합, 즉 EU(유럽연합) 창설로 이어졌다. 반면에 당시 루트비히 에르하르트 경제장관(아데나워의 후임 총리) 등은 프랑스가 미국을 대신할 수 없다고 생각해서 이에 반발했다. 그러나 이러한 주장들은 모두 독일 외교의 중요한 자산으로 남아 훗날 통일의 밑거름이 됐다.\n 아데나워의 뒤를 이어 에르하르트 정부가 들어서면서 보수적인 기민당 정부도 나름 정책 전환을 시도했다. 한마디로 동독의 존재는 부인하되 소련 및 동구와의 관계 개선은 추구하면서 분단, 특히 베를린장벽 구축으로 인한 고통들을 완화시킬 수 있는 방안들을 모색해보겠다는 것이었다. 그러나 총리 자리에서는 물러났지만 여전히 기민당 총재 자리를 지키고 있던 아데나워를 필두로 한 기민당의 주류적 입장은 소련과 동독의 독재체제를 간접적으로라도 용인해야 한다면 데탕트가 무슨 소용이냐는 것이었다.\n",
		"passage_Cnt": 860
	},
	"Annotation": {
		"summary1": "브란트의 측근 참모가 된 바르가 처음으로 내놓았던 접근을 통한 변화라는 주장은 브란트의 연설보다 훨씬 더 여론의 주목을 받았다.",
		"summary2": "그중 하나가 언론인 출신으로 브란트의 측근 참모가 된 에곤 바르였다. 에곤 바르는 1963년 7월 투칭에서 열린 한 토론회에서 ‘접근을 통한 변화’라는 개념을 처음으로 내놓았다. 그의 주장은 같은 행사에서 빌리 브란트가 했던 연설보다 훨씬 더 여론의 주목을 받았다.",
		"summary3": null,
		"summary_3_cnt": null
	}
}