{
	"Meta(Acqusition)": {
		"doc_id": "REPORT-edit-00079",
		"doc_category": "REPORT",
		"doc_type": "edit",
		"doc_name": "【이상곤의 ‘흐름’】 4·7 보선 ‘성적표’...이제 하루 남았다",
		"author": null,
		"publisher": null,
		"publisher_year": null,
		"doc_origin": "월간조선"
	},
	"Meta(Refine)": {
		"passage_id": "REPORT-edit-00079-00001",
		"passage": "작년 바이든 승리를 가져온 미 대선 사전투표율은 기록적이었다. 최종 투표일인 11월 3일 현장투표와 우편투표를 합쳐 1억명을 넘었다. 2016년 총투표수 1억3650여만명의 3분의2를 넘는 숫자로 가히 사전투표 열풍이라 할만 했다. 덕분에 2020 미 대선 투표율은 120년 만에 최고치인 66.8%를 기록했다.\n이같은 투표율은 트럼프의 추락을 예고한 것이다. 온갖 막말과 추문, 무능과 오만으로 미국을 ‘2류 국가’로 만들었던 트럼프는 이렇게 4년 재임기간의 막을 내렸다.\n4월2,3일 실시된 서울과 부산시장 보궐선거 사전투표 열기도 뜨거웠다. 사전투표율은 서울이 21.95%, 부산이 18.65%로 전체 20.5%를 보였다. 사전투표제가 도입된 지난 2012년 이후 최고치를 기록했다.\n이같은 기록적 사전투표율에 즉각 반응하는 쪽은 역시 민주당이었다. 직전 실시된 여론조사에서 서울과 부산 모두 크게 뒤졌던 민주당은 높은 사전투표율을 ‘아전인수’식으로 해석하는데 혈안이 됐다.\n민주당 중앙선대위 최인호 수석부대변인은 5일 한 라디오에 나와 “사전투표율이 높으면 늘 저희당 후보가 유리했다”며 서울과 부산 모두 크게 이겼다고 주장했다.\n민주당 서울시장 후보 박영선 캠프는 아예 선대위 조직총괄본부 명의로 캠프 운동원들에게 ‘승리’의 문자를 보냈다. “여러분이 진심어린 호소와 지원활동으로 서울시민의 마음이 움직여 사전투표에서 이겼다”라고 했다. 근거도 없이 그저 “사전투표에서 이겼다”를 반복했다.\n",
		"passage_Cnt": 728
	},
	"Annotation": {
		"summary1": "바이든의 승리를 가져온 미 대선 사전투표율은 2016년 총 투표수의 3분의 2를 넘었고 2020 미 대선 투표율은 66.8%로 120년 만에 최고치를 기록했다.",
		"summary2": "작년 바이든 승리를 가져온 미 대선 사전투표율은 기록적이었다. 2016년 총투표수 1억3650여만명의 3분의2를 넘는 숫자로 가히 사전투표 열풍이라 할만 했다. 덕분에 2020 미 대선 투표율은 120년 만에 최고치인 66.8%를 기록했다.",
		"summary3": null,
		"summary_3_cnt": null
	}
}