{
	"Meta(Acqusition)": {
		"doc_id": "REPORT-edit-20006",
		"doc_category": "REPORT",
		"doc_type": "edit",
		"doc_name": "‘외계인이 인종 개량을 위해 납치!’",
		"author": null,
		"publisher": null,
		"publisher_year": null,
		"doc_origin": "월간조선"
	},
	"Meta(Refine)": {
		"passage_id": "REPORT-edit-20006-00013",
		"passage": " ― 맥 박사와는 어떻게 함께 일을 하게 됐나.\n “맥 박사는 1990년대에 사람들을 인터뷰하고 이를 카세트테이프에 녹음했다. 지금처럼 인공지능 기술을 통해 자동으로 녹취를 풀 수 없었다. 나는 카세트테이프를 받으면 이를 타자로 쳐서 맥 박사에게 전달하는 일을 했다. 1998년 말부터 그와 함께 일을 시작했고 그때부터 이 문제를 연구하기 시작했다.”\n ― 맥 박사와 꽤 오래 일을 함께 하고 그를 가까이에서 관찰할 수 있었던 것으로 안다. 맥 박사는 1990년대 중후반 들어 점점 학계의 주류(主流)로부터 멀어지게 되는 것 같다.\n “어떤 측면에서 보면 맥 박사가 이런 회의론(懷疑論)과 맞닥뜨리게 된 것이 나쁜 일만은 아니었다고 생각한다. 그는 그때까지의 커리어 내내 여러 표창과 상을 받고 존경을 받아왔다. 그가 쌓아온 명성으로 연구 결과를 뒷받침할 수 없는 첫 번째 사례가 (납치 문제) 아니었나 싶다. 그는 스스로를 증명해내야 하는 상황이 됐다. 이런 현실을 조금 슬프게 생각했을 수는 있지만 화를 내지는 않았다. 그가 옛 친구들이나 동료들에 대해 그냥 실망했을 뿐이라고 생각한다. 다른 사람들이 자신처럼 이 문제를 진지하게 생각하지 않는 것에 대해 실망한 것이다.”\n ― 맥 박사와 함께 납치를 연구하던 동료들의 의견은 어땠나? 이들 모두 맥 박사의 연구에 동의했나.\n “맥 박사가 두 개의 커리어를 갖고 있었다는 점을 먼저 알려주고 싶다. 맥 박사는 하버드 의대 소속으로 케임브리지 병원에서 레지던트들을 가르쳤다. 그는 병원 인근에 비영리단체를 하나 따로 만들고 외계인에 의한 납치현상을 연구했다. 이 연구는 하버드가 돈을 지원한 것이 아니라 로렌스 록펠러 등이 지원했다. 록펠러는 이 문제에 관심이 있는 미국인 중 돈이 가장 많은 사람 중 한 명이었다. 이 연구소에서 일하는 모든 직원은 맥 박사의 연구를 지지했다. 하지만 하버드 의대 학생들은 조금 달랐다. 몇 명은 큰 관심을 가졌지만 많은 학생은 이런 연구가 맥 박사의 명성에 해를 끼칠 것이라고 걱정했다. 맥 박사가 이 문제에서 관심을 껐으면 좋겠다고 생각한 학생들이 많았다.”\n",
		"passage_Cnt": 1035
	},
	"Annotation": {
		"summary1": "납치를 연구하던 동료들 모두가 맥 박사의 연구에 동의했는지 묻는 질문에 연구소에서 일하는 모든 직원이 연구를 지지했다고 답했다.",
		"summary2": "― 맥 박사와 함께 납치를 연구하던 동료들의 의견은 어땠나? 이들 모두 맥 박사의 연구에 동의했나. 이 연구소에서 일하는 모든 직원은 맥 박사의 연구를 지지했다.",
		"summary3": null,
		"summary_3_cnt": null
	}
}