{
	"Meta(Acqusition)": {
		"doc_id": "REPORT-edit-20006",
		"doc_category": "REPORT",
		"doc_type": "edit",
		"doc_name": "‘외계인이 인종 개량을 위해 납치!’",
		"author": null,
		"publisher": null,
		"publisher_year": null,
		"doc_origin": "월간조선"
	},
	"Meta(Refine)": {
		"passage_id": "REPORT-edit-20006-00001",
		"passage": "“나는 내가 어머니의 자궁 속으로 들어갈 때를 기억한다. 나는 별과 비슷한, 에너지의 모습을 하고 있었다. 행복하고 즐거웠다. 떠난다는 것, 그리고 어디론가 간다는 것에 매우 흥분됐다. 다음으로 기억나는 것은 내가 부모님 침실 구석에 에너지로 만들어진 공(球)처럼 놓여 있었던 것이다. 에너지의 모습을 하고서 부모님을 지켜볼 수 있었다. 그다음 기억은 내가 어머니 배 속에 들어가 있는 장면인데 임신 7개월쯤 됐던 것 같다. 오빠들과 언니가 떠드는 것을 들었다. 나는 이때 내가 ‘인간의 몸을 하고 지구로 돌아왔구나’라는 생각이 들었다.”\n 위의 글을 읽은 독자들은 ‘무슨 황당한 이야기인가’라고 생각할 것이다. 이는 5세 때부터 외계(外界)생명체를 여러 차례 만났고 이들로부터 신체검사를 받았다는 수잔 매너위치 씨가 기자와의 인터뷰에서 한 이야기다. 미국 매사추세츠주(州)에 거주하는 그는 새로운 에너지 자원의 중요성을 알리는 비영리재단인 뉴에너지무브먼트의 회장이다. 대체 에너지 자원 개발 문제만이 아니라 인간의 의식(意識), 감정 등을 연구하는 활동도 해왔다. 성공적인 커리어우먼으로 각종 국제 콘퍼런스 등에 연사로 초청되는 인물이다.\n 2021년 6월 25일 미국 정부의 미확인비행물체(UFO) 보고서 발표 이후 UFO와 외계생명체에 대한 관심이 뜨겁다. 세계 최고의 군사·항공 기술을 갖고 있는 미국이 “UFO는 기상현상이 아니고 실체로 존재하지만 인간이 만든 것으로 보이지 않는다”는 결론을 내렸다. 이는 ‘인간이 만든 것도 아니고 자연현상을 착각한 것도 아니라면 도대체 어디에서 온 걸까?’라는 의문으로 이어졌다.\n",
		"passage_Cnt": 799
	},
	"Annotation": {
		"summary1": "수잔 매너위치는 미국 매사추세츠주에 거주하고 새로운 에너지 자원의 중요성을 알리는 비영리재단인 뉴에너지무브먼트의 회장이다.",
		"summary2": "이는 5세 때부터 외계(外界)생명체를 여러 차례 만났고 이들로부터 신체검사를 받았다는 수잔 매너위치 씨가 기자와의 인터뷰에서 한 이야기다. 미국 매사추세츠주(州)에 거주하는 그는 새로운 에너지 자원의 중요성을 알리는 비영리재단인 뉴에너지무브먼트의 회장이다.",
		"summary3": null,
		"summary_3_cnt": null
	}
}