{
	"Meta(Acqusition)": {
		"doc_id": "REPORT-edit-20020",
		"doc_category": "REPORT",
		"doc_type": "edit",
		"doc_name": "정부 TF, “오염수 방류, 한국에 끼칠 영향 미미”(2020년 10월)",
		"author": null,
		"publisher": null,
		"publisher_year": null,
		"doc_origin": "월간조선"
	},
	"Meta(Refine)": {
		"passage_id": "REPORT-edit-20020-00010",
		"passage": " 주한일본대사관이 오염수(처리수) 해양 방출의 근거로 삼은 한국 측 자료는 현재 접근할 수 없는 상태다.\n 주한일본대사관은 관련 자료(출처:KINS, 해양수산부)를 각주 형식으로 소개하며 이를 클릭하면 자동으로 해당 페이지에 접근할 수 있도록 연결(링크)해놓았다.\n 주한일본대사관에 ‘링크에 오류가 있다’고 문의하자 대사관 측은 “관련 자료를 공개할 당시(4월 13일)만 해도 정상적으로 열렸다. 이런 문의는 처음”이라면서 “담당자가 해당 내용을 확인해보니 해수부가 (주한일본대사관이 참고한 자료를 해양수산부 홈페이지에서) 삭제한 것”이라고 했다.\n KINS 관계자는 “(주한일본대사관이 링크한 자료는) 홈페이지 개편을 하면서 (링크) 주소가 변경됐다”고 했다.\n 해양수산부(해수부)는 주한일본대사관이 자료를 공개한 다음 날(4월 14일) 보도자료를 내고 “일본대사관이 인용한 2013년 해양수산부 발표자료(우리 수산물 안심하고 드셔도 됩니다!)는 당시 제한된 방출정보와 일반적인 모델을 활용하여 추정한 것입니다”라고 주장했다. 그러면서 “이후 일부 국내외 연구의 경우, 오염수의 영향에 대한 우려가 제기되는 등 당시보다 정교한 분석의 필요성이 높은 상황”이라고 했다.\n 해수부에 ‘(주한일본대사관이 링크한) 해수부의 관련 주소가 왜 삭제됐는지’를 물었으나, 정확한 답을 들을 수 없었다. 해수부 한 관계자는 “2013년 자료라 오래돼서 삭제된 것 같다”는 취지로 답했다.\n",
		"passage_Cnt": 713
	},
	"Annotation": {
		"summary1": "주한일본대사관은 오염수 해양 방출의 근거로 삼은 한국 측 자료를 클릭하면 해당 페이지에 접근할 수 있도록 했었는데 접근할 수 없는 상태가 되었다.",
		"summary2": "주한일본대사관이 오염수(처리수) 해양 방출의 근거로 삼은 한국 측 자료는 현재 접근할 수 없는 상태다. 주한일본대사관은 관련 자료(출처:KINS, 해양수산부)를 각주 형식으로 소개하며 이를 클릭하면 자동으로 해당 페이지에 접근할 수 있도록 연결(링크)해놓았다.",
		"summary3": null,
		"summary_3_cnt": null
	}
}