{
	"Meta(Acqusition)": {
		"doc_id": "REPORT-edit-10006",
		"doc_category": "REPORT",
		"doc_type": "edit",
		"doc_name": "美中정상회담, 바이든은 ‘규칙’ 시진핑은 ‘상호존중’ 강조",
		"author": null,
		"publisher": null,
		"publisher_year": null,
		"doc_origin": "월간조선"
	},
	"Meta(Refine)": {
		"passage_id": "REPORT-edit-10006-00001",
		"passage": "바이든 미국 대통령과 시진핑 중국 주석이 첫 정상회담을 했다. 미중 갈등이 심화된 가운데 열린 회담이라 전 세계가 이목을 집중했다. 화상으로 진행된 회담은 미국시간으로 15일 오후 7시 50분쯤, 중국시간으로 16일 오전 8시 50분쯤 시작했다.\n두 정상은 모두발언에서 상호 간 협력의 필요성을 강조한 후 본론에 들어갔다. 바이든 대통령은 “미국과 중국의 지도자로서의 책임은 양국 관계가 공개적인 충돌로 바뀌지 않게 하는 것”이라고 말했다. 그러면서 “우리는 양국 국민뿐만 아니라 세계에 대해서도 책임이 있다”면서 “각국은 규칙에 따라 행동해야 하며 미국은 미국의 가치를 따를 것”이라고 했다. 이와 함께 인권에서 인도·태평양 이슈에 이르기까지 미국이 우려하는 분야에 대해 시 주석과 논의할 것이라고 말했다.\n바이든 발언 후 입은 연 시 주석은 “현재 미·중 양국 발전은 모두 결정적 단계에 와 있고 인류의 지구촌은 많은 도전에 직면해 있다”면서 “미·중은 세계 2대 경제 대국이자 유엔 안전보장이사회 상임이사국으로서 소통과 협력을 강화해야 한다”라고 했다. 그러면서 “양국은 자국 내 일을 잘 처리하는 동시에 국제적인 책임도 져야 하고 인류 평화와 발전의 위대한 사업을 공동 추진해야 한다”면서 “이는 양국과 양국 국민 공동의 바람이자 미·중 양국 지도자의 공동의 사명”이라고 했다.\n시 주석은 “중국과 미국은 서로 존중하고 평화롭게 공존하고 협력해서 윈윈해야 한다”면서도 “중·미가 각각 발전을 촉진하고 평화롭고 안정적인 국제 환경을 유지해야 한다”며 미국의 간섭과 개입을 경계하는 목소리도 냈다.\n",
		"passage_Cnt": 785
	},
	"Annotation": {
		"summary1": "미중 갈등이 심화된 가운데 바이든 대통령과 시진핑 주석의 첫 정상회담이 열리자 전 세계의 이목이 집중됐고 두 정상은 상호 간 협력의 필요성을 강조했다.",
		"summary2": "바이든 미국 대통령과 시진핑 중국 주석이 첫 정상회담을 했다. 미중 갈등이 심화된 가운데 열린 회담이라 전 세계가 이목을 집중했다. 두 정상은 모두발언에서 상호 간 협력의 필요성을 강조한 후 본론에 들어갔다.",
		"summary3": null,
		"summary_3_cnt": null
	}
}