{
	"Meta(Acqusition)": {
		"doc_id": "REPORT-edit-00061",
		"doc_category": "REPORT",
		"doc_type": "edit",
		"doc_name": "【서봉대의 ‘되짚기’】 너도나도 돈, 돈, 돈...大選정국 걱정된다",
		"author": null,
		"publisher": null,
		"publisher_year": null,
		"doc_origin": "월간조선"
	},
	"Meta(Refine)": {
		"passage_id": "REPORT-edit-00061-00001",
		"passage": "# “이회창 후보가 잠재성장률로 6%를 제시하는 바람에 나는 좀 더해야 안 되겠나 생각해 7%라고 했다”\n노무현 전 대통령이 2002년 대선후보 토론회를 떠올리며 이같이 밝힌 뒤 “대통령 되고 다시 보니까 불가능한 것이었다“고 털어놨다. 표심을 얻기위해 일단 질러봤다는 말이다.\n5년 후 대선에선 이명박 전 대통령이 7% 경제성장을 공약했으나 집권기간 연평균 3% 수준에 그쳤다. 박근혜 전 대통령은 2012년 대선 때 문재인 후보와 경쟁하듯 경제민주화 공약을 쏟아냈다가 집권 후 후퇴 (폐기)해 버렸다.\n김대중 전 대통령의 경우 1997년 대선이 외환위기에서 치러졌음에도 ‘국민소득 3만 달러, 세계경제 5강 진입’이란 장밋빛 공약을 내놨다가 집권 후 없었던 일로 해버렸다.\n설익은 정책을 남발, 표를 구걸하는 포퓰리즘 공약은 이처럼 대통령 선거 때 더욱 두드러졌다.\n국내 정치에서 포퓰리즘의 문제점이 본격적으로 부각된 것은 김대중 정부 때부터라는 게 대체적인 시각이라고 한다. 대선에서 보수정당과 연대해 힘겹게 정권을 교체했던 만큼 전통적 지지기반이 취약했던 것.\n때문에 지지세 확산이 시급했고 이 과정에서 포퓰리즘 정책들이 잇따라 발표됐다.\n영남권 표심을 겨냥했던 ‘동진 정책’이란 것도 이때 나왔다. 대선공약이기도 했던 울진공항 건설을 동진정책 차원에서 적극 추진, 예산 1300여억원을 투입했으나 비행기는 띄워보지도 못했다. 공항은 조종사 훈련기관으로 전락해버렸다.\n",
		"passage_Cnt": 714
	},
	"Annotation": {
		"summary1": "국내 정치의 포퓰리즘의 문제점이 부각된 것은 김 정부 때 힘겹게 정권을 교체했던 만큼 전통적 지지기반이 취약했떤 것이 대체적 시각이라고 한다.",
		"summary2": "국내 정치에서 포퓰리즘의 문제점이 본격적으로 부각된 것은 김대중 정부 때부터라는 게 대체적인 시각이라고 한다. 대선에서 보수정당과 연대해 힘겹게 정권을 교체했던 만큼 전통적 지지기반이 취약했던 것.",
		"summary3": null,
		"summary_3_cnt": null
	}
}