{
	"Meta(Acqusition)": {
		"doc_id": "REPORT-edit-20049",
		"doc_category": "REPORT",
		"doc_type": "edit",
		"doc_name": "“첫째 목표는 자유, 둘째는 평화, 재통일은 세 번째”",
		"author": null,
		"publisher": null,
		"publisher_year": null,
		"doc_origin": "월간조선"
	},
	"Meta(Refine)": {
		"passage_id": "REPORT-edit-20049-00024",
		"passage": " 2월 13일 모드로 동독 총리는 27명의 대표단을 이끌고 본을 방문, 150억 마르크의 원조를 요청했다. 콜은 이를 냉랭하게 거절했다. 이보다 앞서 2월 7일 콜은 화폐통합 제안을 내놓았다. 한마디로 휴지 조각이나 다름없는 동독 마르크를 세계시장에서 경화(硬貨)로 당당하게 대접받는 서독 마르크(DM)로 바꾸어주겠다는 것이었다. 콜이 전하는 메시지는 자신은 동독 공산 정권이 아니라 동독 인민들을 상대하겠다는 것이었다.\n 화폐통합은 뒷날 통일 후 독일 경제를 추락시킨 잘못된 조치라는 비난을 받았지만, 당시로서는 불가피한 조치였다. 베를린장벽 붕괴 이후에도 계속 서독으로 밀려드는 동독인들 때문에 서독의 수용 능력이 한계에 도달했기 때문이다. “마르크화가 우리에게 오면 우리는 집에 머문다. 마르크화가 오지 않으면 우리가 서독으로 간다”고 외쳐대는 동독인들을 콜은 화폐통합으로 달래려 했던 것이다.\n 화폐통합이라는 당근은 제대로 먹혀들었다. 동독 선거에서 사민당이 승리할 것이라는 예상을 깨고 기민당이 중심이 된 ‘독일을 위한 동맹’이 압승한 것이다. 로타어 데 메지에르가 동독 총리가 됐다. 콜이 줄기차게 요구해오던 민주적이고 합법적인 정권이 동독에 들어선 후 통일 과정은 일사천리로 진행됐다.\n 5월 18일 동서독 재무장관이 콜과 데 메지에르가 지켜보는 가운데 통화·경제·사회통합협정에 서명했다. 콜은 데 메지에르에게 “‘독일 통일의 실제적 실현’이 시작됐다”고 말했다. 이 조약은 그해 7월 1일부터 발효됐다. 콜은 이날 “희생할 각오가 되어 있지 않은 민족은 그 도덕적 힘을 이미 상실한 것”이라면서 독일 국민들에게 통일을 위한 희생을 감수해달라고 호소했다.\n",
		"passage_Cnt": 822
	},
	"Annotation": {
		"summary1": "동서독 재무장관이 통화·경제·사회 통합 협정에 서명하자 콜은 독일 통일의 실제적 실현이 시작됐다며 국민들에게 통일을 위해 희생을 감수해달라고 호소했다.",
		"summary2": "5월 18일 동서독 재무장관이 콜과 데 메지에르가 지켜보는 가운데 통화·경제·사회통합협정에 서명했다. 콜은 이날 “희생할 각오가 되어 있지 않은 민족은 그 도덕적 힘을 이미 상실한 것”이라면서 독일 국민들에게 통일을 위한 희생을 감수해달라고 호소했다. 콜은 데 메지에르에게 “‘독일 통일의 실제적 실현’이 시작됐다”고 말했다.",
		"summary3": null,
		"summary_3_cnt": null
	}
}