{
	"Meta(Acqusition)": {
		"doc_id": "REPORT-edit-20059",
		"doc_category": "REPORT",
		"doc_type": "edit",
		"doc_name": "한국은 ‘死活的인 일본을 지키는 데 死活的인 지역’",
		"author": null,
		"publisher": null,
		"publisher_year": null,
		"doc_origin": "월간조선"
	},
	"Meta(Refine)": {
		"passage_id": "REPORT-edit-20059-00001",
		"passage": "한일(韓日)관계가 과연 진짜 좋았던 적이 언제 있었는지 알 수 없는 일이지만, 문재인(文在寅) 정부 출범 이후의 한일관계는 가히 사상 최악이라고 할 수 있을 것이다. 정부는 과거 행정부에서 일본과 약속했던 합의를 깨고 징용 문제, 위안부 문제 등을 다시 한·일 간의 현존 이슈로 불러냈고, 일본과 다투는 재료로 활용하기 시작했다. 물론 문재인 정부의 이 같은 대일(對日)정책을 민족주의적 관점에서만 바라본다면 능히 있을 수 있는 일이라고 치부할 수도 있겠다. 하지만 국제정치학적 관점에서 바라보았을 때 문재인 정부의 대일 갈등 정책은 한국의 안보와 미래의 통일 문제에 지극히 부정적인 영향을 미칠 것 같아 우려스럽다. \n 한반도의 안보를 이야기할 때 일본을 빼놓고 이야기한다는 것은 불가능한 일이다. 왜냐하면 한반도 안보를 유지하는 가장 핵심적인 안전장치인 한미(韓美)동맹은 홀로 존재하는 것이 아니라 미일(美日)동맹과 쌍을 이루어 존재하는 것이기 때문이다. 양호한 한일관계는 미국의 대(對)아시아 정책이 원활하게 작동할 수 있는 기본적인 조건이다.\n 그런데 한일 두 나라가 다투고 있는 형국이니 미국으로서는 참으로 난감한 일이 아닐 수 없다. 2020년의 국제 전략적 상황에서 보았을 때 미국은 한국과 일본 두 나라를 모두 소중하게 여기지 않을 수 없다. 현재 미국을 향한 세계 최대의 도전인 중국을 견제하는 데 한·미·일 삼각동맹처럼 좋은 장치는 없다. 그런데 한국과 일본이 다투고 있으니 미국은 이 문제를 그냥 놔둔 채로 중국과의 패권(覇權) 갈등을 벌일 수 없다.\n",
		"passage_Cnt": 768
	},
	"Annotation": {
		"summary1": "한반도의 안보를 이야기할 때 일본을 빼놓을 수 없는데 한미 동맹이 미일 동맹과 쌍을 이루어 존재하기 때문이고 양호한 한일 관계가 미국의 대아시아 정책이 작동할 수 있는 조건이다.",
		"summary2": "한반도의 안보를 이야기할 때 일본을 빼놓고 이야기한다는 것은 불가능한 일이다. 왜냐하면 한반도 안보를 유지하는 가장 핵심적인 안전장치인 한미(韓美)동맹은 홀로 존재하는 것이 아니라 미일(美日)동맹과 쌍을 이루어 존재하는 것이기 때문이다. 양호한 한일관계는 미국의 대(對)아시아 정책이 원활하게 작동할 수 있는 기본적인 조건이다.",
		"summary3": null,
		"summary_3_cnt": null
	}
}