{
	"Meta(Acqusition)": {
		"doc_id": "REPORT-edit-20004",
		"doc_category": "REPORT",
		"doc_type": "edit",
		"doc_name": "“韓, 日과 분쟁 지속되면 안보 분야에서 영구적 손실”",
		"author": null,
		"publisher": null,
		"publisher_year": null,
		"doc_origin": "월간조선"
	},
	"Meta(Refine)": {
		"passage_id": "REPORT-edit-20004-00001",
		"passage": "먼저 10월 초 등장한 미중(美中) 관련 뉴스를 보자. 10월 6일, 스위스에서 벌어진 미중 고위급 회담이 눈에 띈다. 백악관 안보보좌관 제임스 설리번과 중국 외교의 사령탑인 양제츠(楊潔篪) 중국공산당 중앙외사공작위원회 판공실 주임이 만났다. 무려 6시간이나 계속된 마라톤회담이었다. 상대방에 대한 비난이 회담 내내 주된 내용이었다. 미중 정상(頂上) 화상(畫像)회의 개최가 결정됐지만, 구체적인 내용은 미정이다. 서로에 대한 불신은 고위급 회담 이후에도 계속되고 있다.\n 10월 7일에는 프랑스 상원의원단이 타이완(臺灣)을 공식 방문했다. 차이잉원(蔡英文) 총통과 만나 양국 간 경제·안보에 관한 얘기를 나눴다. 프랑스는 영국과 더불어 중국의 해양 진출에 대한 우려의 목소리를 높이고 있다.\n 10월 8일에는 일본 신(新)내각의 재무성 장관 스즈키 슈이치(鈴木俊一)가 일본 정부의 대외(對外) 투자 방침을 밝혔다. 정부 자산의 해외 투자 원칙으로 ESG, 즉 ‘환경(Environmental Responsibility)·사회(Social Responsibility)·지배구조(Governance)’에 대한 관점을 중시하겠다고 말했다. 행간 속의 의미를 잘 읽어야 이해가 되는 발언이다. 서방 자유 진영의 기준인 환경·사회·지배구조와 무관한 나라에 대한 정부 투자는 없다는 의미다.\n 그 같은 범주에 들어가는 나라는 어디일까? 바로 중국이다. 중국에 대한 일본 정부의 투자를 바짝 조이겠다는 의미다. 일본이 시작했지만, ESG 나아가 SDGs(Sustainable Development Goals·지속가능개발목표)는 중국에 대한 투자와 환경 세금의 근거로 ‘적극’ 활용될 전망이다. 신장위구르, 티베트의 인권탄압은 물론 환경훼손 기업은 서방과의 관계가 끊기는 식이 될 수밖에 없다. 스즈키 재무장관의 ESG 투자 방침은 그 같은 흐름의 출발점에 해당된다.\n",
		"passage_Cnt": 927
	},
	"Annotation": {
		"summary1": "백악관 안보 보좌관 제임스와 중국 외교의 사령탑인 중국공산당 중앙외사공작위원회 판공실 주임이 만나 6시간이나 계속된 마라톤 회담을 했다.",
		"summary2": "백악관 안보보좌관 제임스 설리번과 중국 외교의 사령탑인 양제츠(楊潔篪) 중국공산당 중앙외사공작위원회 판공실 주임이 만났다. 무려 6시간이나 계속된 마라톤회담이었다.",
		"summary3": null,
		"summary_3_cnt": null
	}
}