{
	"Meta(Acqusition)": {
		"doc_id": "REPORT-edit-10060",
		"doc_category": "REPORT",
		"doc_type": "edit",
		"doc_name": "\"중국몽은 우리가 목숨 걸고 막아야 할 악몽\" (천영우 전 외교안보수석)",
		"author": null,
		"publisher": null,
		"publisher_year": null,
		"doc_origin": "월간조선"
	},
	"Meta(Refine)": {
		"passage_id": "REPORT-edit-10060-00001",
		"passage": "11월 21일 오전 서울 독립문 앞에서는 독립문 건립 123주년 기념식이 열렸다. 시민단체인 미래대안행동과 국민노동조합이 주최하고, 나라지킴이고교연합이 후원한 이 행사에는 중국의 대한(對韓)영향력 확대를 우려하는 보수‧진보성향 인사들이 참여 했다.\n이명박 정권 시절 외교안보수석비서관을 지낸 천영우 (사)한반도미래포럼 이사장은 기념사를 통해 “123년 전 서재필 선생이 영은문과 모화관을 허물고 그 자리에 독립문을 세운 것은 중국에 대한 사대와 굴종의 역사에 종지부를 찍고 근대적인 자주 독립국가로 거듭나려는 의지를 대내외에 확실히 각인시키기 위한 것”임을 상기시킨 후 “ 지금은 중국이 동아시아의 신흥 패권세력으로 부상하고 있으며, 120여년 전에 일본의 패권으로부터 조선의 독립을 지키는 것이 지상 과제였듯이 앞으로는 중국의 패권적 횡포에서 대한민국을 지키는 것이 외교안보정책의 최대 숙제”라고 강조했다.\n천 이사장은 “중국몽(中國夢)은 한국이 목숨을 걸고 피해야 할 악몽(惡夢)”이라면서 “ 시진핑이 말하는 ‘위대한 중화민족의 꿈’은 중국이 지배하는 동아시아의 질서로 되돌아가자는 꿈이다. 한미동맹을 해체하고 한국의 친중 굴종을 전제로 한 신형 조공관계로 돌아가자는 소리다”라고 비판했다. 천 이사장은 문재인 정권의 사드 관련 3불 합의, 문재인 대통령의 2017년 베이징대 연설, 쿼드 훈련 불참, 시진핑 방한에 매달리는 듯한 태도 등을 통렬하게 비판하면서 \"중국의 패권적 횡포로부터 대한민국을 지키는데 미국과 일본을 활용할 바에는 차라리 중국의 속국으로 돌아가 굴종을 선택하는 것이 더 낫다는 모화사상과 사대주의의 잔재에서 우리는 정말 자유로울까요? 일본과의 우호와 협력을 논하는 자는 무조건 토착왜구로 매도 하는 분위기를 보면 일본의 흔적이 보인다는 이유로 개화와 발전을 거부한 123년전으로 되돌아간 느낌이 들지 않습니까?\"라고 물었다. 천영우 이사장의 기념사 전문을 소개한다.\n",
		"passage_Cnt": 947
	},
	"Annotation": {
		"summary1": "미래대안행동과 국민노동조합이 주최하고 나라지킴이고교연합이 후원한 독립문 건립 123주년 기념식에는 중국의 대한 영향력 확대를 우려하는 보수‧진보성향 인사들이 참여 했다.",
		"summary2": "11월 21일 오전 서울 독립문 앞에서는 독립문 건립 123주년 기념식이 열렸다. 시민단체인 미래대안행동과 국민노동조합이 주최하고, 나라지킴이고교연합이 후원한 이 행사에는 중국의 대한(對韓)영향력 확대를 우려하는 보수‧진보성향 인사들이 참여 했다.",
		"summary3": null,
		"summary_3_cnt": null
	}
}