{
	"Meta(Acqusition)": {
		"doc_id": "REPORT-edit-20049",
		"doc_category": "REPORT",
		"doc_type": "edit",
		"doc_name": "“첫째 목표는 자유, 둘째는 평화, 재통일은 세 번째”",
		"author": null,
		"publisher": null,
		"publisher_year": null,
		"doc_origin": "월간조선"
	},
	"Meta(Refine)": {
		"passage_id": "REPORT-edit-20049-00001",
		"passage": " 그날 서베를린시에서는 베를린장벽 붕괴를 축하하는 행사가 두 군데서 열렸다. 하나는 쇤네베르크에 있는 서베를린 시청 앞에서 사민당 소속인 발터 몸페르 시장이 주최하는 행사였고, 다른 하나는 게대히트니스키르헤 인근에서 서베를린 기독교민주당(기민당)이 주최하는 행사였다. 동・서독 통일의 물꼬가 열린 마당에 그것을 축하하는 행사는 통일되지 못한 것이다. 여론의 관심을 끈 것은 당연히 쇤네베르크 시청 앞에서 열린 행사였다. 여기에는 콜 총리 외에도 한스 디트리히 겐셔 외무장관, ‘동방정책’으로 유명한 빌리 브란트 전 총리 등이 참석했다.\n 몸페르 시장은 “독일 사람이 세상에서 제일 행복한 국민”이라면서도 이날을 일컬어 ‘통일의 날’이라고 하지 않고 ‘다시 만난 날’이라고 표현했다. 겐셔 외무장관도 ‘통일’과 연관될 수 있는 말은 재주껏 피해가면서 이웃 나라와 세계를 향해 “앞으로 독일 사람들에 대해 어떠한 두려움도 갖지 말아달라”고 호소했다.\n 사회민주당(사민당) 지지자들의 야유 속에 단상에 오른 콜 총리는 “지금 중요한 것은 공동의 미래를 향해 신중하게 한 걸음 한 걸음 길을 찾아 나아가는 것”이라면서 신중하고 현명하게 행동해달라고 당부했다. 콜 총리는 이날 그 자리에서 연설한 유력 정치인 가운데 유일하게 지난 수십 년 동안 자유베를린을 위해 보여준 지원과 단결에 대해 미국·영국·프랑스 친구들에게 감사하는 한편, 고르바초프 소련 공산당 서기장 겸 대통령에게 경의를 표했다.\n",
		"passage_Cnt": 720
	},
	"Annotation": {
		"summary1": "베를린장벽 붕괴를 축하하는 행사는 서베를린 시청 앞과 게대히트니스키르헤 인근에서 열렸다.",
		"summary2": "그날 서베를린시에서는 베를린장벽 붕괴를 축하하는 행사가 두 군데서 열렸다. 하나는 쇤네베르크에 있는 서베를린 시청 앞에서 사민당 소속인 발터 몸페르 시장이 주최하는 행사였고, 다른 하나는 게대히트니스키르헤 인근에서 서베를린 기독교민주당(기민당)이 주최하는 행사였다",
		"summary3": null,
		"summary_3_cnt": null
	}
}