{
	"Meta(Acqusition)": {
		"doc_id": "REPORT-edit-20005",
		"doc_category": "REPORT",
		"doc_type": "edit",
		"doc_name": "한국의 對美 로비 금액 1억7217만 달러, 세계 3위(2016~2021년)",
		"author": null,
		"publisher": null,
		"publisher_year": null,
		"doc_origin": "월간조선"
	},
	"Meta(Refine)": {
		"passage_id": "REPORT-edit-20005-00010",
		"passage": " 국회입법조사처 김도희 입법조사관에 따르면, 한국의 대미 관계 전반을 담당하는 부서는 외교부 북미국이다. 북미국은 미국 의회에 대한 업무를 맡으며 대미 로비는 ‘북미 지역 국가와의 전략적 특별협력관계 강화 사업’이라는 목적으로 주로 의회 외교 강화 차원에서 이뤄지고 있다.\n 미국 내 로비 업체와 계약한 업무의 성격은 주로 ▲홍보 자문(Public Relation) ▲로비(Lobbying) ▲방송 배급(Distribution of Film) ▲무역 진흥(Promotion of Trade) ▲투자 진흥(Promotion of Investment) ▲관광 진흥(Promotion of Tourism) ▲미국 정책 자문(U.S. Policy Consulting) 등이 있다.\n 지난 10월 1일 외교부가 국회입법조사처에 제출한 자료에 따르면, 외교부가 2017년부터 2021년 9월 현재까지 계약을 맺은 의회 자문회사의 주요 업무로는 ▲2020년 미 대선 동향 관련 자문 ▲미 의회 관계자 일정 주선 및 네트워크 확대·강화 지원 ▲한미 의회 간 교류 지원 및 미 의회 보좌관 방한(訪韓) 사업 주선 등이 있다.\n 외교부는 또 ‘전문직 비자 쿼터(Partner with Korea Act)’ 관련 자문회사와도 계약해 입법 로비를 벌이고 있다. 이 법안은 한국 출신 전문직 종사자에게 매년 1만5000개의 취업비자 쿼터를 할당하자는 내용이 골자이다. 여기에 2017년부터 2021년 현재까지 총 36억6200만원을 지출했다. 미국은 전문직에 대해 연간 비자 발급 쿼터를 설정해두고, 쿼터 도달 시 당해 회계연도에 외국인 전문직의 비자 발급을 제한한다.\n",
		"passage_Cnt": 810
	},
	"Annotation": {
		"summary1": "한국의 대미 관계 전반을 담당하는 북미국은 미국 의회에 대한 업무 등을 맡고 있다.",
		"summary2": "국회입법조사처 김도희 입법조사관에 따르면, 한국의 대미 관계 전반을 담당하는 부서는 외교부 북미국이다. 북미국은 미국 의회에 대한 업무를 맡으며 대미 로비는 ‘북미 지역 국가와의 전략적 특별협력관계 강화 사업’이라는 목적으로 주로 의회 외교 강화 차원에서 이뤄지고 있다.",
		"summary3": null,
		"summary_3_cnt": null
	}
}