{
	"Meta(Acqusition)": {
		"doc_id": "REPORT-edit-20035",
		"doc_category": "REPORT",
		"doc_type": "edit",
		"doc_name": "프랑켄슈타인의 제자들과 고독한 영웅들",
		"author": null,
		"publisher": null,
		"publisher_year": null,
		"doc_origin": "월간조선"
	},
	"Meta(Refine)": {
		"passage_id": "REPORT-edit-20035-00009",
		"passage": " 2020년 12월 5일 미국 캘리포니아주가 조 바이든의 승리를 공식 인증해서 선거인단 55표를 확정했다. 이로써 주 당국으로부터 공식 인증을 받은 바이든의 표는 279표로 당선선인 270표를 넘겨 확정된 셈이다. 12월 14일엔 미국의 각주 선거인단이 투표하여 바이든 306표, 트럼프 232표를 확인했다.\n 이 투표 결과는 2021년 1월 6일 미국 의회(상하원)에 접수되어 공식 확정된다. 상하원은 합동회의를 통하여 확정절차를 밟는데, 뒤집힐 가능성은 없다. 반대 의견을 낼 순 있지만 민주당이 하원을 장악하고 있는데다가 상원 공화당 의원 중에도 트럼프의 선거불복을 비판하는 이들이 적지 않다. 이날은 펜스 부통령이 상원의장 자격으로 상하원 합동회의의 확정절차를 진행해야 한다.\n 국내의 어떤 유튜브 채널 운영자는 자신이 운영하는 유튜브에 ‘조지아주 항복, 승부 결정나다’는 제목으로 “켐프 주지사가 주무장관에게 서명 감사를 지시하여, 곧 대규모 부정이 발견될 것”이라고 보도하였다. 주지사에게는 그런 명령을 할 권한이 없음에도, 단순히 촉구한 것을 명령이라고 왜곡했다. 이를 사실로 믿는 시청자들은 “그 소리 들으니 가슴이 후련하네요” “반가운 뉴스” “와~ 기쁜 소식입니다” “도미니언 조작으로 도미노처럼 무너지는 바이든”이란 댓글을 남겼다.\n 연방수사기관도 중립을 지켰다. 윌리엄 바 미국 법무부 장관은 트럼프 대통령 맹종파(盲從派)로 알려져 있다. 트럼프가 투표 전에 “우편투표가 부정선거에 이용될 것”이라며 근거 없는 주장을 하면 FBI 국장은 반박했는데, 바는 거짓선동을 복창(復唱)하다시피 했다. 그는 낙선한 트럼프가 선거부정을 수사하라고 하니 부하들에게 “의혹이 명백할 때 한하여 수사하라”고 지시하였다. 이에 선거부정 담당 책임자가 항의성 사표를 냈다. 그런 바 장관이 지난 12월 초 AP 통신과 한 인터뷰에서 트럼프 측이 주장해온 대선 부정론을 전면적으로 부인했다. 그의 발언을 요약하면 이렇다.\n",
		"passage_Cnt": 964
	},
	"Annotation": {
		"summary1": "2020년 12월 5일 미국 캘리포니아주가 조 바이든의 승리를 공식 인증하여 공식 인증을 받은 바이든의 표는 279표로 당선 확정된 셈이다.",
		"summary2": "2020년 12월 5일 미국 캘리포니아주가 조 바이든의 승리를 공식 인증해서 선거인단 55표를 확정했다. 이로써 주 당국으로부터 공식 인증을 받은 바이든의 표는 279표로 당선선인 270표를 넘겨 확정된 셈이다.",
		"summary3": null,
		"summary_3_cnt": null
	}
}