{
	"Meta(Acqusition)": {
		"doc_id": "REPORT-edit-00008",
		"doc_category": "REPORT",
		"doc_type": "edit",
		"doc_name": "【이상곤의 ‘흐름’】 윤석열에 내려진 지상명령(至上命令) “대선 승리로 정의를 바로 세우라”",
		"author": null,
		"publisher": null,
		"publisher_year": null,
		"doc_origin": "월간조선"
	},
	"Meta(Refine)": {
		"passage_id": "REPORT-edit-00008-00002",
		"passage": "윤 후보의 지난 경선 일정은 더할 수 없이 어려움이 많았다.지난6.29대선 정치 선언이후 윤 후보에게 쏟아진은 보통사람으로는 견디기 어려운 정도였다.대선 출마를 선언하자마자 이미 대법원에서 무죄가 난 사건으로 장모가 구속됐다.이어‘고발사주’의혹과 부인 김건희씨 관련사건이 불거졌다.경선 기간 잠깐의 말실수는 온갖 구설수로 포장돼 윤 후보를 곤경에 빠트렸다.당내 후보조차 윤 후보 리스크를 거론하며 대선까지 못 버틸 것이라고 공격했다.\n이는 정권 교체가 얼마나 어려운 일인지를 보여주는 역설이다.오히려 이런 역경이 정치 경험이 전무했던 윤 후보에게 정치적 자양분이 되고 있는 것도 부인키 어렵다.단기간에 검찰총장에서 정치인으로 변신하며 당원들의 압도적 지지를 끌어낸 것은 윤 후보가 이런 어려움을 겪었기 때문에 가능한 일이다.늘 위기 때마다 강골 검사 기질과 대장부 기질을 발휘해 돌파해 왔다.물론 윤 후보의 뛰어난 정치 학습 능력도 한 몫을 했다.\n윤 후보에게는 이제 대선 출정을 위해 반드시 해야 할 일이 몇 가지 있다.\n.야권의 적전 분열은 대선 필패로 이어지고 국민들의 정권교체 열망을 수포로 만드는 일이다.먼저 경선에서 갈라져 싸운 후보들과 다른 후보 진영과을 회복하는 것이 중요하다.막판까지 경합을 벌인 홍준표.그들과 얼마나 빨리‘원팀’을 만드느냐는 윤 후보에 대한 당원과 지지자들의 믿음에 보답하는 일이다.\n또 야권에서 독자 출마를 선언한 안철수.이들과의 단일화와 연대는 여권의 공작정치 차단 효과도 있다.여당이 이들에게 접근해 역으로 정권교체를 방해하는 일이 있어서는 결코 안 된다.\n",
		"passage_Cnt": 782
	},
	"Annotation": {
		"summary1": "윤 후보에게 지난 경선은 보통사람이 견디기 어려울 정도로 어려움이 많았다.",
		"summary2": "윤 후보의 지난 경선 일정은 더할 수 없이 어려움이 많았다. 지난6.29대선 정치 선언이후 윤 후보에게 쏟아진은 보통사람으로는 견디기 어려운 정도였다.",
		"summary3": null,
		"summary_3_cnt": null
	}
}