{
	"Meta(Acqusition)": {
		"doc_id": "REPORT-edit-20043",
		"doc_category": "REPORT",
		"doc_type": "edit",
		"doc_name": "바이든 당선 확정돼도 ‘트럼프 현상’은 계속될 것",
		"author": null,
		"publisher": null,
		"publisher_year": null,
		"doc_origin": "월간조선"
	},
	"Meta(Refine)": {
		"passage_id": "REPORT-edit-20043-00006",
		"passage": " 나타난 양상은 다르지만, 사실은 미국에서도 이 같은 문제가 내연(內燃)하고 있었다. 미국은 애초부터 이민자의 나라인 만큼 그 개방성은 미국의 본질적 정체성의 하나이기도 했다. 하지만 하나의 미국으로의 내적(內的) 통합은 외부의 평가나 기대만큼 원활하지는 않았다. 언젠가부터 한계에 봉착하며 사회적 피로감이 누적되어갔다.\n 트럼프는 불법체류자 등 불법 이민의 문제를 제기하며 장벽 구축까지 불사한 바 있다. 이민에 대해 예전과는 다른 관리를 하고자 했다. 그래서인지 트럼프에게는 재임 내내 인종차별주의자라는 비난이 따라다녔다. 이번 선거에서도 이 문제는 민주당의 주요 공세 포인트 중 하나였다. 사실 트럼프가 직접적으로 인종차별적인 언사를 한 적은 없었다. 하지만 트럼프는 그러한 정치적 공격을 받았다.\n 이는 트럼프의 개인적 성향 문제가 아니었다. 트럼프의 내심이 어떻든 그에 대한 지지 세력의 주축이 압도적으로 백인이기 때문에 그도 그런 프레임으로 인식되고 있다.\n 예외가 있기는 하다. 라틴계 히스패닉들, 특히 주요 경합주였던 플로리다에서 트럼프 지지로 결집한 쿠바계 유권자들이었다. 이들은 사회주의 쿠바를 버리고 떠나온 만큼 반(反)좌익적 성향은 거의 제2의 본능이었다. 민주당은 부통령 후보 해리스가 상징하듯 급격히 좌경화(左傾化)된 모습을 보였다. 그에 대한 거부 반응이 쿠바계를 결집게 했다. 마치 북한 공산정권을 거부하고 38선을 넘었던 한국의 월남민(越南民)과 비슷한 셈이다.\n",
		"passage_Cnt": 724
	},
	"Annotation": {
		"summary1": "이민자의 나라인 미국에서 개방성은 본질적 정체성이라 할 수 있지만 하나의 미국으로의 내적 통합은 외부의 평가만큼 원활하지는 않았다.",
		"summary2": "미국은 애초부터 이민자의 나라인 만큼 그 개방성은 미국의 본질적 정체성의 하나이기도 했다. 하지만 하나의 미국으로의 내적(內的) 통합은 외부의 평가나 기대만큼 원활하지는 않았다.",
		"summary3": null,
		"summary_3_cnt": null
	}
}