{
	"Meta(Acqusition)": {
		"doc_id": "REPORT-edit-20016",
		"doc_category": "REPORT",
		"doc_type": "edit",
		"doc_name": "바이든 행정부는 북한 인권을 개선할 수 있을까",
		"author": null,
		"publisher": null,
		"publisher_year": null,
		"doc_origin": "월간조선"
	},
	"Meta(Refine)": {
		"passage_id": "REPORT-edit-20016-00004",
		"passage": " 중국 정부는 중국 내 잠재적인 민주화 세력도 의식하지 않을 수 없다. 중국은 반체제 인사들을 가혹하게 다뤄왔다. 중국 ‘민주화 세력의 아버지’로 불린 노벨평화상 수상자 류샤오보는 2017년 사망할 때까지 가택연금 상태에 있었다. 베이징경기장을 설계하기도 한 반체제 예술가 아이웨이웨이는 중국의 사회문제를 고발하다가 가택연금을 당했다. 이후 탈세를 이유로 체포됐지만, 국제사회의 잇따른 요구 끝에 석방됐다.\n 1999년부터는 파룬궁도 탄압하고 있다. 파룬따파(法輪大法)라고도 하는 파룬궁은 기공을 바탕으로 한 심신수련법이다. 중국의 리훙즈(李洪志)가 창시했다. 1999년쯤에 파룬궁 수련인은 중국 정부 추정으로 약 7000만명에 달했다. 중국 공산당원 수와 비등해졌다. 중국 정부는 파룬궁을 사교(邪敎)로 규정했다. 수련은 금지됐다.\n 중국 정부가 파룬궁을 왜 탄압하는지를 두고 몇 가지 해석이 있다. 그중 하나가 통치의 정당성 문제다. 파룬궁 이념엔 유교와 도교가 결합된 세계관이 배경으로 흐른다. 명·청(明淸) 시대 이전부터 이어온 중국의 전통적 가치관이자 통치관이다. 중국 공산당은 전혀 다르다. 마르크스-레닌주의와 유물론이 공산당의 통치 이념이다. 보통의 중국인에겐 파룬궁이 더 친숙하게 느껴질 수밖에 없다. 중국 공산당이 파룬궁의 빠른 확산을 일종의 반체제 혹은 분리주의 움직임으로 인식한 이유다.\n 2019년 시작된 홍콩 민주화 시위에는 분리주의와 민주화 요구가 중첩되어 있다. 중국 정부가 강경하게 대응한 이유다. 중국 정부의 약한 고리 2개가 한곳에서 만났다. 국제사회의 비난에도 신경 쓰지 않고 중국은 시위 현장을 폭력적으로 진압했다.\n",
		"passage_Cnt": 813
	},
	"Annotation": {
		"summary1": "반체제 인사들을 가혹하게 다뤘던 중국은 잠재적인 민주화 세력을 의식하지 않을 수 없다.",
		"summary2": "중국 정부는 중국 내 잠재적인 민주화 세력도 의식하지 않을 수 없다. 중국은 반체제 인사들을 가혹하게 다뤄왔다.",
		"summary3": null,
		"summary_3_cnt": null
	}
}