{
	"Meta(Acqusition)": {
		"doc_id": "REPORT-edit-20004",
		"doc_category": "REPORT",
		"doc_type": "edit",
		"doc_name": "“韓, 日과 분쟁 지속되면 안보 분야에서 영구적 손실”",
		"author": null,
		"publisher": null,
		"publisher_year": null,
		"doc_origin": "월간조선"
	},
	"Meta(Refine)": {
		"passage_id": "REPORT-edit-20004-00004",
		"passage": " ― 20세기 냉전(冷戰)에 이어 현재 냉전 2.0인가, 아니면 냉전 2.0으로 진입하고 있는가.\n “세계는 현재 글로벌 2.0 시대에 들어선 상태다. 글로벌 1.0 시대는 지구촌 모두에게 좋은 시간이었다. 중산층이 늘고 소득도 증가하고 민주주의도 향상됐다. 패권을 향한 국제적 분쟁도 없었다. 지구 곳곳에서 접했던 극단적인 가난과 기아도 사라졌다.\n 그러나 글로벌 2.0은 아주 어두운 시대다. 포퓰리즘에 기초한 독재자도 나타나고 글로벌 패권을 차지하기 위한 국제사회 내 갈등도 격화되고 있다. 미국과 중국, 미국과 러시아 사이의 패권 경쟁은 좋은 본보기다.\n 좁게 보자면 ‘글로벌 2.0=냉전 2.0’이라 볼 수도 있다. 상대가 강해지는 것이 아니라(Hot), 약해지기를(Cold) 원한다는 의미에서 냉전(Cold War)이라고 말할 수 있다. 그러나 큰 각도에서 보면 ‘글로벌 2.0=냉전 2.0’이라 보기는 힘들다.\n 20세기 냉전 당시를 돌아보면, 소비에트나 중국은 글로벌 경제에 대한 발언력도 거의 없었고 관심 또한 없었다. 미국도 서방과의 교류에만 주목했을 뿐 러시아·중국과의 경제적 관계가 전무(全無)했다.\n 21세기 글로벌 2.0은 다르다. 중국은 이미 ‘세계의 공장’으로 성장했고, 러시아는 에너지 수출을 통해 유럽 경제에 강한 영향을 주고 있다. 더불어 지구의 미래를 어둡게 하는 지구온난화, 사이버 공격과 초고속 정밀 공격용 무기와 관련된 문제도 현실적 위기로 나타나고 있다. 역사적으로 볼 때 그 어떤 때보다도 불확실·불안정한 시대라는 점은 분명하다.”\n",
		"passage_Cnt": 771
	},
	"Annotation": {
		"summary1": "세계는 글로벌 패권을 차지하기 위한 국제사회 내 갈등이 격화되고 포퓰리즘에 기초한 독재자가 나타나는 글로벌 2.0 시대에 들어섰다.",
		"summary2": "세계는 현재 글로벌 2.0 시대에 들어선 상태다. 포퓰리즘에 기초한 독재자도 나타나고 글로벌 패권을 차지하기 위한 국제사회 내 갈등도 격화되고 있다.",
		"summary3": null,
		"summary_3_cnt": null
	}
}