{
	"Meta(Acqusition)": {
		"doc_id": "REPORT-edit-20015",
		"doc_category": "REPORT",
		"doc_type": "edit",
		"doc_name": "“드레스 코드 무시는 無禮와 無知의 극치”",
		"author": null,
		"publisher": null,
		"publisher_year": null,
		"doc_origin": "월간조선"
	},
	"Meta(Refine)": {
		"passage_id": "REPORT-edit-20015-00010",
		"passage": " 나이가 들수록 몸에서 구취(口臭)를 비롯해 안 좋은 냄새가 난다. 신진대사(新陳代謝)가 나빠지기 때문이다. 후각(嗅覺)이 둔해지면서, 아무리 나쁜 냄새가 풍겨도 정작 본인은 모른다. 따라서 나이가 들수록 항상 주변 사람들에게 자신에게서 혹시 악취가 나는지 여부를 물어야만 한다. 반드시 구취 제거용 허브 같은 것을 휴대해야 한다. 그러지 않으면 악취 때문에 사람들이 가까이 오지 않게 된다. 몸에서 악취가 나고, 드레스 코드가 엉망인데도 그걸 전혀 모른다는 것은 주변과의 대화가 단절돼 있다는 의미이기도 하다. 남이 말해주기를 기다리지 말고, 자신이 먼저 묻는 것이 좋다. 가만히 앉아서 귀를 여는 것이 소통의 전부가 아니다. 자신의 귀를 열고, 직접 다가가 상대방의 입과 마음을 여는 것이 진짜 소통이다.\n 2022년 대통령 선거가 다가오면서 후보자들이 속속 등장하고 있다. 필자가 생각하기에 옷차림은 후보자를 평가하는 중요한 잣대 중 하나다. 고급 브랜드의 폼 나는 옷을 입으라는 것이 아니다. 드레스 코드에 맞게 옷을 입는지가 관건이다. 장소에 합당하게, 모인 사람들에게 어울리게, 자신의 생각과 비전을 보여줄 수 있게 옷을 입어야 한다.\n 그 사람이 어떤 사람인지는 모시적삼, 청바지, 운동복, 슈트, 그 어떤 옷을 입더라도 한눈에 알 수 있다. 옷을 적합하게 입었다는 것은 그만큼 지지자 안팎과의 소통이 이뤄지고 있다는 의미로 볼 수 있다. 일방통행 인민복 황제, 벌거벗은 임금님은 곤란하다. 옷차림은 소통의 상징이다.⊙\n",
		"passage_Cnt": 746
	},
	"Annotation": {
		"summary1": "나이가 들수록 자신에게서 악취가 나는지 주변 사람들에게 묻고 구취 제거용 허브를 휴대해야 하는데 그러지 않으면 악취 때문에 사람들이 가까이 오지 않게 된다.",
		"summary2": "따라서 나이가 들수록 항상 주변 사람들에게 자신에게서 혹시 악취가 나는지 여부를 물어야만 한다. 반드시 구취 제거용 허브 같은 것을 휴대해야 한다. 그러지 않으면 악취 때문에 사람들이 가까이 오지 않게 된다.",
		"summary3": null,
		"summary_3_cnt": null
	}
}