{
	"Meta(Acqusition)": {
		"doc_id": "REPORT-edit-00090",
		"doc_category": "REPORT",
		"doc_type": "edit",
		"doc_name": "【이상곤의 ‘흐름‘】 文 대통령과 그 가족의 부동산 논란... ’부동산 투기와의 전쟁’은 ‘쇼‘?",
		"author": null,
		"publisher": null,
		"publisher_year": null,
		"doc_origin": "월간조선"
	},
	"Meta(Refine)": {
		"passage_id": "REPORT-edit-00090-00001",
		"passage": "계영배(戒盈杯)라는 술잔이 있다. ‘넘침을 경계하는 잔‘이라는 뜻이다.\n잔의 70% 이상을 채우면 모두 밑으로 흘러내려 인간의 끝없는 욕심을 경계한다는 상징적인 의미도 지닌다.\n공자는 제나라 환공의 사당에서 이 ’의기(欹器)‘를 발견하고 늘 이 술잔을 곁에 두고 과욕과 지나침을 경계했다고 한다.\n문재인 대통령이 자신이 구입한 경남 양산 사저의 투기 의혹에 발끈해 논란이 되고 있다.\n내용은 이렇다. 문 대통령은 작년 4월 영농경력 11년이라며 양산의 사저 부지를 매입했다. 당초 농지였던 부지가 올해 1월 대지로 형질 변경됐다. 일반인은 어려운 형질 변경이 1년도 안 돼 성사되고 시세가 몇 배로 뛰니 당연히 ‘투기‘라는 주장이 나온다.\n그런데 이런 야당과 언론의 지적에 문 대통령은 지난 12일 SNS에서 “좀스럽고 민망한 일”이라며 “그 정도 하시라”고 했다. 대통령의 품격은 논외로 하더라도 대통령이 자신 문제에 직접 반응해 놀랐다. 그동안 하던 대로 침묵으로 일관하던지 정 필요하면 청와대 대변인을 통하든지 하는 게 맞는데 영 마뜩찮다.\n문 대통령이 직접 SNS를 한 것이 언제였던가 가물가물하다. 하지만 “광화문 대통령 시대를 열겠다”고 한 그의 대통령 취임사는 분명히 기억한다. 그는 “광화문 광장에서 대토론회를 열겠다” “국민과 수시로 소통하는 대통령이 되겠다”고 취임사에서 다짐했다. 하지만 지금 그는 대표적인 ‘불통 대통령’이 돼 있다. 자신과 관련된 투기 의혹에는 발끈하면서 말이다.\n",
		"passage_Cnt": 730
	},
	"Annotation": {
		"summary1": "문 대통령이 매입한 양산의 사저 부지가 매입한 후 1년도 안 돼서 대지로 형질이 변경돼 시세가 몇 배로 뛰자 투기라는 주장이 나오고 있다.",
		"summary2": "문 대통령은 작년 4월 영농경력 11년이라며 양산의 사저 부지를 매입했다. 당초 농지였던 부지가 올해 1월 대지로 형질 변경됐다. 일반인은 어려운 형질 변경이 1년도 안 돼 성사되고 시세가 몇 배로 뛰니 당연히 ‘투기‘라는 주장이 나온다.",
		"summary3": null,
		"summary_3_cnt": null
	}
}