{
	"Meta(Acqusition)": {
		"doc_id": "REPORT-edit-20056",
		"doc_category": "REPORT",
		"doc_type": "edit",
		"doc_name": "對北제재 피한 北의 돈세탁과 자금 조달 방법 상세히 적시",
		"author": null,
		"publisher": null,
		"publisher_year": null,
		"doc_origin": "월간조선"
	},
	"Meta(Refine)": {
		"passage_id": "REPORT-edit-20056-00005",
		"passage": " 미국의 이번 기소는 조선무역은행뿐만 아니라 중국에도 경고장을 날린 것이라는 해석도 나온다.\n 북한에 대해선 북한의 달러화 거래를 미국이 추적하고 있음을 재확인함으로써 북한을 압박하려는 의도가 엿보인다. 최대 압박을 통한 대화 기조의 연장선에 있다고 볼 수 있다는 말이다. 실제로 이번 기소는 해외 기업이 북한과의 거래를 더욱 꺼리게 하는 요인으로 작용한다는 평가가 나온다.\n 마이클 셔윈 워싱턴DC 연방검사장 대행이 지난 5월 28일 공소장을 공개하면서 “미국 금융시스템에 불법적으로 접근하려는 북한의 활동을 방해하고, 불법 대량살상무기 프로그램 증강을 위해 불법적 행위로 얻은 수익을 이용하는 것을 차단하는 데 미국이 전념하고 있음을 보여주는 것”이라 말한 것도 비슷한 맥락으로 이해된다.\n 북한이 달러 거래의 주요 창구로 중국을 이용하는 것도 눈여겨볼 대목이다.\n 지난 5월 28일(현지시각) 《워싱턴포스트(WP)》는 “이번 기소는 중국이 불법 네트워크를 얼마나 용이하게 했는지를 드러낸다”며 “유엔 회원국이 2016년 초 북한 은행의 지점을 쫓아냈다고 추정됐지만, 중국의 베이징과 선양 등에서 여전히 운영되고 있음이 밝혀졌다”고 말했다.\n 그동안 미국은 중국이 대북제재 이행에 적극적이지 않고 북한의 제재 위반을 방조한다는 불만을 표시해왔다는 점에서 중국의 태도 변화를 간접 촉구하는 의미가 있어 보인다. 특히 미국과 중국이 가뜩이나 신종 코로나바이러스 감염증(코로나19) 확산 책임론, 중국의 홍콩 국가안전법 제정 등을 놓고 ‘치킨게임’ 양상의 충돌을 이어가는 가운데 이번 기소는 북핵 해법을 놓고도 이견을 드러내는 양국의 현 모습을 보여주는 부분이기도 하다.\n",
		"passage_Cnt": 823
	},
	"Annotation": {
		"summary1": "미국의 기소로 북한의 달러화 거래를 미국이 추적하고 있음을 재확인함으로써 북한을 압박하려는 의도가 엿보인다.",
		"summary2": "미국의 이번 기소는 조선무역은행뿐만 아니라 중국에도 경고장을 날린 것이라는 해석도 나온다. 북한에 대해선 북한의 달러화 거래를 미국이 추적하고 있음을 재확인함으로써 북한을 압박하려는 의도가 엿보인다.",
		"summary3": null,
		"summary_3_cnt": null
	}
}