{
	"Meta(Acqusition)": {
		"doc_id": "REPORT-edit-20005",
		"doc_category": "REPORT",
		"doc_type": "edit",
		"doc_name": "한국의 對美 로비 금액 1억7217만 달러, 세계 3위(2016~2021년)",
		"author": null,
		"publisher": null,
		"publisher_year": null,
		"doc_origin": "월간조선"
	},
	"Meta(Refine)": {
		"passage_id": "REPORT-edit-20005-00008",
		"passage": " 2020년 중국의 대미 로비 금액 상위 5개 기관은 ▲CCTV 아메리카(CCTV America·5024만4312달러) ▲차이나 데일리(China Daily of Beijing, China·501만3667달러) ▲화웨이 테크놀로지(Huawei Technologies·406만9401달러) ▲하이크비전 USA(Hikvision USA·343만6783달러) ▲중미(中美)교류재단(China-US Exchange Foundation·94만209달러) 순이었다.\n 지난 5월 미국의소리(VOA)는 중국 언론 매체의 대미 로비 금액 급증은 중국 우한에서 시작된 코로나바이러스 유행으로 악화한 대중 인식에 대응하는 차원이라고 분석했다. 민간 부문에서는 화웨이가 지출 1위를 했다. 여기에는 중국 IT 기업의 상징인 화웨이를 두고 미중 간 벌인 갈등이 영향을 끼쳤다.\n 중국은 1990년대 들어 미국 내 로비를 활성화했다. 《미국을 로비하라》(2007)에 따르면, 당시 중국 정부의 최고 관심사는 미국 시장에서 자국 수출품에 대한 최혜국 대우(Most Favored Nation status treatment·MFN)를 연장하는지 여부였다. 최혜국 대우란, 국제 무역에 관한 협정에서 특정 국가만 차별 대우하지 않는다는 원칙이다.\n 1989년 중국 정부는 천안문사태 이후 중국의 대외 이미지가 악화하고 반중(反中) 감정과 중국 내 인권 개선에 대한 요구가 늘자 이에 대응하는 차원에서 로비를 늘렸다.\n",
		"passage_Cnt": 721
	},
	"Annotation": {
		"summary1": "미국을 로비하라 2007에 따르면 중국 정부의 최고 관심사는 국제 무역에 관한 협정에서 특정 국가만 차별 대우하지 않는다는 원칙인 최혜국 대우를 연장하는지 여부였다. ",
		"summary2": "《미국을 로비하라》(2007)에 따르면, 당시 중국 정부의 최고 관심사는 미국 시장에서 자국 수출품에 대한 최혜국 대우(Most Favored Nation status treatment·MFN)를 연장하는지 여부였다. 최혜국 대우란, 국제 무역에 관한 협정에서 특정 국가만 차별 대우하지 않는다는 원칙이다.",
		"summary3": null,
		"summary_3_cnt": null
	}
}