{
	"Meta(Acqusition)": {
		"doc_id": "REPORT-edit-10013",
		"doc_category": "REPORT",
		"doc_type": "edit",
		"doc_name": "'지휘관은 가장 나중에 적지(敵地)를 떠난다'를 실천한 미국과 소련의 장군들",
		"author": null,
		"publisher": null,
		"publisher_year": null,
		"doc_origin": "월간조선"
	},
	"Meta(Refine)": {
		"passage_id": "REPORT-edit-10013-00001",
		"passage": "미국 국방부는 8월 30일 아프가니스탄 주둔 미군과 민간인들의 철수를 완료했다고 발표했다. 이로써 미국 역사상 가장 긴 전쟁이었던 아프간전이 공식적으로 끝났다.\n카불 철수 후 완전 무장하고 굳은 얼굴로 C-17 수송기에 오르는 미군의 야간 투시경 사진이 공개됐다. 이 사람은 82공수사단장 크리스토퍼 도나휴 육군 소장(少將)이었다. 1992년 미국 육군사관학교를 졸업한 그는 시리아, 이라크, 북아프리카, 동유럽에서의 작전에 참여한 30년 경력의 군인.\n이 사진을 보면서 생각나는 사람이 있었다. 1988년 2월 15일 소련군이 아프가니스탄에서 철수할 때, 아프간 주둔 소련군 40군 사령관이었던 보리스 그로모프 상장(上將)이 바로 그 사람이다. 그는 아프가니스탄전쟁 기간 중 세 차례 파병됐던 역전의 용사였다. 그는 소련(현재의 우즈베키스탄)과 아프가니스탄을 가르는 아무다리야강에 놓인 ‘우정의 다리’ 중간에서 장갑차를 내려 소련 땅으로 걸어 들어왔다. 뒤도 돌아보지 않고 다리를 건넌 그는 기자에게 “내 뒤에는 단 한 명의 소련 병사도 남아 있지 않다. 우리의 9년간 주둔은 이걸로 끝이다”고 말했다.\n이 모습으로 그로모프는 소련의 국민적 영웅으로 각인됐다. 이후 그는 소련군 참모차장, 국방부 차관을 역임한 후 모스크바주 지사를 지냈다. 그는 2001년 10월 미국이 아프간 전쟁을 시작할 때 “미군 특수부대가 러시아로부터 제공 받은 아프가니스탄 정보를 십분 활용한다면 단기간에 승리를 가져올 수 있으리라 본다”면서도 “미국이 탈레반 정권을 지지하는 아프간인 전체를 대상으로 싸운다면 승리할 확률은 거의 제로에 가깝다”고 예견했다. 결국 미국의 아프간 전쟁은 그의 예견대로 되고 말았다.\n",
		"passage_Cnt": 836
	},
	"Annotation": {
		"summary1": "미국 국방부가 아프가니스탄 주둔 미군과 민간인들의 철수를 완료했다고 발표해 아프간전이 공식적으로 끝났다.",
		"summary2": "미국 국방부는 8월 30일 아프가니스탄 주둔 미군과 민간인들의 철수를 완료했다고 발표했다. 이로써 미국 역사상 가장 긴 전쟁이었던 아프간전이 공식적으로 끝났다.",
		"summary3": null,
		"summary_3_cnt": null
	}
}