{
	"Meta(Acqusition)": {
		"doc_id": "REPORT-edit-20036",
		"doc_category": "REPORT",
		"doc_type": "edit",
		"doc_name": "“바이든의 동맹 개선 의지는 중국에 큰 고통이 될 것”",
		"author": null,
		"publisher": null,
		"publisher_year": null,
		"doc_origin": "월간조선"
	},
	"Meta(Refine)": {
		"passage_id": "REPORT-edit-20036-00014",
		"passage": " 여기서 우리는 하버드대학 국제관계학 중국분과 교수인 앨러스테어 이언 존스턴의 ‘자국 예외주의’라는 개념을 상기할 수 있다. 전통적으로 평화와 상호존중을 앞세우나 자국 예외주의에 빠진 국가나 지도자들은 훨씬 호전적이고 공격적이라는 사실이다.\n 평화 지향적이라는 믿음과 현실 정치에서의 세계관 및 정치적 선호도 사이에는 상호 모순되는 관계가 있다. 실제로 베이징 거주민을 대상으로 한 설문조사에서 이러한 모순이 존재함을 확인했다. 조사 결과 ‘중국인은 평화를 사랑하는 민족’이라고 답한 응답자가 미국이나 일본을 우호적으로 보는 수준이 매우 낮았고, 군비지출 확대를 지지하는 비율이 높게 나타났다.\n 이는 미국의 경우에도 다르지 않았다. 미국공공종교연구소(Public Religion Research)의 조사에 따르면, 종교적 신념을 바탕으로 미국 예외주의를 신봉하는 사람은 그렇지 않은 사람보다 군국주의 성향이 더 강하고 고문 사용을 더 지지하는 것으로 나타났다.\n 바이든 당선 이후 한국을 방문한 왕이 중국 외교부장은 “한국 방문이 바이든 정부의 동맹강화에 대비한 것인가”를 묻는 기자에게 느닷없이 “세계평화와 국제공조가 중요하며, 세계에는 미국 이외에 190여 개의 독립국이 있다”고 위압적으로 답했다. 외교부 책임자가 한 나라의 국민을 상대로 마치 질책과 경고의 태도로 ‘세계평화질서’를 말하는 것이 중국 예외주의의 전형이며, 중국 정부와 중국 고위 관료의 태도임을 확인할 수 있었다.\n",
		"passage_Cnt": 722
	},
	"Annotation": {
		"summary1": "미국의 경우 미국공공종교연구소 조사에 따르면 미국 예외주의를 종교적 신념을 바탕으로 신봉하는 사람이 군국주의 성향이 더 강하고 고문 사용을 지지하는 것으로 나타났다.",
		"summary2": "이는 미국의 경우에도 다르지 않았다. 미국공공종교연구소(Public Religion Research)의 조사에 따르면, 종교적 신념을 바탕으로 미국 예외주의를 신봉하는 사람은 그렇지 않은 사람보다 군국주의 성향이 더 강하고 고문 사용을 더 지지하는 것으로 나타났다.",
		"summary3": null,
		"summary_3_cnt": null
	}
}