{
	"Meta(Acqusition)": {
		"doc_id": "REPORT-edit-10009",
		"doc_category": "REPORT",
		"doc_type": "edit",
		"doc_name": "\"對中 의존도 줄여야… 문재인 정부의 一帶一路 협력은 미국과 대립\"",
		"author": null,
		"publisher": null,
		"publisher_year": null,
		"doc_origin": "월간조선"
	},
	"Meta(Refine)": {
		"passage_id": "REPORT-edit-10009-00002",
		"passage": "보고서는 “미중 기술 분쟁은 5G와 반도체를 중심으로 한다”며 “한국은 이 분야가 대중 수출의 47%를 차지해 영향을 미칠 것으로 예상된다. 중국에 진출한 한국계 반도체 및 디스플레이 업체도 직접적인 타격이 불가피하다”고 했다.\n2019년 12월 문재인 대통령과 중국 시진핑 주석을 만나 일대일로를 언급하며 한중 연계 강화를 합의한 내용을 두고 보고서는 “(중국의) 일대일로 전략은 경제적으로는 중국의 새로운 시장인 동시에 중국 기업의 해외 생산 거점을 구축하는 동시에 해당국의 중국에 대한 경제적 의존도를 높임으로써 비경제적 영향력을 확대하는 전략”이라고 했다.\n그러면서 “미국은 일대일로 전략이 미국의 경제적 도전인 동시에 안보 분야 도전의 하나라고 인식하고, 동 사업의 부정적 효과를 들어 비판하고 있다. 일대일로 전략에 대한 대응으로 인도태평양전략을 추구함으로써 중국의 영향력 확대를 견제하고 있다”고 했다.\n이를 종합하면, 문재인 정부의 일대일로 정책협력 강화는 미국의 정책과는 대립한다.\n보고서는 “미중 마찰은 미국과 중국에 대한 의존도가 높은 한국에 직간접 영향이 클 수밖에 없다. 미중 마찰이 장기화‧상시화되는 과정에서 한국 경제와 기업에 대한 실질적 피해를 야기하고 있다. 사안에 따라 미중 양국으로부터 선택의 압박을 받을 가능성도 있다”고 봤다.\n이어 “(미국은) 중국과 인접한 우방국인 한국, 일본, 호주 등과의 다자간 연합을 통해 중국에 대한 압박을 강화해 갈 것으로 예상되며 미중 경쟁의 사안에 따라 미국과 중국으로부터 동시에 선택을 (강요받는) 압박도 받게 될 것”이라고 했다.\n",
		"passage_Cnt": 786
	},
	"Annotation": {
		"summary1": "보고서에는 미중 기술 분쟁은 5G와 반도체를 중심으로 하고 중국에 진출한 한국계 반도체 및 디스플레이 업체도 직접적인 타격이 불가피하다고 했다.",
		"summary2": "보고서는 “미중 기술 분쟁은 5G와 반도체를 중심으로 한다”며 “한국은 이 분야가 대중 수출의 47%를 차지해 영향을 미칠 것으로 예상된다. 중국에 진출한 한국계 반도체 및 디스플레이 업체도 직접적인 타격이 불가피하다”고 했다.",
		"summary3": null,
		"summary_3_cnt": null
	}
}