{
	"Meta(Acqusition)": {
		"doc_id": "REPORT-edit-20035",
		"doc_category": "REPORT",
		"doc_type": "edit",
		"doc_name": "프랑켄슈타인의 제자들과 고독한 영웅들",
		"author": null,
		"publisher": null,
		"publisher_year": null,
		"doc_origin": "월간조선"
	},
	"Meta(Refine)": {
		"passage_id": "REPORT-edit-20035-00011",
		"passage": " 음모론자들은 어디서 그런 황당한 정보를 얻을까? 이들은 미국의 정상적 언론인, 그래서 트럼프에게 비판적인 CNN과 《뉴욕타임스》 《워싱턴포스트》를 보지 않는다. 중립적인 BBC도 보지 않는다. 트럼프의 선전기관 역할을 했던 ‘폭스뉴스’도 트럼프에게 비판적으로 변하자 배척한다. 그 대신 수많은 음모론 사이트나 유튜브를 믿는다. 《뉴욕타임스》 등이 트럼프에게 편파적이기도 하지만, 이런 언론이 적어도 사실 보도에선 충실하다는 점을 간과한다.\n 이들은 미국 민주당도 한국 민주당처럼 좌파라고 착각한다. 민주당에 대한 무조건적 거부감은 복잡한 미국 정치판을 우리 식으로 보고 미국 역사를 제대로 읽지 못한 탓인데, 고정관념에 한번 포로가 되면 좀처럼 헤어나지 못한다.\n 또한 야당인 민주당이 어떻게 공화당 정권하에서 전국적인, 조직적인 부정선거를 저지를 수 있는지에 대한 의문을 갖지 않는다. 확증편향이 되면 자신이 믿는 것과 다른 정보를 배척한다. 조지아주가 공화당 지사의 통치를 받고 있는데, 여기서도 바이든을 당선시키기 위한 개표조작이 있었다고 믿는다.\n 이들은 선거의 안전을 관리하는 미국 국토안보부가, 또 유럽안보협력기구에서 파견한 참관단이 공정한 선거였다고 결론을 내린 것을 무시한다. ‘딥 스테이트(deep state)’를 음모론의 근거로 삼는다. 미국에 딥 스테이트가 굳이 있다면 이는 군대, 기업, 정통 언론, 정통 관료처럼 트럼프보다는 헌법과 국가에 충성하는 세력일 것이다.\n",
		"passage_Cnt": 722
	},
	"Annotation": {
		"summary1": "미국의 정상적 언론인인 음모론자들은 트럼프에게 비판적인 CNN과 중립적인 BBC도 보지 않는다.",
		"summary2": "음모론자들은 어디서 그런 황당한 정보를 얻을까? 이들은 미국의 정상적 언론인, 그래서 트럼프에게 비판적인 CNN과 《뉴욕타임스》 《워싱턴포스트》를 보지 않는다. 중립적인 BBC도 보지 않는다.",
		"summary3": null,
		"summary_3_cnt": null
	}
}