{
	"Meta(Acqusition)": {
		"doc_id": "REPORT-edit-00052",
		"doc_category": "REPORT",
		"doc_type": "edit",
		"doc_name": "【이상곤의 ‘흐름’】 국민의힘 전당대회 막판 변수는 ‘윤석열’?",
		"author": null,
		"publisher": null,
		"publisher_year": null,
		"doc_origin": "월간조선"
	},
	"Meta(Refine)": {
		"passage_id": "REPORT-edit-00052-00002",
		"passage": "강릉 회동을 가진 권 의원측은 “민감한 시기라 전당대회와 관련된 언급은 없었던 것으로 안다”고 말했다. 지난 26일 윤 전 총장과 장시간 회동을 가진 정진석 의원 측도 아직 구체적으로 어떤 말을 나눴는지에 대해서는 언급을 피하고 있다. 하지만 4선, 5선의 국회의원으로 정치 베테랑인 사람들이 윤 전 총장과 만나 전당대회 관련 이야기를 나누지 않았을까. 오랜만에 만났다 해도 정 의원과 권 의원은 윤 전 총장과 그 정도 대화는 가능한 연비연사가 있다. 언급을 않을 뿐이라 봐야 한다.\n당장 윤 전 총장은 전당대회 합동연설회와 TV토론회의 핫이슈로 떠올랐다. 31일 첫 TV토론회에서도 윤 전 총장 등 당 밖 대선주자들의 경선 참여여부가 관심사였다. 이준석 후보는 어김없이 자강론을 주장했지만 나경원·주호영 후보는 ‘통합론’이다. 즉 이준석은 “7월 경선 버스는 예정대로 출발해야 한다”는 것이고 나·주 후보는 공정 대선관리를 위해 ‘단일 플랫폼’을 만들고 이를 위해 9월까지 경선시기를 늦춰야 한다고 주장했다.\n하지만 이는 표면적인 설왕설래이고 후보들의 속내는 다르다. 이준석 후보의 ‘자강론’은 ‘유승민 대통령 만들기’라는 꿈을 실현하겠다는 뜻이 아닐까. 물론 속내는 그럴지 몰라도 공정경선 약속은 잊지 않는다. 나경원 후보는 전당대회 출마 전까지는 ‘자강론’이었다. 스스로 대선출마를 저울질했기 때문이다. 당대표 후보로 방향을 틀면서 일단 윤 전 총장 등 당 밖 인사들의 지원을 염두에 두기 시작했다. 그래서 통합론으로 돌았다.\n",
		"passage_Cnt": 746
	},
	"Annotation": {
		"summary1": "강릉 회동을 가진 권 의원 측은 전당대회와 관련된 언급은 없었던 것으로 안다고 말했고 정 의원 측도 추제적으로 어떤 말을 나눴는지에 대해서는 언급을 피하고 있다.",
		"summary2": "강릉 회동을 가진 권 의원측은 “민감한 시기라 전당대회와 관련된 언급은 없었던 것으로 안다”고 말했다. 지난 26일 윤 전 총장과 장시간 회동을 가진 정진석 의원 측도 아직 구체적으로 어떤 말을 나눴는지에 대해서는 언급을 피하고 있다.",
		"summary3": null,
		"summary_3_cnt": null
	}
}