{
	"Meta(Acqusition)": {
		"doc_id": "REPORT-edit-20051",
		"doc_category": "REPORT",
		"doc_type": "edit",
		"doc_name": "독일 통일은 미국의 ‘힘의 정치’의 소산",
		"author": null,
		"publisher": null,
		"publisher_year": null,
		"doc_origin": "월간조선"
	},
	"Meta(Refine)": {
		"passage_id": "REPORT-edit-20051-00005",
		"passage": " 통일에 대한 주변국의 반대를 꺾어줄 나라가 오로지 미국뿐이라는 사실을 잘 알고 있었던 독일은 미국에 통일을 간청했다. 당시 독일 총리와 외교담당 관리들은 미국을 제집 다니듯 드나들었다고 한다. 이 같은 사실은 독일의 통일을 지켜본 학자·정치가들이 한결같이 증언해주고 있는 사실들이다.\n 한국인으로 독일에서 오랫동안 대학교수를 하며 독일 통일 과정을 지켜본 박성조 교수의 글을 인용해본다.\n “누가 나에게 독일 통일을 이루어낸 요인이 무엇이냐고 묻는다면 세 가지로 요약할 것이다. 미국의 지원과 서독의 경제력, 그리고 서독인의 단결력이었다. 이 중 가장 중요한 것은 미국의 도움이었다. 이는 우리나라 상황에도 그대로 적용된다. 우리가 진실로 통일을 원한다면 이 세 가지 요인을 갖추어야 한다. 특히 미국의 도움이 없으면, 한반도 통일은 절대 불가능하다.”(《한반도 붕괴: 위기의 남북관계 그 새로운 전략과 해법》 중)\n 독일이 통일을 이룩하고 7년 반 정도 지난 무렵인 1998년 5월 14일 베를린 템펠호프공항에서 열린 ‘공중다리 기념식’(베를린공수 기념식) 연설에서 독일 총리 헬무트 콜은 이렇게 말했다.\n “미국의 우애와 파트너십은 독일 대외정책의 근간입니다. 우리는 통일이라는 선물이 주어졌을 때 미국의 결정적인 힘과 의미를 깨달았습니다. 동구 사회주의권에 개혁과 변화의 바람이 불고 베를린장벽이 붕괴되는 순간, 미국과 같이 적극적인 지원과 도움을 주는 나라는 없었습니다. 우리는 이 사실을 결코 잊지 않을 것입니다.”\n",
		"passage_Cnt": 743
	},
	"Annotation": {
		"summary1": "독일은 통일에 대한 주변국에 반대를 꺾어줄 나라가 미국 뿐이라는 사실을 잘 알고 있기에 독일 총리와 외교담당 관리들은 미국을 제집 다니듯 드나들었다.",
		"summary2": "통일에 대한 주변국의 반대를 꺾어줄 나라가 오로지 미국뿐이라는 사실을 잘 알고 있었던 독일은 미국에 통일을 간청했다. 당시 독일 총리와 외교담당 관리들은 미국을 제집 다니듯 드나들었다고 한다.",
		"summary3": null,
		"summary_3_cnt": null
	}
}