{
	"Meta(Acqusition)": {
		"doc_id": "REPORT-edit-00037",
		"doc_category": "REPORT",
		"doc_type": "edit",
		"doc_name": "【서봉대의 ‘되짚기’】 이번 대선에선 어떤 승부수가 통할까? 윤석열, 이재명은...",
		"author": null,
		"publisher": null,
		"publisher_year": null,
		"doc_origin": "월간조선"
	},
	"Meta(Refine)": {
		"passage_id": "REPORT-edit-00037-00003",
		"passage": "당시 더불어민주당 대표였던 문 대통령의 승부수는‘김종인 카드’였다. 2012년 대선에서 박근혜 후보 측 국민행복특위 위원장을 맡아 승리를 이끈 그를 총선 사령탑(비대위원장)으로 영입했던 것.당내 반발도 적잖았지만 승부수는 통했다.총선 결과 수도권 압승에 힘입어 새누리당을 제치고 원내1당으로 부상했던 것.\n이같은 총선 결과를 토대로 문 대통령은2017년 대선 초반전의 기세 싸움에서 앞설 수 있었다.총선 때 호남에선 국민의당에 참패했던 게 부담으로 작용했으나 대선 막판 이 지역 표심을 잡는 데 성공했고 대권을 잡았다.\n더불어민주당 경선에선 정세균-이광재 후보가 선두 주자인 이재명 후보를 겨냥,친문연대를 순차적으로 이어간다는 승부수를 던졌다.이같은 연대가 파괴력을 갖게될 지는 아직 단언하기 어려운 상황이지만 그렇게 될 경우 이에 맞설 이재명 후보의 승부수도 주목된다.\n야권 유력 주자인 윤석열 전 검찰총장도‘빅 플레이트(큰 접시)’구상을 내놨다.보수를 기반으로 중도와 진보까지 망라한 반(反)문재인 연대를 통해 정권을 교체시키겠다는 것이다.\n역대 대선에서 그랬듯 승부수는 대권을 가져다주기도 하고 역풍으로 작용해 자충수,패착으로 귀결되기도 했다.정치적 도박이었던 것이다.승부수가 통하지 않을 땐 또 다른 승부수를 띄우기도 했다.\n세 명의 대통령에게서 보듯 절박감과 타이밍이 무엇보다 중요하다. 2007년 대선때 이명박 후보의 슬로건이었던‘경제 대통령’처럼 유권자들의 불안감을 제대로 포착하는 것도 빼놓을 수 없다.이번 대권을 쟁취할 승부수가 궁금해진다.\n",
		"passage_Cnt": 760
	},
	"Annotation": {
		"summary1": "대선에서 절박감과 타이밍이 무엇보다 중요한 승부수는 대권을 가져다주기도 하고 역풍으로 작용해 패착으로 귀결되기도 한다.",
		"summary2": "세 명의 대통령에게서 보듯 절박감과 타이밍이 무엇보다 중요하다. 역대 대선에서 그랬듯 승부수는 대권을 가져다주기도 하고 역풍으로 작용해 자충수,패착으로 귀결되기도 했다.",
		"summary3": null,
		"summary_3_cnt": null
	}
}