{
	"Meta(Acqusition)": {
		"doc_id": "REPORT-edit-20048",
		"doc_category": "REPORT",
		"doc_type": "edit",
		"doc_name": "개인의 힘으로 各論부터 개혁… ‘떼의 힘’으로 밀어붙이는 한국 386과 대조적",
		"author": null,
		"publisher": null,
		"publisher_year": null,
		"doc_origin": "월간조선"
	},
	"Meta(Refine)": {
		"passage_id": "REPORT-edit-20048-00002",
		"passage": " ‘세대론(世代論)’은 한자와 시리즈 전체를 관통하는 키워드에 해당된다. 재미와 더불어 한자와 열풍이 중국과 한국에까지 불게 된 이유도 여기서 찾을 수 있다. ‘토착왜구’ 논리에 빠진 사람이 ‘왜 일본 드라마까지 봐야 하느냐’고 비난할 경우 제시할 근거도 바로 이 세대론에 있다.\n 너무도 당연한 얘기지만 뭔가 반대한다고 외치기 전에 상대와 주변 환경에 대해 알아야 한다. 아는 만큼 보이고, 배운 만큼 느낄 수 있다. 금융 스토리라는 재미도 있겠지만, 세대론에 근거한 ‘일본 연구 드라마’라는 점에서 한자와 시리즈는 볼 만한 가치가 있다.\n 한자와 시리즈에서의 중요한 포인트 중 하나가 등장인물의 나이다. 시즌1의 부제(副題)는 ‘우리는 버블시대 은행원(オレたちバブル入行組)’ ‘우리는 꽃으로 장식된 버블시대 은행원(オレたち花のバブル組)’이다.\n 지난 7월부터 시작된 시즌2는 ‘잃어버린 세대의 역습(ロスジェネの逆襲)’이란 부제로 출발했다. 제목 자체가 이미 세대론을 배경으로 하고 있다. 한자와 개인적 차원의 얘기만 아닌, 같은 세대의 동료들과 주변 사람들이 한자와 시리즈에 등장한다. 한자와를 앞세운, 한자와 세대 모두가 힘을 합쳐 싸우는 스토리다. 개인보다 집단에 무게중심을 주는 일본문화에서 보듯, 한자와 세대 모두의 얘기다. 따라서 세대론이란 개념 없이는 한자와 시리즈를 제대로 이해할 수 없다.\n 한자와 나오키는 버블시대에 은행원이 된 이른바 ‘버블세대’다. 좁은 의미에서 본 버블세대는 1986~1991년 입사한 사람을 지칭한다. 1960년대 말 출생으로 설정된 한자와는 엄밀하게 보면 버블세대에서 조금 벗어나 있다. 그러나 일본 사회에 풍미한 버블경제는 1995년까지 이어진다. 버블의 감미로운 맛과 무관한, 버블 종착역에 남아 뒤치다꺼리 담당자로 추락한 세대가 한자와다. 그러나 단맛·쓴맛에 관계없이, 아직 버블경제가 진행 중이던 시기에 취직했다는 점에서 광의적 의미로 보면 버블세대에 포함된다.\n",
		"passage_Cnt": 960
	},
	"Annotation": {
		"summary1": "좁은 의미로 버블세대는 1986~1991년에 입사한 사람을 지칭하는데 나오키는 버블시대에 은행원이 된 버블세대다.",
		"summary2": "한자와 나오키는 버블시대에 은행원이 된 이른바 ‘버블세대’다. 좁은 의미에서 본 버블세대는 1986~1991년 입사한 사람을 지칭한다.",
		"summary3": null,
		"summary_3_cnt": null
	}
}