{
	"Meta(Acqusition)": {
		"doc_id": "REPORT-edit-10027",
		"doc_category": "REPORT",
		"doc_type": "edit",
		"doc_name": "유럽축구 '인싸들만의 리그' 탄생... 돈이냐 의리냐",
		"author": null,
		"publisher": null,
		"publisher_year": null,
		"doc_origin": "월간조선"
	},
	"Meta(Refine)": {
		"passage_id": "REPORT-edit-10027-00002",
		"passage": "또 코로나19로 구단의 입장관객 수익이 줄어든데다 축구의 인기가 유럽뿐만 아니라 전세계로 확산된 만큼 전세계 축구팬들을 위해 좀 더 수준높은 리그가 필요하다는 의견도 슈퍼리그의 탄생을 뒷받침했다. 야구의 MLB(메이저리그), 농구의 NBA와 같은 세계 최고의 '원톱 리그'가 필요하다는 찬성 의견도 많다.\n그러나 FIFA(국제축구연맹)와 기존 리그들이 소속된 유럽축구연맹(UEFA)은 격렬하게 반발하며 이를 저지하기 위해 모든 수단을 총동원한다는 계획이다. 특히 슈퍼리그에 참가하는 클럽 선수들은 FIFA가 주관하는 대회 참가를 불허하며, 국가대표팀 차출을 금지하겠다고 경고했다. 전세계에서 유럽 리그로 진출해 뛰는 선수들을 압박하는 것이다. 이 경우 메시(바르셀로나)와 호날두(유벤투스)는 물론 토트넘의 손흥민도 월드컵 등에서 뛸 수 없게 된다.\nFIFA와 UEFA, AFC(아시아축구연맹) 등 6개 축구연맹은 성명서를 내 \"스포츠로서의 가치와 연대, 승격과 강등 그리고 보완성이라는 보편적 원칙은 축구의 전 세계적인 성공을 가능하게 하는 축구계의 기반이며, 축구는 이런 원칙들 덕분에 오랫동안 지속된 성공적인 역사를 가질 수 있었다\"며 슈퍼리그에 반대하고 있다.\n특히 프리미어리그의 본고장인 영국에서는 정치권까지 나섰다. 보리스 존슨 총리는 \"(슈퍼리그 참가 예정인 영국 6개 구단에 대해 \"세계적 브랜드 이상의 의미가 있다\"며 프리미어리그 팀들은 지역을 기반으로 해야 한다는 점을 강조했다.\n",
		"passage_Cnt": 726
	},
	"Annotation": {
		"summary1": "축구의 인기가 유럽뿐만 아니라 전세계로 확산된 만큼 축구팬들을 위해 수준높은 리그가 필요하다는 의견이 나오자 FIFA와 유럽축구연맹은 격렬하게 반발했다.",
		"summary2": "그러나 FIFA(국제축구연맹)와 기존 리그들이 소속된 유럽축구연맹(UEFA)은 격렬하게 반발하며 이를 저지하기 위해 모든 수단을 총동원한다는 계획이다. 또 코로나19로 구단의 입장관객 수익이 줄어든데다 축구의 인기가 유럽뿐만 아니라 전세계로 확산된 만큼 전세계 축구팬들을 위해 좀 더 수준높은 리그가 필요하다는 의견도 슈퍼리그의 탄생을 뒷받침했다. 야구의 MLB(메이저리그), 농구의 NBA와 같은 세계 최고의 '원톱 리그'가 필요하다는 찬성 의견도 많다.",
		"summary3": null,
		"summary_3_cnt": null
	}
}